Canonicalized SMILES,Standardized SMILES,Canonicalized Taste,Source,IUPAC_name
CC=C(C)C(CCC(C)CCCC(C)CCCC(C)C)OC1C(CO)OC(Oc2cc(O)c3c(=O)c(O)c(-c4ccc(OC)c(OC)c4)oc3c2)C(O)C1O,CC=C(C)C(CCC(C)CCCC(C)CCCC(C)C)OC1C(CO)OC(Oc2cc(O)c3c(=O)c(O)c(-c4ccc(OC)c(OC)c4)oc3c2)C(O)C1O,sweet,flavor_db,"7-[3,4-dihydroxy-6-(hydroxymethyl)-5-(3,7,11,15-tetramethylhexadec-2-en-4-yloxy)oxan-2-yl]oxy-2-(3,4-dimethoxyphenyl)-3,5-dihydroxychromen-4-one"
OC1COC(O)(C(O)F)C(O)C1O,OC1COC(O)(C(O)F)C(O)C1O,sweet,flavor_db,"2-[fluoro(hydroxy)methyl]oxane-2,3,4,5-tetrol"
COc1cc(-c2oc3cc(O)cc(O)c3c(=O)c2OC2OC(C)C(O)C(O)C2OC2OCC(O)C(O)C2O)ccc1O,COc1cc(-c2oc3cc(O)cc(O)c3c(=O)c2OC2OC(C)C(O)C(O)C2OC2OCC(O)C(O)C2O)ccc1O,sweet,flavor_db,"3-[4,5-dihydroxy-6-methyl-3-(3,4,5-trihydroxyoxan-2-yl)oxyoxan-2-yl]oxy-5,7-dihydroxy-2-(4-hydroxy-3-methoxyphenyl)chromen-4-one"
CC1(C)CCC2(COC3OC(CO)C(O)C(O)C3O)C(O)CC3(C)C(=CCC4C5(C)CCC(OC6OC(C(=O)O)C(O)C(OC7OC(CO)C(O)C(O)C7O)C6O)C(C)(C)C5CCC43C)C2C1,CC1(C)CCC2(COC3OC(CO)C(O)C(O)C3O)C(O)CC3(C)C(=CCC4C5(C)CCC(OC6OC(C(=O)O)C(O)C(OC7OC(CO)C(O)C(O)C7O)C6O)C(C)(C)C5CCC43C)C2C1,sweet,flavor_db,"3,5-dihydroxy-6-[[8-hydroxy-4,4,6a,6b,11,11,14b-heptamethyl-8a-[[3,4,5-trihydroxy-6-(hydroxymethyl)oxan-2-yl]oxymethyl]-1,2,3,4a,5,6,7,8,9,10,12,12a,14,14a-tetradecahydropicen-3-yl]oxy]-4-[3,4,5-trihydroxy-6-(hydroxymethyl)oxan-2-yl]oxyoxane-2-carboxylic acid"
OC1COC(OC2COC(O)C(O)C2O)C(O)C1O,OC1COC(OC2COC(O)C(O)C2O)C(O)C1O,sweet,chemtastes_db,"2-(4,5,6-trihydroxyoxan-3-yl)oxyoxane-3,4,5-triol"
OCC(O)CC(O)CC(O)CO,OCC(O)CC(O)CC(O)CO,sweet,flavor_db,"heptane-1,2,4,6,7-pentol"
CC(O)C(O)C(O)C(O)CO,CC(O)C(O)C(O)C(O)CO,sweet,flavor_db,"hexane-1,2,3,4,5-pentol"
CCOC(=O)CC(C)S,CCOC(=O)CC(C)S,sweet,flavor_db,ethyl 3-sulfanylbutanoate
CC1(C)CCC2(C(=O)OC3OC(CO)C(O)C(O)C3O)CCC3(C)C(=CCC4C5(C)CC(O)C(OC6OC(C(=O)O)C(O)C(OC7OC(CO)C(O)C(O)C7O)C6O)C(C)(C)C5CCC43C)C2C1,CC1(C)CCC2(C(=O)OC3OC(CO)C(O)C(O)C3O)CCC3(C)C(=CCC4C5(C)CC(O)C(OC6OC(C(=O)O)C(O)C(OC7OC(CO)C(O)C(O)C7O)C6O)C(C)(C)C5CCC43C)C2C1,sweet,flavor_db,"3,5-dihydroxy-6-[[2-hydroxy-4,4,6a,6b,11,11,14b-heptamethyl-8a-[3,4,5-trihydroxy-6-(hydroxymethyl)oxan-2-yl]oxycarbonyl-1,2,3,4a,5,6,7,8,9,10,12,12a,14,14a-tetradecahydropicen-3-yl]oxy]-4-[3,4,5-trihydroxy-6-(hydroxymethyl)oxan-2-yl]oxyoxane-2-carboxylic acid"
OCC(O)C1OC(OC2C(O)OC(CO)C(O)C2O)C(O)C1O,OCC(O)C1OC(OC2C(O)OC(CO)C(O)C2O)C(O)C1O,sweet,flavor_db,"3-[5-(1,2-dihydroxyethyl)-3,4-dihydroxyoxolan-2-yl]oxy-6-(hydroxymethyl)oxane-2,4,5-triol"
NC(=O)CC(N)C(=O)NC(CC(=O)O)C(=O)NC(CC(=O)O)C(=O)NC(Cc1ccccc1)C(=O)O,NC(=O)CC(N)C(=O)NC(CC(=O)O)C(=O)NC(CC(=O)O)C(=O)NC(Cc1ccccc1)C(=O)O,sweet,flavor_db,"4-[[3-carboxy-1-[(1-carboxy-2-phenylethyl)amino]-1-oxopropan-2-yl]amino]-3-[(2,4-diamino-4-oxobutanoyl)amino]-4-oxobutanoic acid"
CCCCCCC=CC(=O)OC,CCCCCCC=CC(=O)OC,sweet,flavor_db,methyl non-2-enoate
NCCCCC(NC(=O)CNC(=O)C(Cc1ccccc1)NC(=O)C(N)CC(N)=O)C(=O)O,NCCCCC(NC(=O)CNC(=O)C(Cc1ccccc1)NC(=O)C(N)CC(N)=O)C(=O)O,sweet,flavor_db,"6-amino-2-[[2-[[2-[(2,4-diamino-4-oxobutanoyl)amino]-3-phenylpropanoyl]amino]acetyl]amino]hexanoic acid"
CCCOC1OC(COC2OCC(O)C(O)C2O)C(O)C(O)C1O,CCCOC1OC(COC2OCC(O)C(O)C2O)C(O)C(O)C1O,sweet,flavor_db,"2-propoxy-6-[(3,4,5-trihydroxyoxan-2-yl)oxymethyl]oxane-3,4,5-triol"
COc1c(OC2OC(CO)C(O)C(O)C2O)cc2occ(-c3ccc(O)c(O)c3)c(=O)c2c1O,COc1c(OC2OC(CO)C(O)C(O)C2O)cc2occ(-c3ccc(O)c(O)c3)c(=O)c2c1O,sweet,flavor_db,"3-(3,4-dihydroxyphenyl)-5-hydroxy-6-methoxy-7-[3,4,5-trihydroxy-6-(hydroxymethyl)oxan-2-yl]oxychromen-4-one"
Cc1ccccc1N=NC(=NNc1ccccc1)c1ccccc1,Cc1ccccc1N=NC(=NNc1ccccc1)c1ccccc1,sweet,flavor_db,N'-anilino-N-(2-methylphenyl)iminobenzenecarboximidamide
CC1OC(OC2C(Oc3ccc(-c4cc(=O)c5c(O)cc(O)cc5o4)cc3OC3OC(CO)C(O)C(O)C3O)OC(CO)C(O)C2O)C(O)C(O)C1O,CC1OC(OC2C(Oc3ccc(-c4cc(=O)c5c(O)cc(O)cc5o4)cc3OC3OC(CO)C(O)C(O)C3O)OC(CO)C(O)C2O)C(O)C(O)C1O,sweet,flavor_db,"2-[4-[4,5-dihydroxy-6-(hydroxymethyl)-3-(3,4,5-trihydroxy-6-methyloxan-2-yl)oxyoxan-2-yl]oxy-3-[3,4,5-trihydroxy-6-(hydroxymethyl)oxan-2-yl]oxyphenyl]-5,7-dihydroxychromen-4-one"
OCC(O)C(O)C(O)C(O)COC1OC(CO)C(O)C(O)C1O,OCC(O)C(O)C(O)C(O)COC1OC(CO)C(O)C(O)C1O,sweet,chemtastes_db,"6-[3,4,5-trihydroxy-6-(hydroxymethyl)oxan-2-yl]oxyhexane-1,2,3,4,5-pentol"
COC(=O)C(C)(Cc1ccccc1)N(CCC(C)(C)C)C(=O)C(N)CC(=O)O,COC(=O)C(C)(Cc1ccccc1)N(CCC(C)(C)C)C(=O)C(N)CC(=O)O,sweet,flavor_db,"3-amino-4-[3,3-dimethylbutyl-(1-methoxy-2-methyl-1-oxo-3-phenylpropan-2-yl)amino]-4-oxobutanoic acid"
O=C1CC(c2ccc(O)c(OC3OC(CO)C(O)C(O)C3O)c2)Oc2cc(OC3OC(CO)C(O)C(O)C3O)ccc21,O=C1CC(c2ccc(O)c(OC3OC(CO)C(O)C(O)C3O)c2)Oc2cc(OC3OC(CO)C(O)C(O)C3O)ccc21,sweet,flavor_db,"2-[4-hydroxy-3-[3,4,5-trihydroxy-6-(hydroxymethyl)oxan-2-yl]oxyphenyl]-7-[3,4,5-trihydroxy-6-(hydroxymethyl)oxan-2-yl]oxy-2,3-dihydrochromen-4-one"
NC(CC(=O)O)C(=O)NC(Cc1ccccc1)C(=O)NC(Cc1ccccc1)C(=O)O,NC(CC(=O)O)C(=O)NC(Cc1ccccc1)C(=O)NC(Cc1ccccc1)C(=O)O,sweet,flavor_db,3-amino-4-[[1-[(1-carboxy-2-phenylethyl)amino]-1-oxo-3-phenylpropan-2-yl]amino]-4-oxobutanoic acid
CC1OC(Oc2cc(-c3oc4cc(O)cc(O)c4c(=O)c3O)cc(O)c2O)C(O)C(OC2OC(CO)C(O)C(O)C2O)C1O,CC1OC(Oc2cc(-c3oc4cc(O)cc(O)c4c(=O)c3O)cc(O)c2O)C(O)C(OC2OC(CO)C(O)C(O)C2O)C1O,sweet,flavor_db,"2-[3-[3,5-dihydroxy-6-methyl-4-[3,4,5-trihydroxy-6-(hydroxymethyl)oxan-2-yl]oxyoxan-2-yl]oxy-4,5-dihydroxyphenyl]-3,5,7-trihydroxychromen-4-one"
CC(=O)OC1C(C(=O)O)OC(OC2C(O)CC3(C)C(CCC4(C)C3CC=C3C5CC(C)(C)CCC5C(O)C(=O)C34C)C2(C)C(=O)O)C(O)C1O,CC(=O)OC1C(C(=O)O)OC(OC2C(O)CC3(C)C(CCC4(C)C3CC=C3C5CC(C)(C)CCC5C(O)C(=O)C34C)C2(C)C(=O)O)C(O)C1O,sweet,flavor_db,"3-acetyloxy-6-[(4-carboxy-2,8-dihydroxy-4,6a,6b,11,11,14b-hexamethyl-7-oxo-1,2,3,4a,5,6,8,8a,9,10,12,12a,14,14a-tetradecahydropicen-3-yl)oxy]-4,5-dihydroxyoxane-2-carboxylic acid"
COCC1OC(OC2C(CO)OC(O)C(O)C2O)C(O)C(O)C1O,COCC1OC(OC2C(CO)OC(O)C(O)C2O)C(O)C(O)C1O,sweet,flavor_db,"6-(hydroxymethyl)-5-[3,4,5-trihydroxy-6-(methoxymethyl)oxan-2-yl]oxyoxane-2,3,4-triol"
CCCCC(NC=O)C(=O)NC(CC(C)C)C(=O)NC(Cc1ccccc1)C(=O)OC,CCCCC(NC=O)C(=O)NC(CC(C)C)C(=O)NC(Cc1ccccc1)C(=O)OC,sweet,flavor_db,methyl 2-[[2-(2-formamidohexanoylamino)-4-methylpentanoyl]amino]-3-phenylpropanoate
O[C]C(O)C(O)C(O)C(O)[C]O,O[C]C(O)C(O)C(O)C(O)[C]O,sweet,flavor_db,"hexane-1,2,3,4,5,6-hexol"
CC(=O)OC1C(OC(=O)CC(C)C)C2(CO)C(OC(C)=O)CC3(C)C(=CCC4C5(C)CCC(OC6OC(C(=O)O)C(OC7OC(C)C(O)C(O)C7O)C(O)C6O)C(C)(C)C5CCC43C)C2CC1(C)C,CC(=O)OC1C(OC(=O)CC(C)C)C2(CO)C(OC(C)=O)CC3(C)C(=CCC4C5(C)CCC(OC6OC(C(=O)O)C(OC7OC(C)C(O)C(O)C7O)C(O)C6O)C(C)(C)C5CCC43C)C2CC1(C)C,sweet,flavor_db,"6-[[8,10-diacetyloxy-8a-(hydroxymethyl)-4,4,6a,6b,11,11,14b-heptamethyl-9-(3-methylbutanoyloxy)-1,2,3,4a,5,6,7,8,9,10,12,12a,14,14a-tetradecahydropicen-3-yl]oxy]-4,5-dihydroxy-3-(3,4,5-trihydroxy-6-methyloxan-2-yl)oxyoxane-2-carboxylic acid"
CC(N)C(=O)NC(C)C(=O)NC(CCC(N)=O)C(=O)NC(Cc1ccccc1)C(=O)O,CC(N)C(=O)NC(C)C(=O)NC(CCC(N)=O)C(=O)NC(Cc1ccccc1)C(=O)O,sweet,flavor_db,2-[[5-amino-2-[2-(2-aminopropanoylamino)propanoylamino]-5-oxopentanoyl]amino]-3-phenylpropanoic acid
CC(NC(=O)C(N)CC(=O)O)C(=O)NC(CCC(=O)O)C(=O)NC(Cc1ccccc1)C(=O)O,CC(NC(=O)C(N)CC(=O)O)C(=O)NC(CCC(=O)O)C(=O)NC(Cc1ccccc1)C(=O)O,sweet,flavor_db,4-[2-[(2-amino-3-carboxypropanoyl)amino]propanoylamino]-5-[(1-carboxy-2-phenylethyl)amino]-5-oxopentanoic acid
NCCCCC(N)C(=O)NC(CC(N)=O)C(=O)NC(CCCCN)C(=O)NC(Cc1ccccc1)C(=O)O,NCCCCC(N)C(=O)NC(CC(N)=O)C(=O)NC(CCCCN)C(=O)NC(Cc1ccccc1)C(=O)O,sweet,flavor_db,"2-[[6-amino-2-[[4-amino-2-(2,6-diaminohexanoylamino)-4-oxobutanoyl]amino]hexanoyl]amino]-3-phenylpropanoic acid"
COc1cc(O)c2c(=O)c3c(OC4OC(CO)C(O)C(O)C4O)ccc(O)c3oc2c1,COc1cc(O)c2c(=O)c3c(OC4OC(CO)C(O)C(O)C4O)ccc(O)c3oc2c1,sweet,flavor_db,"1,5-dihydroxy-3-methoxy-8-[3,4,5-trihydroxy-6-(hydroxymethyl)oxan-2-yl]oxyxanthen-9-one"
NCCCCC(N)C(=O)NC(CC(N)=O)C(=O)NC(Cc1ccccc1)C(=O)O,NCCCCC(N)C(=O)NC(CC(N)=O)C(=O)NC(Cc1ccccc1)C(=O)O,sweet,flavor_db,"2-[[4-amino-2-(2,6-diaminohexanoylamino)-4-oxobutanoyl]amino]-3-phenylpropanoic acid"
CC1(C(=O)O)CCC2(C)CCC3(C)C(=CC(=O)C4C5(C)CCC(OC6OC(C(=O)O)C(O)C(O)C6OC6OC(C(=O)O)C(OC7OC(CO)C(O)C(O)C7O)C(O)C6O)C(C)(C)C5CCC43C)C2C1,CC1(C(=O)O)CCC2(C)CCC3(C)C(=CC(=O)C4C5(C)CCC(OC6OC(C(=O)O)C(O)C(O)C6OC6OC(C(=O)O)C(OC7OC(CO)C(O)C(O)C7O)C(O)C6O)C(C)(C)C5CCC43C)C2C1,sweet,flavor_db,"6-[(11-carboxy-4,4,6a,6b,8a,11,14b-heptamethyl-14-oxo-2,3,4a,5,6,7,8,9,10,12,12a,14a-dodecahydro-1H-picen-3-yl)oxy]-5-[6-carboxy-3,4-dihydroxy-5-[3,4,5-trihydroxy-6-(hydroxymethyl)oxan-2-yl]oxyoxan-2-yl]oxy-3,4-dihydroxyoxane-2-carboxylic acid"
COc1ccc(CCC(=O)c2c(O)cc(OC3C(OC4C(O)OC(CO)C(O)C4O)OC(C)C(O)C3O)cc2O)cc1O,COc1ccc(CCC(=O)c2c(O)cc(OC3C(OC4C(O)OC(CO)C(O)C4O)OC(C)C(O)C3O)cc2O)cc1O,sweet,flavor_db,"1-[4-[4,5-dihydroxy-6-methyl-2-[2,4,5-trihydroxy-6-(hydroxymethyl)oxan-3-yl]oxyoxan-3-yl]oxy-2,6-dihydroxyphenyl]-3-(3-hydroxy-4-methoxyphenyl)propan-1-one"
NCCCCC(NC(=O)C(N)CC(N)=O)C(=O)NC(Cc1ccccc1)C(=O)O,NCCCCC(NC(=O)C(N)CC(N)=O)C(=O)NC(Cc1ccccc1)C(=O)O,sweet,flavor_db,"2-[[6-amino-2-[(2,4-diamino-4-oxobutanoyl)amino]hexanoyl]amino]-3-phenylpropanoic acid"
NC(=O)CC(NC(=O)C(CC(N)=O)NC(=O)C(CC(=O)O)NC(=O)C(N)Cc1ccccc1)C(=O)O,NC(=O)CC(NC(=O)C(CC(N)=O)NC(=O)C(CC(=O)O)NC(=O)C(N)Cc1ccccc1)C(=O)O,sweet,flavor_db,4-amino-2-[[4-amino-2-[[2-[(2-amino-3-phenylpropanoyl)amino]-3-carboxypropanoyl]amino]-4-oxobutanoyl]amino]-4-oxobutanoic acid
COC(=O)C1OC(OC2CCC3(C)C(CCC4(C)C3CC=C3C5CC(C)(C(=O)OC)CC(O)C5(C)CCC34C)C2(C)CO)C(OC2OC(CO)C(O)C(O)C2OC2OC(C)C(O)C(O)C2O)C(O)C1O,COC(=O)C1OC(OC2CCC3(C)C(CCC4(C)C3CC=C3C5CC(C)(C(=O)OC)CC(O)C5(C)CCC34C)C2(C)CO)C(OC2OC(CO)C(O)C(O)C2OC2OC(C)C(O)C(O)C2O)C(O)C1O,sweet,flavor_db,"methyl 5-[4,5-dihydroxy-6-(hydroxymethyl)-3-(3,4,5-trihydroxy-6-methyloxan-2-yl)oxyoxan-2-yl]oxy-3,4-dihydroxy-6-[[9-hydroxy-4-(hydroxymethyl)-11-methoxycarbonyl-4,6a,6b,8a,11,14b-hexamethyl-1,2,3,4a,5,6,7,8,9,10,12,12a,14,14a-tetradecahydropicen-3-yl]oxy]oxane-2-carboxylate"
COC1C(C)OC(O)CC1(C)O,COC1C(C)OC(O)CC1(C)O,sweet,flavor_db,"5-methoxy-4,6-dimethyloxane-2,4-diol"
CC1OC(OC2C(Oc3c(-c4ccc(O)c(O)c4)oc4cc(O)cc(O)c4c3=O)OCC(O)C2O)C(O)C(O)C1O,CC1OC(OC2C(Oc3c(-c4ccc(O)c(O)c4)oc4cc(O)cc(O)c4c3=O)OCC(O)C2O)C(O)C(O)C1O,sweet,flavor_db,"2-(3,4-dihydroxyphenyl)-3-[4,5-dihydroxy-3-(3,4,5-trihydroxy-6-methyloxan-2-yl)oxyoxan-2-yl]oxy-5,7-dihydroxychromen-4-one"
CC(C)COC(=O)Cc1ccccc1,CC(C)COC(=O)Cc1ccccc1,sweet,flavor_db,2-methylpropyl 2-phenylacetate
CC(C)C(=O)OCC(CO)NC(=O)C(N)CC(=O)O,CC(C)C(=O)OCC(CO)NC(=O)C(N)CC(=O)O,sweet,chemtastes_db,3-amino-4-[[1-hydroxy-3-(2-methylpropanoyloxy)propan-2-yl]amino]-4-oxobutanoic acid
CC(C)=CCCC(C)CCOC(=O)C(C)C,CC(C)=CCCC(C)CCOC(=O)C(C)C,sweet,flavor_db,"3,7-dimethyloct-6-enyl 2-methylpropanoate"
CC(C)OC1OC(COC2OCC(O)(CO)C2O)C(O)C(O)C1O,CC(C)OC1OC(COC2OCC(O)(CO)C2O)C(O)C(O)C1O,sweet,flavor_db,"2-[[3,4-dihydroxy-4-(hydroxymethyl)oxolan-2-yl]oxymethyl]-6-propan-2-yloxyoxane-3,4,5-triol"
CCOC(=O)CNC(=O)C(Cc1ccccc1)NC(=O)C(N)CC(=O)O,CCOC(=O)CNC(=O)C(Cc1ccccc1)NC(=O)C(N)CC(=O)O,sweet,flavor_db,3-amino-4-[[1-[(2-ethoxy-2-oxoethyl)amino]-1-oxo-3-phenylpropan-2-yl]amino]-4-oxobutanoic acid
NC(=O)CC(NC(=O)C(CC(N)=O)NC(=O)CNC(=O)C(N)Cc1ccccc1)C(=O)O,NC(=O)CC(NC(=O)C(CC(N)=O)NC(=O)CNC(=O)C(N)Cc1ccccc1)C(=O)O,sweet,flavor_db,4-amino-2-[[4-amino-2-[[2-[(2-amino-3-phenylpropanoyl)amino]acetyl]amino]-4-oxobutanoyl]amino]-4-oxobutanoic acid
COC(=O)C1OC(OC2CCC3(C)C(CCC4(C)C3CC=C3C5C(C)C(C)CCC5(C(=O)O)CCC34C)C2(C)C)C(O)C(OC2OC(CO)C(O)C(O)C2O)C1O,COC(=O)C1OC(OC2CCC3(C)C(CCC4(C)C3CC=C3C5C(C)C(C)CCC5(C(=O)O)CCC34C)C2(C)C)C(O)C(OC2OC(CO)C(O)C(O)C2O)C1O,sweet,flavor_db,"10-[3,5-dihydroxy-6-methoxycarbonyl-4-[3,4,5-trihydroxy-6-(hydroxymethyl)oxan-2-yl]oxyoxan-2-yl]oxy-1,2,6a,6b,9,9,12a-heptamethyl-2,3,4,5,6,6a,7,8,8a,10,11,12,13,14b-tetradecahydro-1H-picene-4a-carboxylic acid"
COc1cc(-c2cc(=O)c3c(O)cc(OC4OCC(O)C(O)C4O)cc3o2)ccc1OC1OCC(O)C(O)C1O,COc1cc(-c2cc(=O)c3c(O)cc(OC4OCC(O)C(O)C4O)cc3o2)ccc1OC1OCC(O)C(O)C1O,sweet,flavor_db,"5-hydroxy-2-[3-methoxy-4-(3,4,5-trihydroxyoxan-2-yl)oxyphenyl]-7-(3,4,5-trihydroxyoxan-2-yl)oxychromen-4-one"
NCCCCNc1nc2c(N)ncnc2n1C1OC2COP(=O)(O)OC2C1O,NCCCCNc1nc2c(N)ncnc2n1C1OC2COP(=O)(O)OC2C1O,sweet,flavor_db,"6-[6-amino-8-(4-aminobutylamino)purin-9-yl]-2-hydroxy-2-oxo-4a,6,7,7a-tetrahydro-4H-furo[3,2-d][1,3,2]dioxaphosphinin-7-ol"
NCC(=O)NC(CCC(=O)O)C(=O)NC(CC(=O)O)C(=O)NC(Cc1ccccc1)C(=O)O,NCC(=O)NC(CCC(=O)O)C(=O)NC(CC(=O)O)C(=O)NC(Cc1ccccc1)C(=O)O,sweet,flavor_db,4-[(2-aminoacetyl)amino]-5-[[3-carboxy-1-[(1-carboxy-2-phenylethyl)amino]-1-oxopropan-2-yl]amino]-5-oxopentanoic acid
CCC(C)C(N)C(=O)NC(CC(=O)O)C(=O)NC(CCCCN)C(=O)NC(Cc1ccccc1)C(=O)O,CCC(C)C(N)C(=O)NC(CC(=O)O)C(=O)NC(CCCCN)C(=O)NC(Cc1ccccc1)C(=O)O,sweet,flavor_db,4-[[6-amino-1-[(1-carboxy-2-phenylethyl)amino]-1-oxohexan-2-yl]amino]-3-[(2-amino-3-methylpentanoyl)amino]-4-oxobutanoic acid
C=C1CCC2(C(=O)OC3OC(CO)C(O)C(O)C3O)CCC3(C)C(=CCC4C5(C)CC(O)C(OC6OC(C(=O)O)C(O)C(O)C6O)C(C)(CO)C5CCC43C)C2C1,C=C1CCC2(C(=O)OC3OC(CO)C(O)C(O)C3O)CCC3(C)C(=CCC4C5(C)CC(O)C(OC6OC(C(=O)O)C(O)C(O)C6O)C(C)(CO)C5CCC43C)C2C1,sweet,flavor_db,"3,4,5-trihydroxy-6-[[2-hydroxy-4-(hydroxymethyl)-4,6a,6b,14b-tetramethyl-11-methylidene-8a-[3,4,5-trihydroxy-6-(hydroxymethyl)oxan-2-yl]oxycarbonyl-1,2,3,4a,5,6,7,8,9,10,12,12a,14,14a-tetradecahydropicen-3-yl]oxy]oxane-2-carboxylic acid"
COc1ccc(-c2cc(=O)c3c(O)c(OC)c(OC4OC(COC5OC(C)C(O)C(O)C5O)C(O)C(O)C4O)cc3o2)cc1,COc1ccc(-c2cc(=O)c3c(O)c(OC)c(OC4OC(COC5OC(C)C(O)C(O)C5O)C(O)C(O)C4O)cc3o2)cc1,sweet,flavor_db,"5-hydroxy-6-methoxy-2-(4-methoxyphenyl)-7-[3,4,5-trihydroxy-6-[(3,4,5-trihydroxy-6-methyloxan-2-yl)oxymethyl]oxan-2-yl]oxychromen-4-one"
CCCCCCCCCC1CCCC(=O)O1,CCCCCCCCCC1CCCC(=O)O1,sweet,flavor_db,6-nonyloxan-2-one
COc1cc(OC2OC(CO)C(O)C(O)C2O)c2c(=O)c3c(O)ccc(OC)c3oc2c1,COc1cc(OC2OC(CO)C(O)C(O)C2O)c2c(=O)c3c(O)ccc(OC)c3oc2c1,sweet,flavor_db,"8-hydroxy-3,5-dimethoxy-1-[3,4,5-trihydroxy-6-(hydroxymethyl)oxan-2-yl]oxyxanthen-9-one"
COC(=O)C(Cc1ccccc1)NC(=O)C(N)CCc1ccccc1,COC(=O)C(Cc1ccccc1)NC(=O)C(N)CCc1ccccc1,sweet,flavor_db,methyl 2-[(2-amino-4-phenylbutanoyl)amino]-3-phenylpropanoate
COCC1OC(OC)CC(O)C1O,COCC1OC(OC)CC(O)C1O,sweet,flavor_db,"6-methoxy-2-(methoxymethyl)oxane-3,4-diol"
CC(NC(=O)C(CCC(=O)O)NC(=O)C(N)CC(=O)O)C(=O)NC(Cc1ccccc1)C(=O)O,CC(NC(=O)C(CCC(=O)O)NC(=O)C(N)CC(=O)O)C(=O)NC(Cc1ccccc1)C(=O)O,sweet,flavor_db,4-[(2-amino-3-carboxypropanoyl)amino]-5-[[1-[(1-carboxy-2-phenylethyl)amino]-1-oxopropan-2-yl]amino]-5-oxopentanoic acid
COC1OC(CO)C(O)C(O)C1OC1OC(CO)C(O)C(O)C1O,COC1OC(CO)C(O)C(O)C1OC1OC(CO)C(O)C(O)C1O,sweet,flavor_db,"2-[4,5-dihydroxy-6-(hydroxymethyl)-2-methoxyoxan-3-yl]oxy-6-(hydroxymethyl)oxane-3,4,5-triol"
O=c1c(-c2ccc(O)cc2)coc2c(O)c(OC3OC(CO)C(O)C(O)C3O)ccc12,O=c1c(-c2ccc(O)cc2)coc2c(O)c(OC3OC(CO)C(O)C(O)C3O)ccc12,sweet,flavor_db,"8-hydroxy-3-(4-hydroxyphenyl)-7-[3,4,5-trihydroxy-6-(hydroxymethyl)oxan-2-yl]oxychromen-4-one"
CC(NC(=O)C(N)CC(=O)O)C(=O)NC(Cc1ccccc1)C(=O)NC(C(=O)O)C(C)C,CC(NC(=O)C(N)CC(=O)O)C(=O)NC(Cc1ccccc1)C(=O)NC(C(=O)O)C(C)C,sweet,flavor_db,2-[[2-[2-[(2-amino-3-carboxypropanoyl)amino]propanoylamino]-3-phenylpropanoyl]amino]-3-methylbutanoic acid
Nc1ccc(C(N=Nc2ccccc2)=NNc2ccccc2)cc1,Nc1ccc(C(N=Nc2ccccc2)=NNc2ccccc2)cc1,sweet,flavor_db,4-amino-N'-anilino-N-phenyliminobenzenecarboximidamide
COC1OC(C(O)CO)C(O)C(O)C1O,COC1OC(C(O)CO)C(O)C(O)C1O,sweet,flavor_db,"2-(1,2-dihydroxyethyl)-6-methoxyoxane-3,4,5-triol"
O=c1cc(-c2ccc(O)c(O)c2)oc2cc(OC3OC(CO)C(O)C(O)C3O)c(O)c(O)c12,O=c1cc(-c2ccc(O)c(O)c2)oc2cc(OC3OC(CO)C(O)C(O)C3O)c(O)c(O)c12,sweet,flavor_db,"2-(3,4-dihydroxyphenyl)-5,6-dihydroxy-7-[3,4,5-trihydroxy-6-(hydroxymethyl)oxan-2-yl]oxychromen-4-one"
OCCCCCOC1OC(CO)C(O)C(O)C1O,OCCCCCOC1OC(CO)C(O)C(O)C1O,sweet,flavor_db,"2-(hydroxymethyl)-6-(5-hydroxypentoxy)oxane-3,4,5-triol"
OCC1OC(O)C(O)C(O)C1O,OCC1OC(O)C(O)C(O)C1O,sweet,chemtastes_db,"6-(hydroxymethyl)oxane-2,3,4,5-tetrol"
NC(CS)C(=O)NC(CC(=O)O)C(=O)NC(Cc1ccccc1)C(=O)O,NC(CS)C(=O)NC(CC(=O)O)C(=O)NC(Cc1ccccc1)C(=O)O,sweet,flavor_db,3-[(2-amino-3-sulfanylpropanoyl)amino]-4-[(1-carboxy-2-phenylethyl)amino]-4-oxobutanoic acid
CC1(C(=O)O)CCC2(C)CCC3(C)C(=CC(=O)C4C5(C)CCC(OC6OC(C(=O)CO)C(O)C(O)C6O)C(C)(C)C5CCC43C)C2C1,CC1(C(=O)O)CCC2(C)CCC3(C)C(=CC(=O)C4C5(C)CCC(OC6OC(C(=O)CO)C(O)C(O)C6O)C(C)(C)C5CCC43C)C2C1,sweet,flavor_db,"2,4a,6a,6b,9,9,12a-heptamethyl-13-oxo-10-[3,4,5-trihydroxy-6-(2-hydroxyacetyl)oxan-2-yl]oxy-3,4,5,6,6a,7,8,8a,10,11,12,14b-dodecahydro-1H-picene-2-carboxylic acid"
CC1OC(OC2C(O)C(C)OC(O)C2O)C(O)C(O)C1O,CC1OC(OC2C(O)C(C)OC(O)C2O)C(O)C(O)C1O,sweet,flavor_db,"6-methyl-4-(3,4,5-trihydroxy-6-methyloxan-2-yl)oxyoxane-2,3,5-triol"
CC(N)C(=O)NC(Cc1ccccc1)C(=O)NC(CCCCN)C(=O)NC(CC(N)=O)C(=O)O,CC(N)C(=O)NC(Cc1ccccc1)C(=O)NC(CCCCN)C(=O)NC(CC(N)=O)C(=O)O,sweet,flavor_db,4-amino-2-[[6-amino-2-[[2-(2-aminopropanoylamino)-3-phenylpropanoyl]amino]hexanoyl]amino]-4-oxobutanoic acid
OCC1OC(OCC2OC(O)C(O)CC2O)C(O)C(O)C1O,OCC1OC(OCC2OC(O)C(O)CC2O)C(O)C(O)C1O,sweet,flavor_db,"2-(hydroxymethyl)-6-[(3,5,6-trihydroxyoxan-2-yl)methoxy]oxane-3,4,5-triol"
COc1cc(-c2cc(=O)c3c(O)cc(O)cc3o2)cc(OC)c1OC1OC(CO)C(O)C(O)C1O,COc1cc(-c2cc(=O)c3c(O)cc(O)cc3o2)cc(OC)c1OC1OC(CO)C(O)C(O)C1O,sweet,flavor_db,"2-[3,5-dimethoxy-4-[3,4,5-trihydroxy-6-(hydroxymethyl)oxan-2-yl]oxyphenyl]-5,7-dihydroxychromen-4-one"
OCCCC(O)C(O)CCO,OCCCC(O)C(O)CCO,sweet,flavor_db,"heptane-1,3,4,7-tetrol"
OCC1OC(O)C(O)C(OC2OCC(O)C(O)C2O)C1O,OCC1OC(O)C(O)C(OC2OCC(O)C(O)C2O)C1O,sweet,flavor_db,"6-(hydroxymethyl)-4-(3,4,5-trihydroxyoxan-2-yl)oxyoxane-2,3,5-triol"
CNC(=O)C(Cc1ccccc1)NC(=O)C(N)CC(=O)O,CNC(=O)C(Cc1ccccc1)NC(=O)C(N)CC(=O)O,sweet,flavor_db,3-amino-4-[[1-(methylamino)-1-oxo-3-phenylpropan-2-yl]amino]-4-oxobutanoic acid
COC1C(O)C(O)OC(CO)C1OC1OC(CO)C(O)C(O)C1O,COC1C(O)C(O)OC(CO)C1OC1OC(CO)C(O)C(O)C1O,sweet,flavor_db,"2-[5,6-dihydroxy-2-(hydroxymethyl)-4-methoxyoxan-3-yl]oxy-6-(hydroxymethyl)oxane-3,4,5-triol"
OCC1OC(F)C(O)C(O)C1OC1OC(CO)C(OC2CCCCO2)C(O)C1O,OCC1OC(F)C(O)C(O)C1OC1OC(CO)C(OC2CCCCO2)C(O)C1O,sweet,flavor_db,"2-[6-fluoro-4,5-dihydroxy-2-(hydroxymethyl)oxan-3-yl]oxy-6-(hydroxymethyl)-5-(oxan-2-yloxy)oxane-3,4-diol"
COc1cc(C2Oc3cc(C4Oc5cc(OC6OC(CO)C(O)C(O)C6O)cc(O)c5C(=O)C4O)ccc3OC2CO)ccc1O,COc1cc(C2Oc3cc(C4Oc5cc(OC6OC(CO)C(O)C(O)C6O)cc(O)c5C(=O)C4O)ccc3OC2CO)ccc1O,sweet,flavor_db,"3,5-dihydroxy-2-[3-(4-hydroxy-3-methoxyphenyl)-2-(hydroxymethyl)-2,3-dihydro-1,4-benzodioxin-6-yl]-7-[3,4,5-trihydroxy-6-(hydroxymethyl)oxan-2-yl]oxy-2,3-dihydrochromen-4-one"
OCC(O)C1OC(OC2C(O)C(O)OC(CO)C2O)C(O)C1O,OCC(O)C1OC(OC2C(O)C(O)OC(CO)C2O)C(O)C1O,sweet,flavor_db,"4-[5-(1,2-dihydroxyethyl)-3,4-dihydroxyoxolan-2-yl]oxy-6-(hydroxymethyl)oxane-2,3,5-triol"
CCOC(=O)C(NC(=O)C(CC(=O)O)NC(=O)Nc1ccc([N+](=O)[O-])cc1)C(=O)OCC,CCOC(=O)C(NC(=O)C(CC(=O)O)NC(=O)Nc1ccc([N+](=O)[O-])cc1)C(=O)OCC,sweet,chemtastes_db,"4-[(1,3-diethoxy-1,3-dioxopropan-2-yl)amino]-3-[(4-nitrophenyl)carbamoylamino]-4-oxobutanoic acid"
CC(C)CC(NC(=O)C(CC(=O)O)NC(=O)C(N)CCC(N)=O)C(=O)NC(Cc1ccccc1)C(=O)O,CC(C)CC(NC(=O)C(CC(=O)O)NC(=O)C(N)CCC(N)=O)C(=O)NC(Cc1ccccc1)C(=O)O,sweet,flavor_db,"4-[[1-[(1-carboxy-2-phenylethyl)amino]-4-methyl-1-oxopentan-2-yl]amino]-3-[(2,5-diamino-5-oxopentanoyl)amino]-4-oxobutanoic acid"
CC1(C)OC(CO)C(O)C(C(O)CO)O1,CC1(C)OC(CO)C(O)C(C(O)CO)O1,sweet,flavor_db,"1-[5-hydroxy-6-(hydroxymethyl)-2,2-dimethyl-1,3-dioxan-4-yl]ethane-1,2-diol"
CCCCCCCC(=O)N1CCNC(=O)C1CC(=O)OCCCc1ccccc1,CCCCCCCC(=O)N1CCNC(=O)C1CC(=O)OCCCc1ccccc1,sweet,flavor_db,3-phenylpropyl 2-(1-octanoyl-3-oxopiperazin-2-yl)acetate
CCCCOCC(O)COC1OC(CO)C(O)C(O)C1O,CCCCOCC(O)COC1OC(CO)C(O)C(O)C1O,sweet,flavor_db,"2-(3-butoxy-2-hydroxypropoxy)-6-(hydroxymethyl)oxane-3,4,5-triol"
COC1OCC(O)C(O)C1OC1OC(C)C(O)C(OC2OC(CO)C(O)C(O)C2O)C1O,COC1OCC(O)C(O)C1OC1OC(C)C(O)C(OC2OC(CO)C(O)C(O)C2O)C1O,sweet,flavor_db,"2-[2-(4,5-dihydroxy-2-methoxyoxan-3-yl)oxy-3,5-dihydroxy-6-methyloxan-4-yl]oxy-6-(hydroxymethyl)oxane-3,4,5-triol"
CCC(O)C(O)C(O)C(O)C=O,CCC(O)C(O)C(O)C(O)C=O,sweet,flavor_db,"2,3,4,5-tetrahydroxyheptanal"
COC(CO)C(OC)C(OC)C(O)C=O,COC(CO)C(OC)C(OC)C(O)C=O,sweet,flavor_db,"2,6-dihydroxy-3,4,5-trimethoxyhexanal"
CC(=O)NC(CC(C)C)C(=O)NC(Cc1ccccc1)C(=O)O,CC(=O)NC(CC(C)C)C(=O)NC(Cc1ccccc1)C(=O)O,sweet,flavor_db,2-[(2-acetamido-4-methylpentanoyl)amino]-3-phenylpropanoic acid
NCCOCCNP(=O)(O)OCC1OC(n2cnc3c(N)ncnc32)C(O)C1O,NCCOCCNP(=O)(O)OCC1OC(n2cnc3c(N)ncnc32)C(O)C1O,sweet,flavor_db,"N-[2-(2-aminoethoxy)ethyl]-[[5-(6-aminopurin-9-yl)-3,4-dihydroxyoxolan-2-yl]methoxy]phosphonamidic acid"
COc1cc(-c2oc3cc(OC4OC(COC5OC(C)C(O)C(O)C5O)C(O)C(O)C4O)cc(O)c3c(=O)c2OC)ccc1O,COc1cc(-c2oc3cc(OC4OC(COC5OC(C)C(O)C(O)C5O)C(O)C(O)C4O)cc(O)c3c(=O)c2OC)ccc1O,sweet,flavor_db,"5-hydroxy-2-(4-hydroxy-3-methoxyphenyl)-3-methoxy-7-[3,4,5-trihydroxy-6-[(3,4,5-trihydroxy-6-methyloxan-2-yl)oxymethyl]oxan-2-yl]oxychromen-4-one"
CC(NC(=O)CN)C(=O)NC(Cc1ccccc1)C(=O)NC(CC(N)=O)C(=O)O,CC(NC(=O)CN)C(=O)NC(Cc1ccccc1)C(=O)NC(CC(N)=O)C(=O)O,sweet,flavor_db,4-amino-2-[[2-[2-[(2-aminoacetyl)amino]propanoylamino]-3-phenylpropanoyl]amino]-4-oxobutanoic acid
CCC(C)C(NC(=O)C(CCCCN)NC(=O)C(N)CC(=O)O)C(=O)NC(Cc1ccccc1)C(=O)O,CCC(C)C(NC(=O)C(CCCCN)NC(=O)C(N)CC(=O)O)C(=O)NC(Cc1ccccc1)C(=O)O,sweet,flavor_db,3-amino-4-[[6-amino-1-[[1-[(1-carboxy-2-phenylethyl)amino]-3-methyl-1-oxopentan-2-yl]amino]-1-oxohexan-2-yl]amino]-4-oxobutanoic acid
COc1cc2c(=O)c(-c3ccc(O)cc3)coc2cc1OC1OC(COC2OCC(O)C(O)C2O)C(O)C(O)C1O,COc1cc2c(=O)c(-c3ccc(O)cc3)coc2cc1OC1OC(COC2OCC(O)C(O)C2O)C(O)C(O)C1O,sweet,flavor_db,"3-(4-hydroxyphenyl)-6-methoxy-7-[3,4,5-trihydroxy-6-[(3,4,5-trihydroxyoxan-2-yl)oxymethyl]oxan-2-yl]oxychromen-4-one"
CC1OC(OCC2OC(Oc3c(-c4ccc(O)c(O)c4)oc4cc(OCCO)cc(O)c4c3=O)C(O)C(O)C2O)C(O)C(O)C1O,CC1OC(OCC2OC(Oc3c(-c4ccc(O)c(O)c4)oc4cc(OCCO)cc(O)c4c3=O)C(O)C(O)C2O)C(O)C(O)C1O,sweet,flavor_db,"2-(3,4-dihydroxyphenyl)-5-hydroxy-7-(2-hydroxyethoxy)-3-[3,4,5-trihydroxy-6-[(3,4,5-trihydroxy-6-methyloxan-2-yl)oxymethyl]oxan-2-yl]oxychromen-4-one"
COc1cc(O)c2c(=O)cc(-c3ccccc3OC3OC(CO)C(O)C(O)C3O)oc2c1OC,COc1cc(O)c2c(=O)cc(-c3ccccc3OC3OC(CO)C(O)C(O)C3O)oc2c1OC,sweet,flavor_db,"5-hydroxy-7,8-dimethoxy-2-[2-[3,4,5-trihydroxy-6-(hydroxymethyl)oxan-2-yl]oxyphenyl]chromen-4-one"
CCCCCCOC1C(O)OC(CO)C(O)C1O,CCCCCCOC1C(O)OC(CO)C(O)C1O,sweet,flavor_db,"3-hexoxy-6-(hydroxymethyl)oxane-2,4,5-triol"
CC(C)=CC1CC(C)CCO1,CC(C)=CC1CC(C)CCO1,sweet,flavor_db,4-methyl-2-(2-methylprop-1-enyl)oxane
CCC(C)C(NC(=O)C(N)CC(=O)O)C(=O)NC(C)C(=O)NC(Cc1ccccc1)C(=O)O,CCC(C)C(NC(=O)C(N)CC(=O)O)C(=O)NC(C)C(=O)NC(Cc1ccccc1)C(=O)O,sweet,flavor_db,3-amino-4-[[1-[[1-[(1-carboxy-2-phenylethyl)amino]-1-oxopropan-2-yl]amino]-3-methyl-1-oxopentan-2-yl]amino]-4-oxobutanoic acid
OCC(O)CC(O)CO,OCC(O)CC(O)CO,sweet,flavor_db,"pentane-1,2,4,5-tetrol"
OCC1OC(OC2C3COC(O3)C(O)C2O)C(O)C(O)C1O,OCC1OC(OC2C3COC(O3)C(O)C2O)C(O)C(O)C1O,sweet,flavor_db,"2-[(3,4-dihydroxy-6,8-dioxabicyclo[3.2.1]octan-2-yl)oxy]-6-(hydroxymethyl)oxane-3,4,5-triol"
CC(NC(=O)C(N)CC(=O)O)C(=O)NC(C)(C1CC1)C(C)(C)C,CC(NC(=O)C(N)CC(=O)O)C(=O)NC(C)(C1CC1)C(C)(C)C,sweet,chemtastes_db,"3-amino-4-[[1-[(2-cyclopropyl-3,3-dimethylbutan-2-yl)amino]-1-oxopropan-2-yl]amino]-4-oxobutanoic acid"
CC(NC(=O)C(N)CC(N)=O)C(=O)NC(C(=O)NC(Cc1ccccc1)C(=O)O)C(C)C,CC(NC(=O)C(N)CC(N)=O)C(=O)NC(C(=O)NC(Cc1ccccc1)C(=O)O)C(C)C,sweet,flavor_db,"2-[[2-[2-[(2,4-diamino-4-oxobutanoyl)amino]propanoylamino]-3-methylbutanoyl]amino]-3-phenylpropanoic acid"
CCCOC(=O)c1ccc(O)cc1,CCCOC(=O)c1ccc(O)cc1,sweet,flavor_db,propyl 4-hydroxybenzoate
COC(=O)C(NC(=O)C(CC(=O)O)NC=O)C(Cc1ccccc1)c1ccccc1,COC(=O)C(NC(=O)C(CC(=O)O)NC=O)C(Cc1ccccc1)c1ccccc1,sweet,flavor_db,"3-formamido-4-[(1-methoxy-1-oxo-3,4-diphenylbutan-2-yl)amino]-4-oxobutanoic acid"
CC(NC(=O)C(CC(=O)O)NC(=O)C(N)C(C)O)C(=O)NC(Cc1ccccc1)C(=O)O,CC(NC(=O)C(CC(=O)O)NC(=O)C(N)C(C)O)C(=O)NC(Cc1ccccc1)C(=O)O,sweet,flavor_db,3-[(2-amino-3-hydroxybutanoyl)amino]-4-[[1-[(1-carboxy-2-phenylethyl)amino]-1-oxopropan-2-yl]amino]-4-oxobutanoic acid
CCCCCOC1C(CO)OC(OC)C(O)C1O,CCCCCOC1C(CO)OC(OC)C(O)C1O,sweet,flavor_db,"6-(hydroxymethyl)-2-methoxy-5-pentoxyoxane-3,4-diol"
O=c1c(COC2OC(CO)C(O)C(O)C2O)c(-c2ccc(OCCO)c(OCCO)c2)oc2cc(OCCO)cc(O)c12,O=c1c(COC2OC(CO)C(O)C(O)C2O)c(-c2ccc(OCCO)c(OCCO)c2)oc2cc(OCCO)cc(O)c12,sweet,flavor_db,"2-[3,4-bis(2-hydroxyethoxy)phenyl]-5-hydroxy-7-(2-hydroxyethoxy)-3-[[3,4,5-trihydroxy-6-(hydroxymethyl)oxan-2-yl]oxymethyl]chromen-4-one"
CCC1CCC(=O)O1,CCC1CCC(=O)O1,sweet,flavor_db,5-ethyloxolan-2-one
COC1OC(CO)C(OC2OC(CO)C(O)C(O)C2O)C(O)C1OCCOS(=O)(=O)O,COC1OC(CO)C(OC2OC(CO)C(O)C(O)C2O)C(O)C1OCCOS(=O)(=O)O,sweet,flavor_db,"2-[4-hydroxy-6-(hydroxymethyl)-2-methoxy-5-[3,4,5-trihydroxy-6-(hydroxymethyl)oxan-2-yl]oxyoxan-3-yl]oxyethyl hydrogen sulfate"
CC1=C(C=CC(C)O)C(C)(C)CCC1,CC1=C(C=CC(C)O)C(C)(C)CCC1,sweet,flavor_db,"4-(2,6,6-trimethylcyclohexen-1-yl)but-3-en-2-ol"
COc1cc(-c2cc(=O)c3c(O)cc(OC4OCC(O)C(O)C4O)cc3o2)cc(OC)c1O,COc1cc(-c2cc(=O)c3c(O)cc(OC4OCC(O)C(O)C4O)cc3o2)cc(OC)c1O,sweet,flavor_db,"5-hydroxy-2-(4-hydroxy-3,5-dimethoxyphenyl)-7-(3,4,5-trihydroxyoxan-2-yl)oxychromen-4-one"
CCCOCC1OC(O)C(OCCC)C(O)C1OCCC,CCCOCC1OC(O)C(OCCC)C(O)C1OCCC,sweet,flavor_db,"3,5-dipropoxy-6-(propoxymethyl)oxane-2,4-diol"
Nc1cc(Cl)ccc1C(=O)CC(N)C(=O)O,Nc1cc(Cl)ccc1C(=O)CC(N)C(=O)O,sweet,chemtastes_db,2-amino-4-(2-amino-4-chlorophenyl)-4-oxobutanoic acid
CC(C)OC1CC(O)C(O)C(C)O1,CC(C)OC1CC(O)C(O)C(C)O1,sweet,flavor_db,"2-methyl-6-propan-2-yloxyoxane-3,4-diol"
COC1OC(C)C(O)C2OC(C)(OC)C(C)(OC)OC12,COC1OC(C)C(O)C2OC(C)(OC)C(C)(OC)OC12,sweet,flavor_db,"2,3,5-trimethoxy-2,3,7-trimethyl-5,7,8,8a-tetrahydro-4aH-pyrano[3,4-b][1,4]dioxin-8-ol"
CCC(C)C(NC(=O)C(N)Cc1ccccc1)C(=O)NC(CC(=O)O)C(=O)NCC(=O)O,CCC(C)C(NC(=O)C(N)Cc1ccccc1)C(=O)NC(CC(=O)O)C(=O)NCC(=O)O,sweet,flavor_db,3-[[2-[(2-amino-3-phenylpropanoyl)amino]-3-methylpentanoyl]amino]-4-(carboxymethylamino)-4-oxobutanoic acid
COCCOc1ccc(N)cc1[N+](=O)[O-],COCCOc1ccc(N)cc1[N+](=O)[O-],sweet,flavor_db,4-(2-methoxyethoxy)-3-nitroaniline
CC1(C(=O)O)CCCC2(C)c3ccccc3C(C(=O)O)C12,CC1(C(=O)O)CCCC2(C)c3ccccc3C(C(=O)O)C12,sweet,chemtastes_db,"1,4a-dimethyl-3,4,9,9a-tetrahydro-2H-fluorene-1,9-dicarboxylic acid"
NC(CC(=O)O)C(=O)NC(Cc1ccccc1)C(=O)O,NC(CC(=O)O)C(=O)NC(Cc1ccccc1)C(=O)O,sweet,flavor_db,3-amino-4-[(1-carboxy-2-phenylethyl)amino]-4-oxobutanoic acid
COC(=O)C1OC(OC2CCC3(C)C(CCC4(C)C3CC=C3C5CC(C)(C)CCC5(C(=O)OC)CCC34C)C2(C)C)C(O)C(O)C1OC1OCC(O)C(O)C1O,COC(=O)C1OC(OC2CCC3(C)C(CCC4(C)C3CC=C3C5CC(C)(C)CCC5(C(=O)OC)CCC34C)C2(C)C)C(O)C(O)C1OC1OCC(O)C(O)C1O,sweet,flavor_db,"methyl 6-[(8a-methoxycarbonyl-4,4,6a,6b,11,11,14b-heptamethyl-1,2,3,4a,5,6,7,8,9,10,12,12a,14,14a-tetradecahydropicen-3-yl)oxy]-4,5-dihydroxy-3-(3,4,5-trihydroxyoxan-2-yl)oxyoxane-2-carboxylate"
COC(=O)C1OC(OC2C(O)COC(OC3CCC4(C)C(CCC5(C)C4CC=C4C6CC(C)(C(=O)OC)CCC6(C(=O)OC6OC(CO)C(O)C(O)C6O)CCC45C)C3(C)C)C2O)C(O)C(O)C1O,COC(=O)C1OC(OC2C(O)COC(OC3CCC4(C)C(CCC5(C)C4CC=C4C6CC(C)(C(=O)OC)CCC6(C(=O)OC6OC(CO)C(O)C(O)C6O)CCC45C)C3(C)C)C2O)C(O)C(O)C1O,sweet,flavor_db,"2-O-methyl 4a-O-[3,4,5-trihydroxy-6-(hydroxymethyl)oxan-2-yl] 10-[3,5-dihydroxy-4-(3,4,5-trihydroxy-6-methoxycarbonyloxan-2-yl)oxyoxan-2-yl]oxy-2,6a,6b,9,9,12a-hexamethyl-1,3,4,5,6,6a,7,8,8a,10,11,12,13,14b-tetradecahydropicene-2,4a-dicarboxylate"
CC1OC(OC2C(OC(=O)C34CCC(C)(C)CC3C3=CCC5C6(C)CC(O)C(OC7OC(C(=O)O)C(O)C(O)C7O)C(C)(C(=O)O)C6CCC5(C)C3(C)CC4)OCC(O)C2O)C(O)C(O)C1O,CC1OC(OC2C(OC(=O)C34CCC(C)(C)CC3C3=CCC5C6(C)CC(O)C(OC7OC(C(=O)O)C(O)C(O)C7O)C(C)(C(=O)O)C6CCC5(C)C3(C)CC4)OCC(O)C2O)C(O)C(O)C1O,sweet,flavor_db,"6-[[4-carboxy-8a-[4,5-dihydroxy-3-(3,4,5-trihydroxy-6-methyloxan-2-yl)oxyoxan-2-yl]oxycarbonyl-2-hydroxy-4,6a,6b,11,11,14b-hexamethyl-1,2,3,4a,5,6,7,8,9,10,12,12a,14,14a-tetradecahydropicen-3-yl]oxy]-3,4,5-trihydroxyoxane-2-carboxylic acid"
COC1OC(COC2OCC(O)C(O)C2O)C(O)C(OC2OC(CO)C(O)C(O)C2O)C1O,COC1OC(COC2OCC(O)C(O)C2O)C(O)C(OC2OC(CO)C(O)C(O)C2O)C1O,sweet,flavor_db,"2-[3,5-dihydroxy-2-methoxy-6-[(3,4,5-trihydroxyoxan-2-yl)oxymethyl]oxan-4-yl]oxy-6-(hydroxymethyl)oxane-3,4,5-triol"
NOCC(O)C(O)C(O)C(O)CO,NOCC(O)C(O)C(O)C(O)CO,sweet,flavor_db,"6-aminooxyhexane-1,2,3,4,5-pentol"
CC(NC(=O)C(CC(=O)O)NC(=O)C(N)CO)C(=O)NC(Cc1ccccc1)C(=O)O,CC(NC(=O)C(CC(=O)O)NC(=O)C(N)CO)C(=O)NC(Cc1ccccc1)C(=O)O,sweet,flavor_db,3-[(2-amino-3-hydroxypropanoyl)amino]-4-[[1-[(1-carboxy-2-phenylethyl)amino]-1-oxopropan-2-yl]amino]-4-oxobutanoic acid
NC(=O)CC(NC(=O)C(CC(=O)O)NC(=O)C(N)Cc1ccccc1)C(=O)NC(CC(=O)O)C(=O)O,NC(=O)CC(NC(=O)C(CC(=O)O)NC(=O)C(N)Cc1ccccc1)C(=O)NC(CC(=O)O)C(=O)O,sweet,flavor_db,2-[[4-amino-2-[[2-[(2-amino-3-phenylpropanoyl)amino]-3-carboxypropanoyl]amino]-4-oxobutanoyl]amino]butanedioic acid
OCC(O)C1OC(OC2C(O)C(O)OC(C(O)CO)C2O)C(O)C(O)C1O,OCC(O)C1OC(OC2C(O)C(O)OC(C(O)CO)C2O)C(O)C(O)C1O,sweet,flavor_db,"2-(1,2-dihydroxyethyl)-6-[2-(1,2-dihydroxyethyl)-3,5,6-trihydroxyoxan-4-yl]oxyoxane-3,4,5-triol"
COc1ccc2c(=O)c(OC3OCC(OC4OC(CO)C(O)C(O)C4O)C(O)C3O)c(-c3cc(OC)c(O)c(OC)c3)oc2c1,COc1ccc2c(=O)c(OC3OCC(OC4OC(CO)C(O)C(O)C4O)C(O)C3O)c(-c3cc(OC)c(O)c(OC)c3)oc2c1,sweet,flavor_db,"3-[3,4-dihydroxy-5-[3,4,5-trihydroxy-6-(hydroxymethyl)oxan-2-yl]oxyoxan-2-yl]oxy-2-(4-hydroxy-3,5-dimethoxyphenyl)-7-methoxychromen-4-one"
CC(NC(=O)C(C)NC(=O)C(CC(=O)O)NC(=O)C(N)Cc1ccccc1)C(=O)O,CC(NC(=O)C(C)NC(=O)C(CC(=O)O)NC(=O)C(N)Cc1ccccc1)C(=O)O,sweet,flavor_db,3-[(2-amino-3-phenylpropanoyl)amino]-4-[[1-(1-carboxyethylamino)-1-oxopropan-2-yl]amino]-4-oxobutanoic acid
CCC(C)C(N)C(=O)NC(Cc1ccccc1)C(=O)NC(C(=O)NC(C(=O)NC(CC(=O)O)C(=O)NC(CC(=O)O)C(=O)NC(CCCCN)C(=O)O)C(C)CC)C(C)C,CCC(C)C(N)C(=O)NC(Cc1ccccc1)C(=O)NC(C(=O)NC(C(=O)NC(CC(=O)O)C(=O)NC(CC(=O)O)C(=O)NC(CCCCN)C(=O)O)C(C)CC)C(C)C,sweet,flavor_db,6-amino-2-[[2-[[2-[[2-[[2-[[2-[(2-amino-3-methylpentanoyl)amino]-3-phenylpropanoyl]amino]-3-methylbutanoyl]amino]-3-methylpentanoyl]amino]-3-carboxypropanoyl]amino]-3-carboxypropanoyl]amino]hexanoic acid
NC(CC(=O)O)C(=O)NC(Cc1ccccc1)C(=O)NC(Cc1ccccc1)C(=O)NCC(=O)O,NC(CC(=O)O)C(=O)NC(Cc1ccccc1)C(=O)NC(Cc1ccccc1)C(=O)NCC(=O)O,sweet,flavor_db,3-amino-4-[[1-[[1-(carboxymethylamino)-1-oxo-3-phenylpropan-2-yl]amino]-1-oxo-3-phenylpropan-2-yl]amino]-4-oxobutanoic acid
COC(=O)CC(Cc1ccccc1)NC(=O)C(N)CC(=O)O,COC(=O)CC(Cc1ccccc1)NC(=O)C(N)CC(=O)O,sweet,flavor_db,3-amino-4-[(4-methoxy-4-oxo-1-phenylbutan-2-yl)amino]-4-oxobutanoic acid
CC1(C)CCC2(C(=O)O)CCC3(C)C(=CCC4C5(C)CCC(OC6OC(C(=O)O)C(O)C(O)C6OC6OC(CO)C(O)C(O)C6O)C(C)(CO)C5CCC43C)C2C1,CC1(C)CCC2(C(=O)O)CCC3(C)C(=CCC4C5(C)CCC(OC6OC(C(=O)O)C(O)C(O)C6OC6OC(CO)C(O)C(O)C6O)C(C)(CO)C5CCC43C)C2C1,sweet,flavor_db,"6-[[8a-carboxy-4-(hydroxymethyl)-4,6a,6b,11,11,14b-hexamethyl-1,2,3,4a,5,6,7,8,9,10,12,12a,14,14a-tetradecahydropicen-3-yl]oxy]-3,4-dihydroxy-5-[3,4,5-trihydroxy-6-(hydroxymethyl)oxan-2-yl]oxyoxane-2-carboxylic acid"
CC1OC(OC2C(Oc3c(-c4ccc(O)c(O)c4)oc4cc(O)cc(O)c4c3=O)OC(C)C(O)C2O)C(O)C(O)C1O,CC1OC(OC2C(Oc3c(-c4ccc(O)c(O)c4)oc4cc(O)cc(O)c4c3=O)OC(C)C(O)C2O)C(O)C(O)C1O,sweet,flavor_db,"3-[4,5-dihydroxy-6-methyl-3-(3,4,5-trihydroxy-6-methyloxan-2-yl)oxyoxan-2-yl]oxy-2-(3,4-dihydroxyphenyl)-5,7-dihydroxychromen-4-one"
Nc1ncnc2c1ncn2C1CC(O)C(COP(=O)(O)OCC(O)CO)O1,Nc1ncnc2c1ncn2C1CC(O)C(COP(=O)(O)OCC(O)CO)O1,sweet,flavor_db,"[5-(6-aminopurin-9-yl)-3-hydroxyoxolan-2-yl]methyl 2,3-dihydroxypropyl hydrogen phosphate"
COC(=O)C(CC(C)C)NC(=O)C(CC(C)(C)O)NC(=O)C(Cc1ccccc1)NC(=O)OC(C)(C)C,COC(=O)C(CC(C)C)NC(=O)C(CC(C)(C)O)NC(=O)C(Cc1ccccc1)NC(=O)OC(C)(C)C,sweet,flavor_db,methyl 2-[[4-hydroxy-4-methyl-2-[[2-[(2-methylpropan-2-yl)oxycarbonylamino]-3-phenylpropanoyl]amino]pentanoyl]amino]-4-methylpentanoate
NCCCCCCOP(N)(=O)OCC1OC(n2cnc3c(N)ncnc32)C(O)C1O,NCCCCCCOP(N)(=O)OCC1OC(n2cnc3c(N)ncnc32)C(O)C1O,sweet,flavor_db,"2-[[amino(6-aminohexoxy)phosphoryl]oxymethyl]-5-(6-aminopurin-9-yl)oxolane-3,4-diol"
COc1ccc(-c2cc(=O)c3c(O)c(OC)c(OC4OC(C)C(O)C(O)C4O)cc3o2)cc1,COc1ccc(-c2cc(=O)c3c(O)c(OC)c(OC4OC(C)C(O)C(O)C4O)cc3o2)cc1,sweet,flavor_db,"5-hydroxy-6-methoxy-2-(4-methoxyphenyl)-7-(3,4,5-trihydroxy-6-methyloxan-2-yl)oxychromen-4-one"
CC(N)C(=O)OC(C)(C)C,CC(N)C(=O)OC(C)(C)C,sweet,chemtastes_db,tert-butyl 2-aminopropanoate
O=CC(OO)C(O)C(O)C(O)CO,O=CC(OO)C(O)C(O)C(O)CO,sweet,flavor_db,"2-hydroperoxy-3,4,5,6-tetrahydroxyhexanal"
CC1CC(OC2OC(CO)C(O)C(O)C2O)C(O)C(C)O1,CC1CC(OC2OC(CO)C(O)C(O)C2O)C(O)C(C)O1,sweet,flavor_db,"2-(3-hydroxy-2,6-dimethyloxan-4-yl)oxy-6-(hydroxymethyl)oxane-3,4,5-triol"
COc1ccc(NCc2ccccc2)cc1O,COc1ccc(NCc2ccccc2)cc1O,sweet,chemtastes_db,5-(benzylamino)-2-methoxyphenol
Nc1ncnc2c1ncn2C1OC(C(O)P(=O)(O)O)C(O)(P(=O)(O)O)C1O,Nc1ncnc2c1ncn2C1OC(C(O)P(=O)(O)O)C(O)(P(=O)(O)O)C1O,sweet,flavor_db,"[5-(6-aminopurin-9-yl)-3,4-dihydroxy-2-[hydroxy(phosphono)methyl]oxolan-3-yl]phosphonic acid"
CC1CCC2(C(=O)O)CCC3(C)C4=CCC5C(C)(C)C(OC6OC(C(=O)O)C(O)C(O)C6O)CCC5(C)C4CCC3(C)C2C1C,CC1CCC2(C(=O)O)CCC3(C)C4=CCC5C(C)(C)C(OC6OC(C(=O)O)C(O)C(O)C6O)CCC5(C)C4CCC3(C)C2C1C,sweet,flavor_db,"6-[(8a-carboxy-4,4,6a,6b,11,12,14b-heptamethyl-2,3,4a,5,7,8,9,10,11,12,12a,13,14,14a-tetradecahydro-1H-picen-3-yl)oxy]-3,4,5-trihydroxyoxane-2-carboxylic acid"
CC(NC(=O)C(N)CC(=O)O)C(=O)NC(CC(=O)O)C(=O)NC(Cc1ccccc1)C(=O)O,CC(NC(=O)C(N)CC(=O)O)C(=O)NC(CC(=O)O)C(=O)NC(Cc1ccccc1)C(=O)O,sweet,flavor_db,3-amino-4-[[1-[[3-carboxy-1-[(1-carboxy-2-phenylethyl)amino]-1-oxopropan-2-yl]amino]-1-oxopropan-2-yl]amino]-4-oxobutanoic acid
COC1OC(C)C(OC2OC(CO)C(O)C(O)C2O)C(OC2OC(CO)C(O)C(O)C2O)C1O,COC1OC(C)C(OC2OC(CO)C(O)C(O)C2O)C(OC2OC(CO)C(O)C(O)C2O)C1O,sweet,flavor_db,"2-[5-hydroxy-6-methoxy-2-methyl-4-[3,4,5-trihydroxy-6-(hydroxymethyl)oxan-2-yl]oxyoxan-3-yl]oxy-6-(hydroxymethyl)oxane-3,4,5-triol"
Nc1ncnc2c1ncn2C1OC(COP(=O)(O)O)C(N)C1O,Nc1ncnc2c1ncn2C1OC(COP(=O)(O)O)C(N)C1O,sweet,flavor_db,[3-amino-5-(6-aminopurin-9-yl)-4-hydroxyoxolan-2-yl]methyl dihydrogen phosphate
OCC1OC(O)C(O)C(O)C1OC1OC(O)C(O)C(O)C1CO,OCC1OC(O)C(O)C(O)C1OC1OC(O)C(O)C(O)C1CO,sweet,flavor_db,"5-(hydroxymethyl)-6-[4,5,6-trihydroxy-2-(hydroxymethyl)oxan-3-yl]oxyoxane-2,3,4-triol"
CC1OC(OC2C(OC3CCC4(C)C(CCC5(C)C4CC=C4C6CC(C)(C)CC(O)C6(C)CCC45C)C3(C)CO)OC(C(=O)O)C(O)C2O)C(OC2OCC(O)C(O)C2O)C(O)C1O,CC1OC(OC2C(OC3CCC4(C)C(CCC5(C)C4CC=C4C6CC(C)(C)CC(O)C6(C)CCC45C)C3(C)CO)OC(C(=O)O)C(O)C2O)C(OC2OCC(O)C(O)C2O)C(O)C1O,sweet,flavor_db,"5-[4,5-dihydroxy-6-methyl-3-(3,4,5-trihydroxyoxan-2-yl)oxyoxan-2-yl]oxy-3,4-dihydroxy-6-[[9-hydroxy-4-(hydroxymethyl)-4,6a,6b,8a,11,11,14b-heptamethyl-1,2,3,4a,5,6,7,8,9,10,12,12a,14,14a-tetradecahydropicen-3-yl]oxy]oxane-2-carboxylic acid"
CC1=CC2OC(=O)CC2CC1,CC1=CC2OC(=O)CC2CC1,sweet,flavor_db,"6-methyl-3a,4,5,7a-tetrahydro-3H-1-benzofuran-2-one"
O=c1cc(-c2ccc(O)c(O)c2)oc2cc(O)c(OC3OCC(O)C(O)C3O)c(O)c12,O=c1cc(-c2ccc(O)c(O)c2)oc2cc(O)c(OC3OCC(O)C(O)C3O)c(O)c12,sweet,flavor_db,"2-(3,4-dihydroxyphenyl)-5,7-dihydroxy-6-(3,4,5-trihydroxyoxan-2-yl)oxychromen-4-one"
NOCC(O)C(O)C(O)C(=O)CO,NOCC(O)C(O)C(O)C(=O)CO,sweet,flavor_db,"6-aminooxy-1,3,4,5-tetrahydroxyhexan-2-one"
CC1OC(OC2C(O)C(OC3CCC4(C)C(CCC5(C)C4CC=C4C6CC(C)(C)CCC6(C(=O)OC6OC(CO)C(O)C(O)C6O)CCC45C)C3(C)C)OC(C(=O)O)C2O)C(OC2OC(CO)C(O)C(O)C2O)C(O)C1O,CC1OC(OC2C(O)C(OC3CCC4(C)C(CCC5(C)C4CC=C4C6CC(C)(C)CCC6(C(=O)OC6OC(CO)C(O)C(O)C6O)CCC45C)C3(C)C)OC(C(=O)O)C2O)C(OC2OC(CO)C(O)C(O)C2O)C(O)C1O,sweet,flavor_db,"6-[[4,4,6a,6b,11,11,14b-heptamethyl-8a-[3,4,5-trihydroxy-6-(hydroxymethyl)oxan-2-yl]oxycarbonyl-1,2,3,4a,5,6,7,8,9,10,12,12a,14,14a-tetradecahydropicen-3-yl]oxy]-4-[4,5-dihydroxy-6-methyl-3-[3,4,5-trihydroxy-6-(hydroxymethyl)oxan-2-yl]oxyoxan-2-yl]oxy-3,5-dihydroxyoxane-2-carboxylic acid"
CSP1(=O)OCC2OC(n3cnc4c(N)ncnc43)C(O)C2O1,CSP1(=O)OCC2OC(n3cnc4c(N)ncnc43)C(O)C2O1,sweet,flavor_db,"6-(6-aminopurin-9-yl)-2-methylsulfanyl-2-oxo-4a,6,7,7a-tetrahydro-4H-furo[3,2-d][1,3,2]dioxaphosphinin-7-ol"
CC(C)=CCCC(C)C1(O)CC=C(C)CC1,CC(C)=CCCC(C)C1(O)CC=C(C)CC1,sweet,flavor_db,4-methyl-1-(6-methylhept-5-en-2-yl)cyclohex-3-en-1-ol
CC(C)CNC(=O)C(Cc1ccccc1)NC(=O)C1NC1C(=O)O,CC(C)CNC(=O)C(Cc1ccccc1)NC(=O)C1NC1C(=O)O,sweet,flavor_db,3-[[1-(2-methylpropylamino)-1-oxo-3-phenylpropan-2-yl]carbamoyl]aziridine-2-carboxylic acid
CC(C)CC(N)C(=O)O,CC(C)CC(N)C(=O)O,sweet,chemtastes_db,2-amino-4-methylpentanoic acid
COc1ccc(CCc2ccc(O)cc2)cc1O,COc1ccc(CCc2ccc(O)cc2)cc1O,sweet,chemtastes_db,5-[2-(4-hydroxyphenyl)ethyl]-2-methoxyphenol
CCOCc1ccc(O)c(OC)c1,CCOCc1ccc(O)c(OC)c1,sweet,flavor_db,4-(ethoxymethyl)-2-methoxyphenol
COC1OC(C)C(O)C(O)C1OC1OC(C)C(O)C(O)C1OC1OC(C)C(O)C(O)C1O,COC1OC(C)C(O)C(O)C1OC1OC(C)C(O)C(O)C1OC1OC(C)C(O)C(O)C1O,sweet,flavor_db,"2-[2-(4,5-dihydroxy-2-methoxy-6-methyloxan-3-yl)oxy-4,5-dihydroxy-6-methyloxan-3-yl]oxy-6-methyloxane-3,4,5-triol"
COC1C(COC2OC(CO)C(O)C(O)C2O)OC(O)C(O)C1O,COC1C(COC2OC(CO)C(O)C(O)C2O)OC(O)C(O)C1O,sweet,flavor_db,"2-(hydroxymethyl)-6-[(4,5,6-trihydroxy-3-methoxyoxan-2-yl)methoxy]oxane-3,4,5-triol"
CC(C)(OCC(=O)O)C1CC=C(C=NO)CC1,CC(C)(OCC(=O)O)C1CC=C(C=NO)CC1,sweet,chemtastes_db,2-[2-[4-(hydroxyiminomethyl)cyclohex-3-en-1-yl]propan-2-yloxy]acetic acid
Nc1ncnc2c1ncn2C1OC(COP(=O)(O)OP(=O)(O)CP(=O)(Cl)Cl)C(O)C1O,Nc1ncnc2c1ncn2C1OC(COP(=O)(O)OP(=O)(O)CP(=O)(Cl)Cl)C(O)C1O,sweet,flavor_db,"[[5-(6-aminopurin-9-yl)-3,4-dihydroxyoxolan-2-yl]methoxy-hydroxyphosphoryl]oxy-(dichlorophosphorylmethyl)phosphinic acid"
CCCCCC(NC(=O)C(N)CC(=O)O)C(=O)OC,CCCCCC(NC(=O)C(N)CC(=O)O)C(=O)OC,sweet,chemtastes_db,3-amino-4-[(1-methoxy-1-oxoheptan-2-yl)amino]-4-oxobutanoic acid
CC1OC(O)C(OC2OC(CO)C(O)C(O)C2OC2C(OC3CCC4(C)C(CCC5(C)C4CC=C4C6CC(C)(C(=O)O)CC(O)C6(C)CCC45C)C3(C)CO)OC(C(=O)O)C(O)C2O)C(O)C1O,CC1OC(O)C(OC2OC(CO)C(O)C(O)C2OC2C(OC3CCC4(C)C(CCC5(C)C4CC=C4C6CC(C)(C(=O)O)CC(O)C6(C)CCC45C)C3(C)CO)OC(C(=O)O)C(O)C2O)C(O)C1O,sweet,flavor_db,"6-[[11-carboxy-9-hydroxy-4-(hydroxymethyl)-4,6a,6b,8a,11,14b-hexamethyl-1,2,3,4a,5,6,7,8,9,10,12,12a,14,14a-tetradecahydropicen-3-yl]oxy]-5-[4,5-dihydroxy-6-(hydroxymethyl)-2-(2,4,5-trihydroxy-6-methyloxan-3-yl)oxyoxan-3-yl]oxy-3,4-dihydroxyoxane-2-carboxylic acid"
Nc1ncnc2c1ncn2C1OC(CO)C(OCP(=O)(O)O)C1O,Nc1ncnc2c1ncn2C1OC(CO)C(OCP(=O)(O)O)C1O,sweet,flavor_db,[5-(6-aminopurin-9-yl)-4-hydroxy-2-(hydroxymethyl)oxolan-3-yl]oxymethylphosphonic acid
CC(NC(=O)c1ccccc1)NC(=O)C(N)CC(=O)O,CC(NC(=O)c1ccccc1)NC(=O)C(N)CC(=O)O,sweet,chemtastes_db,3-amino-4-(1-benzamidoethylamino)-4-oxobutanoic acid
Nc1ncnc2c1nc(Br)n2C1OC(CO)C(O)C1OP(=O)(O)O,Nc1ncnc2c1nc(Br)n2C1OC(CO)C(O)C1OP(=O)(O)O,sweet,flavor_db,[2-(6-amino-8-bromopurin-9-yl)-4-hydroxy-5-(hydroxymethyl)oxolan-3-yl] dihydrogen phosphate
CCOc1cc(COC)ccc1O,CCOc1cc(COC)ccc1O,sweet,flavor_db,2-ethoxy-4-(methoxymethyl)phenol
CCC(C)C(NC(=O)C(CC(N)=O)NC(=O)C(N)Cc1ccccc1)C(=O)O,CCC(C)C(NC(=O)C(CC(N)=O)NC(=O)C(N)Cc1ccccc1)C(=O)O,sweet,flavor_db,2-[[4-amino-2-[(2-amino-3-phenylpropanoyl)amino]-4-oxobutanoyl]amino]-3-methylpentanoic acid
CC1OC(OCC2CC(O)C(O)CO2)C(O)C(O)C1O,CC1OC(OCC2CC(O)C(O)CO2)C(O)C(O)C1O,sweet,flavor_db,"2-[(4,5-dihydroxyoxan-2-yl)methoxy]-6-methyloxane-3,4,5-triol"
COC(C(O)C=O)C(O)C(O)CO,COC(C(O)C=O)C(O)C(O)CO,sweet,flavor_db,"2,4,5,6-tetrahydroxy-3-methoxyhexanal"
COc1cc(OC2OC(COC3OCC(O)C(O)C3O)C(O)C(O)C2O)c2c(=O)c3c(OC)c(O)ccc3oc2c1,COc1cc(OC2OC(COC3OCC(O)C(O)C3O)C(O)C(O)C2O)c2c(=O)c3c(OC)c(O)ccc3oc2c1,sweet,flavor_db,"2-hydroxy-1,6-dimethoxy-8-[3,4,5-trihydroxy-6-[(3,4,5-trihydroxyoxan-2-yl)oxymethyl]oxan-2-yl]oxyxanthen-9-one"
CC1=C(CCc2ccoc2)C2(C)CCC(OC3OC(CO)C(O)C(O)C3OC3OCC(O)C(O)C3O)C(C)(C)C2CC1,CC1=C(CCc2ccoc2)C2(C)CCC(OC3OC(CO)C(O)C(O)C3OC3OCC(O)C(O)C3O)C(C)(C)C2CC1,sweet,chemtastes_db,"2-[2-[[5-[2-(furan-3-yl)ethyl]-1,1,4a,6-tetramethyl-2,3,4,7,8,8a-hexahydronaphthalen-2-yl]oxy]-4,5-dihydroxy-6-(hydroxymethyl)oxan-3-yl]oxyoxane-3,4,5-triol"
CC(NC(CCc1ccccc1)C(=O)O)C(=O)NCCCC(=O)O,CC(NC(CCc1ccccc1)C(=O)O)C(=O)NCCCC(=O)O,sweet,flavor_db,2-[[1-(3-carboxypropylamino)-1-oxopropan-2-yl]amino]-4-phenylbutanoic acid
Nc1ncnc2c1ncn2C1OC(COP(O)(=S)OP(=O)(O)O)C(O)C1O,Nc1ncnc2c1ncn2C1OC(COP(O)(=S)OP(=O)(O)O)C(O)C1O,sweet,flavor_db,"[[5-(6-aminopurin-9-yl)-3,4-dihydroxyoxolan-2-yl]methoxy-hydroxyphosphinothioyl] dihydrogen phosphate"
OCC1OC(OCCC2CO2)C(O)C(O)C1O,OCC1OC(OCCC2CO2)C(O)C(O)C1O,sweet,flavor_db,"2-(hydroxymethyl)-6-[2-(oxiran-2-yl)ethoxy]oxane-3,4,5-triol"
CC(C)C(=O)OC(C)(C)c1ccccc1,CC(C)C(=O)OC(C)(C)c1ccccc1,sweet,flavor_db,2-phenylpropan-2-yl 2-methylpropanoate
COCCOCCOCCOc1ccc([N+](=O)[O-])cc1N,COCCOCCOCCOc1ccc([N+](=O)[O-])cc1N,sweet,flavor_db,2-[2-[2-(2-methoxyethoxy)ethoxy]ethoxy]-5-nitroaniline
COC(=O)C(Cc1ccccc1)NC(=O)C(C)N,COC(=O)C(Cc1ccccc1)NC(=O)C(C)N,sweet,flavor_db,methyl 2-(2-aminopropanoylamino)-3-phenylpropanoate
COCOC(CO)C1CC(C)OC(C)(C)O1,COCOC(CO)C1CC(C)OC(C)(C)O1,sweet,flavor_db,"2-(methoxymethoxy)-2-(2,2,6-trimethyl-1,3-dioxan-4-yl)ethanol"
NCCCCC(NC(=O)C(CC(=O)O)NC(=O)C(Cc1ccccc1)NC(=O)C1CCCN1)C(=O)O,NCCCCC(NC(=O)C(CC(=O)O)NC(=O)C(Cc1ccccc1)NC(=O)C1CCCN1)C(=O)O,sweet,flavor_db,6-amino-2-[[3-carboxy-2-[[3-phenyl-2-(pyrrolidine-2-carbonylamino)propanoyl]amino]propanoyl]amino]hexanoic acid
Fc1cccc(C(N=Nc2ccccc2)=NNc2ccccc2)c1,Fc1cccc(C(N=Nc2ccccc2)=NNc2ccccc2)c1,sweet,flavor_db,N'-anilino-3-fluoro-N-phenyliminobenzenecarboximidamide
CCC(C)C(CCC(C)CCCC(C)CCCC(C)C)OC1C(CO)OC(Oc2cc(O)c3c(=O)cc(-c4ccc(OC)c(OC)c4)oc3c2)C(O)C1O,CCC(C)C(CCC(C)CCCC(C)CCCC(C)C)OC1C(CO)OC(Oc2cc(O)c3c(=O)cc(-c4ccc(OC)c(OC)c4)oc3c2)C(O)C1O,sweet,flavor_db,"7-[3,4-dihydroxy-6-(hydroxymethyl)-5-(3,7,11,15-tetramethylhexadecan-4-yloxy)oxan-2-yl]oxy-2-(3,4-dimethoxyphenyl)-5-hydroxychromen-4-one"
CC(=O)c1ccco1,CC(=O)c1ccco1,sweet,flavor_db,1-(furan-2-yl)ethanone
CCCCCCCCC=CC=O,CCCCCCCCC=CC=O,sweet,flavor_db,undec-2-enal
CCOc1ccc(N(S)C(N)=O)cc1,CCOc1ccc(N(S)C(N)=O)cc1,sweet,flavor_db,1-(4-ethoxyphenyl)-1-sulfanylurea
COc1cc(O)c2c(=O)c(OC3OC(COC4OC(C)C(O)C(O)C4O)C(O)C(O)C3O)c(-c3ccc(O)c(OC)c3)oc2c1,COc1cc(O)c2c(=O)c(OC3OC(COC4OC(C)C(O)C(O)C4O)C(O)C(O)C3O)c(-c3ccc(O)c(OC)c3)oc2c1,sweet,flavor_db,"5-hydroxy-2-(4-hydroxy-3-methoxyphenyl)-7-methoxy-3-[3,4,5-trihydroxy-6-[(3,4,5-trihydroxy-6-methyloxan-2-yl)oxymethyl]oxan-2-yl]oxychromen-4-one"
C=C(C)C1CC(=O)C2(C)OC2C1,C=C(C)C1CC(=O)C2(C)OC2C1,sweet,flavor_db,1-methyl-4-prop-1-en-2-yl-7-oxabicyclo[4.1.0]heptan-2-one
CC(NC(=O)C(CC(=O)O)NC(=O)C(N)CC(=O)O)C(=O)NC(Cc1ccccc1)C(=O)O,CC(NC(=O)C(CC(=O)O)NC(=O)C(N)CC(=O)O)C(=O)NC(Cc1ccccc1)C(=O)O,sweet,flavor_db,3-amino-4-[[3-carboxy-1-[[1-[(1-carboxy-2-phenylethyl)amino]-1-oxopropan-2-yl]amino]-1-oxopropan-2-yl]amino]-4-oxobutanoic acid
Nc1ncnc2c1ncn2C1OC(CO)C(OP(=O)(O)O)C1OP(=O)(O)O,Nc1ncnc2c1ncn2C1OC(CO)C(OP(=O)(O)O)C1OP(=O)(O)O,sweet,flavor_db,[2-(6-aminopurin-9-yl)-5-(hydroxymethyl)-4-phosphonooxyoxolan-3-yl] dihydrogen phosphate
OCC1CCCC(OC2CCCOC2)O1,OCC1CCCC(OC2CCCOC2)O1,sweet,flavor_db,[6-(oxan-3-yloxy)oxan-2-yl]methanol
CCCOCCOCCOC1OC(CO)C(O)C(O)C1O,CCCOCCOCCOC1OC(CO)C(O)C(O)C1O,sweet,flavor_db,"2-(hydroxymethyl)-6-[2-(2-propoxyethoxy)ethoxy]oxane-3,4,5-triol"
COc1cc(C(O)C(COC2OC(CO)C(O)C(O)C2O)Oc2c(OC)cc(-c3cc(=O)c4c(O)cc(O)cc4o3)cc2OC)ccc1O,COc1cc(C(O)C(COC2OC(CO)C(O)C(O)C2O)Oc2c(OC)cc(-c3cc(=O)c4c(O)cc(O)cc4o3)cc2OC)ccc1O,sweet,flavor_db,"5,7-dihydroxy-2-[4-[1-hydroxy-1-(4-hydroxy-3-methoxyphenyl)-3-[3,4,5-trihydroxy-6-(hydroxymethyl)oxan-2-yl]oxypropan-2-yl]oxy-3,5-dimethoxyphenyl]chromen-4-one"
[N-]=[N+]=NC1C(COP(=O)(O)O)OC(n2cnc3c(N)ncnc32)C1O,[N-]=[N+]=NC1C(COP(=O)(O)O)OC(n2cnc3c(N)ncnc32)C1O,sweet,flavor_db,[5-(6-aminopurin-9-yl)-3-azido-4-hydroxyoxolan-2-yl]methyl dihydrogen phosphate
COC(=O)CC(C)C(=O)NC(Cc1ccccc1)C(=O)O,COC(=O)CC(C)C(=O)NC(Cc1ccccc1)C(=O)O,sweet,flavor_db,2-[(4-methoxy-2-methyl-4-oxobutanoyl)amino]-3-phenylpropanoic acid
COC1OC(C)C2OC(C)(C)OC2C1O,COC1OC(C)C2OC(C)(C)OC2C1O,sweet,flavor_db,"6-methoxy-2,2,4-trimethyl-4,6,7,7a-tetrahydro-3aH-[1,3]dioxolo[4,5-c]pyran-7-ol"
Nc1ncnc2c1ncn2C1OC(COP(=O)(O)N=P(O)(O)O)C(O)C1O,Nc1ncnc2c1ncn2C1OC(COP(=O)(O)N=P(O)(O)O)C(O)C1O,sweet,flavor_db,"[5-(6-aminopurin-9-yl)-3,4-dihydroxyoxolan-2-yl]methoxy-N-(trihydroxy-lambda5-phosphanylidene)phosphonamidic acid"
CNCC(=O)NC(Cc1ccccc1)C(=O)O,CNCC(=O)NC(Cc1ccccc1)C(=O)O,sweet,flavor_db,2-[[2-(methylamino)acetyl]amino]-3-phenylpropanoic acid
COC(=O)C(CCC(C)C)NC(=O)C(N)CC(=O)O,COC(=O)C(CCC(C)C)NC(=O)C(N)CC(=O)O,sweet,chemtastes_db,3-amino-4-[(1-methoxy-5-methyl-1-oxohexan-2-yl)amino]-4-oxobutanoic acid
CCC(C)OCC1OC(OC)C(O)C(O)C1O,CCC(C)OCC1OC(OC)C(O)C(O)C1O,sweet,flavor_db,"2-(butan-2-yloxymethyl)-6-methoxyoxane-3,4,5-triol"
CCC(CC)C(=O)OCC(C)NC(=O)C(N)CC(=O)O,CCC(CC)C(=O)OCC(C)NC(=O)C(N)CC(=O)O,sweet,chemtastes_db,3-amino-4-[1-(2-ethylbutanoyloxy)propan-2-ylamino]-4-oxobutanoic acid
CNC(Cc1ccccc1)C(=O)NCC(=O)OC,CNC(Cc1ccccc1)C(=O)NCC(=O)OC,sweet,flavor_db,methyl 2-[[2-(methylamino)-3-phenylpropanoyl]amino]acetate
COc1cc(-c2cc(=O)c3c(O)cc(OC4OC(COC5CC(C)C(O)C(O)C5O)C(O)C(O)C4O)cc3o2)ccc1O,COc1cc(-c2cc(=O)c3c(O)cc(OC4OC(COC5CC(C)C(O)C(O)C5O)C(O)C(O)C4O)cc3o2)ccc1O,sweet,flavor_db,"5-hydroxy-2-(4-hydroxy-3-methoxyphenyl)-7-[3,4,5-trihydroxy-6-[(2,3,4-trihydroxy-5-methylcyclohexyl)oxymethyl]oxan-2-yl]oxychromen-4-one"
CCC(C)C(NC(=O)C(C)NC(=O)C(CC(=O)O)NC(=O)C(N)Cc1ccccc1)C(=O)O,CCC(C)C(NC(=O)C(C)NC(=O)C(CC(=O)O)NC(=O)C(N)Cc1ccccc1)C(=O)O,sweet,flavor_db,2-[2-[[2-[(2-amino-3-phenylpropanoyl)amino]-3-carboxypropanoyl]amino]propanoylamino]-3-methylpentanoic acid
OCCCCCCCOC1OC(CO)C(O)C(O)C1O,OCCCCCCCOC1OC(CO)C(O)C(O)C1O,sweet,flavor_db,"2-(7-hydroxyheptoxy)-6-(hydroxymethyl)oxane-3,4,5-triol"
CC(C)CC(N)C(=O)NC(CC(=O)O)C(=O)NC(Cc1ccccc1)C(=O)NC(C(=O)O)C(C)C,CC(C)CC(N)C(=O)NC(CC(=O)O)C(=O)NC(Cc1ccccc1)C(=O)NC(C(=O)O)C(C)C,sweet,flavor_db,2-[[2-[[2-[(2-amino-4-methylpentanoyl)amino]-3-carboxypropanoyl]amino]-3-phenylpropanoyl]amino]-3-methylbutanoic acid
CC(C)CC(N)C(=O)NC(CC(=O)O)C(=O)NC(Cc1ccccc1)C(=O)NC(CC(N)=O)C(=O)O,CC(C)CC(N)C(=O)NC(CC(=O)O)C(=O)NC(Cc1ccccc1)C(=O)NC(CC(N)=O)C(=O)O,sweet,flavor_db,4-amino-2-[[2-[[2-[(2-amino-4-methylpentanoyl)amino]-3-carboxypropanoyl]amino]-3-phenylpropanoyl]amino]-4-oxobutanoic acid
CCCCCC(OCCF)OC1OC(CO)C(O)C(O)C1O,CCCCCC(OCCF)OC1OC(CO)C(O)C(O)C1O,sweet,flavor_db,"2-[1-(2-fluoroethoxy)hexoxy]-6-(hydroxymethyl)oxane-3,4,5-triol"
NCCCCC(NC(=O)C(Cc1ccccc1)NC(=O)C(CC(=O)O)NC(=O)C1CCCN1)C(=O)O,NCCCCC(NC(=O)C(Cc1ccccc1)NC(=O)C(CC(=O)O)NC(=O)C1CCCN1)C(=O)O,sweet,flavor_db,6-amino-2-[[2-[[3-carboxy-2-(pyrrolidine-2-carbonylamino)propanoyl]amino]-3-phenylpropanoyl]amino]hexanoic acid
O=c1cc(-c2ccc(O)c(O)c2)oc2c(O)c(OC3OC(CO)C(O)C(O)C3O)cc(O)c12,O=c1cc(-c2ccc(O)c(O)c2)oc2c(O)c(OC3OC(CO)C(O)C(O)C3O)cc(O)c12,sweet,flavor_db,"2-(3,4-dihydroxyphenyl)-5,8-dihydroxy-7-[3,4,5-trihydroxy-6-(hydroxymethyl)oxan-2-yl]oxychromen-4-one"
CC(NC(=O)C(CO)NC(=O)C(CC(=O)O)NC(=O)C(N)Cc1ccccc1)C(=O)O,CC(NC(=O)C(CO)NC(=O)C(CC(=O)O)NC(=O)C(N)Cc1ccccc1)C(=O)O,sweet,flavor_db,3-[(2-amino-3-phenylpropanoyl)amino]-4-[[1-(1-carboxyethylamino)-3-hydroxy-1-oxopropan-2-yl]amino]-4-oxobutanoic acid
COC(=O)OCC1OC(O)C(O)C(O)C1O,COC(=O)OCC1OC(O)C(O)C(O)C1O,sweet,flavor_db,"methyl (3,4,5,6-tetrahydroxyoxan-2-yl)methyl carbonate"
C=C1CC23CCC4C(C)(C(=O)OC5OC(CO)C(OC6OC(CO)C(O)C(O)C6O)C(O)C5O)CCCC4(C)C2CCC1(OC1OC(CO)C(O)C(OC2OC(CO)C(OC4OC(CO)C(O)C(O)C4O)C(O)C2O)C1OC1OC(CO)C(O)C(O)C1O)C3,C=C1CC23CCC4C(C)(C(=O)OC5OC(CO)C(OC6OC(CO)C(O)C(O)C6O)C(O)C5O)CCCC4(C)C2CCC1(OC1OC(CO)C(O)C(OC2OC(CO)C(OC4OC(CO)C(O)C(O)C4O)C(O)C2O)C1OC1OC(CO)C(O)C(O)C1O)C3,sweet,flavor_db,"[3,4-dihydroxy-6-(hydroxymethyl)-5-[3,4,5-trihydroxy-6-(hydroxymethyl)oxan-2-yl]oxyoxan-2-yl] 13-[4-[3,4-dihydroxy-6-(hydroxymethyl)-5-[3,4,5-trihydroxy-6-(hydroxymethyl)oxan-2-yl]oxyoxan-2-yl]oxy-5-hydroxy-6-(hydroxymethyl)-3-[3,4,5-trihydroxy-6-(hydroxymethyl)oxan-2-yl]oxyoxan-2-yl]oxy-5,9-dimethyl-14-methylidenetetracyclo[11.2.1.01,10.04,9]hexadecane-5-carboxylate"
CC1OC(O)C2OC(C)(C)OC2C1O,CC1OC(O)C2OC(C)(C)OC2C1O,sweet,flavor_db,"2,2,6-trimethyl-4,6,7,7a-tetrahydro-3aH-[1,3]dioxolo[4,5-c]pyran-4,7-diol"
CCCC[Sn](CCCC)(CCCC)OCC1OC(O[Sn](CCCC)(CCCC)CCCC)C(O)C(O)C1O[Sn](CCCC)(CCCC)CCCC,CCCC[Sn+](CCCC)CCCC.CCCC[Sn+](CCCC)CCCC.CCCC[Sn+](CCCC)CCCC.[O-]CC1OC([O-])C(O)C(O)C1[O-],sweet,flavor_db,"2,5-bis(tributylstannyloxy)-6-(tributylstannyloxymethyl)oxane-3,4-diol"
CC1OC(OCC2OCC(O)C(O)C2O)C(O)C(O)C1O,CC1OC(OCC2OCC(O)C(O)C2O)C(O)C(O)C1O,sweet,flavor_db,"2-methyl-6-[(3,4,5-trihydroxyoxan-2-yl)methoxy]oxane-3,4,5-triol"
CC1(C(=O)OC2OC(CO)C(O)C(O)C2O)CCC2(C)CCC3(C)C(=CCC4C5(C)CCC(OC6OC(C(=O)O)C(O)C(O)C6O)C(C)(CO)C5CCC43C)C2C1,CC1(C(=O)OC2OC(CO)C(O)C(O)C2O)CCC2(C)CCC3(C)C(=CCC4C5(C)CCC(OC6OC(C(=O)O)C(O)C(O)C6O)C(C)(CO)C5CCC43C)C2C1,sweet,flavor_db,"3,4,5-trihydroxy-6-[[4-(hydroxymethyl)-4,6a,6b,8a,11,14b-hexamethyl-11-[3,4,5-trihydroxy-6-(hydroxymethyl)oxan-2-yl]oxycarbonyl-1,2,3,4a,5,6,7,8,9,10,12,12a,14,14a-tetradecahydropicen-3-yl]oxy]oxane-2-carboxylic acid"
COc1cc(-c2cc(=O)c3ccc(OC4OC(CO)C(O)C(O)C4O)cc3o2)ccc1O,COc1cc(-c2cc(=O)c3ccc(OC4OC(CO)C(O)C(O)C4O)cc3o2)ccc1O,sweet,flavor_db,"2-(4-hydroxy-3-methoxyphenyl)-7-[3,4,5-trihydroxy-6-(hydroxymethyl)oxan-2-yl]oxychromen-4-one"
CC(=O)NC(CC(=O)O)C(=O)NC(Cc1ccccc1)C(=O)O,CC(=O)NC(CC(=O)O)C(=O)NC(Cc1ccccc1)C(=O)O,sweet,flavor_db,3-acetamido-4-[(1-carboxy-2-phenylethyl)amino]-4-oxobutanoic acid
CC1(C)CC(O)C2(C)CCC3(C)C(=CCC4C5(C)CCC(OC6OC(C(=O)O)C(O)C(O)C6OC6OC(CO)C(O)C(O)C6OC6OC(CO)C(O)C(O)C6O)C(C)(CO)C5CCC43C)C2C1,CC1(C)CC(O)C2(C)CCC3(C)C(=CCC4C5(C)CCC(OC6OC(C(=O)O)C(O)C(O)C6OC6OC(CO)C(O)C(O)C6OC6OC(CO)C(O)C(O)C6O)C(C)(CO)C5CCC43C)C2C1,sweet,flavor_db,"5-[4,5-dihydroxy-6-(hydroxymethyl)-3-[3,4,5-trihydroxy-6-(hydroxymethyl)oxan-2-yl]oxyoxan-2-yl]oxy-3,4-dihydroxy-6-[[9-hydroxy-4-(hydroxymethyl)-4,6a,6b,8a,11,11,14b-heptamethyl-1,2,3,4a,5,6,7,8,9,10,12,12a,14,14a-tetradecahydropicen-3-yl]oxy]oxane-2-carboxylic acid"
C=C1C2CCC3C4(C)CC(OC5OC(CO)C(O)C(OC6OC(CO)C(O)C(O)C6O)C5OC(=O)CC(C)C)CC(C(=O)O)C4CCC3(C2)C1O,C=C1C2CCC3C4(C)CC(OC5OC(CO)C(O)C(OC6OC(CO)C(O)C(O)C6O)C5OC(=O)CC(C)C)CC(C(=O)O)C4CCC3(C2)C1O,sweet,flavor_db,"15-hydroxy-7-[5-hydroxy-6-(hydroxymethyl)-3-(3-methylbutanoyloxy)-4-[3,4,5-trihydroxy-6-(hydroxymethyl)oxan-2-yl]oxyoxan-2-yl]oxy-9-methyl-14-methylidenetetracyclo[11.2.1.01,10.04,9]hexadecane-5-carboxylic acid"
O=CC(O)C(OCCO)C(O)C(O)CO,O=CC(O)C(OCCO)C(O)C(O)CO,sweet,flavor_db,"2,4,5,6-tetrahydroxy-3-(2-hydroxyethoxy)hexanal"
Nc1ncnc2c1ncn2C1OC(COP2(=O)OSO2)C(O)C1O,Nc1ncnc2c1ncn2C1OC(COP2(=O)OSO2)C(O)C1O,sweet,flavor_db,"2-(6-aminopurin-9-yl)-5-[(4-oxo-1,3,2,4lambda5-dioxathiaphosphetan-4-yl)oxymethyl]oxolane-3,4-diol"
CCCCC(=O)OC,CCCCC(=O)OC,sweet,flavor_db,methyl pentanoate
OCC(O)CCOC1OC(CO)C(O)C(O)C1O,OCC(O)CCOC1OC(CO)C(O)C(O)C1O,sweet,flavor_db,"2-(3,4-dihydroxybutoxy)-6-(hydroxymethyl)oxane-3,4,5-triol"
CCOC(=O)C(CCc1ccccc1)NC(C)C(=O)N(C)C(C)C(=O)O,CCOC(=O)C(CCc1ccccc1)NC(C)C(=O)N(C)C(C)C(=O)O,sweet,flavor_db,2-[2-[(1-ethoxy-1-oxo-4-phenylbutan-2-yl)amino]propanoyl-methylamino]propanoic acid
NC(=O)CCC(NC(=O)C(N)CC(N)=O)C(=O)NC(CC(=O)O)C(=O)NC(Cc1ccccc1)C(=O)O,NC(=O)CCC(NC(=O)C(N)CC(N)=O)C(=O)NC(CC(=O)O)C(=O)NC(Cc1ccccc1)C(=O)O,sweet,flavor_db,"3-[[5-amino-2-[(2,4-diamino-4-oxobutanoyl)amino]-5-oxopentanoyl]amino]-4-[(1-carboxy-2-phenylethyl)amino]-4-oxobutanoic acid"
CCN(CC)c1ncnc2c1nc(N(CC)CC)n2C1OC2COP(=O)(O)OC2C1O,CCN(CC)c1ncnc2c1nc(N(CC)CC)n2C1OC2COP(=O)(O)OC2C1O,sweet,flavor_db,"6-[6,8-bis(diethylamino)purin-9-yl]-2-hydroxy-2-oxo-4a,6,7,7a-tetrahydro-4H-furo[3,2-d][1,3,2]dioxaphosphinin-7-ol"
CCC(C)Oc1cc2oc3cc(OC(C)CC)c(OC4OC(CO)C(O)C(O)C4O)c(O)c3c(=O)c2cc1OC(C)CC,CCC(C)Oc1cc2oc3cc(OC(C)CC)c(OC4OC(CO)C(O)C(O)C4O)c(O)c3c(=O)c2cc1OC(C)CC,sweet,flavor_db,"3,6,7-tri(butan-2-yloxy)-1-hydroxy-2-[3,4,5-trihydroxy-6-(hydroxymethyl)oxan-2-yl]oxyxanthen-9-one"
CC(NC(=O)CNC(=O)C(N)CC(=O)O)C(=O)NC(Cc1ccccc1)C(=O)O,CC(NC(=O)CNC(=O)C(N)CC(=O)O)C(=O)NC(Cc1ccccc1)C(=O)O,sweet,flavor_db,3-amino-4-[[2-[[1-[(1-carboxy-2-phenylethyl)amino]-1-oxopropan-2-yl]amino]-2-oxoethyl]amino]-4-oxobutanoic acid
CC(CCO)OC1OC(CO)C(O)C(O)C1O,CC(CCO)OC1OC(CO)C(O)C(O)C1O,sweet,flavor_db,"2-(4-hydroxybutan-2-yloxy)-6-(hydroxymethyl)oxane-3,4,5-triol"
CCCCCCCCCCCCCC(=O)NCC(=O)NC(CC(=O)O)C(=O)NC(Cc1ccccc1)C(=O)O,CCCCCCCCCCCCCC(=O)NCC(=O)NC(CC(=O)O)C(=O)NC(Cc1ccccc1)C(=O)O,sweet,flavor_db,4-[(1-carboxy-2-phenylethyl)amino]-4-oxo-3-[[2-(tetradecanoylamino)acetyl]amino]butanoic acid
COc1ccc(-c2cc(=O)c3c(O)c(OC)c(OC4OC(COC5OC(C)C(O)C(O)C5O)C(O)C(O)C4O)c(OC)c3o2)cc1,COc1ccc(-c2cc(=O)c3c(O)c(OC)c(OC4OC(COC5OC(C)C(O)C(O)C5O)C(O)C(O)C4O)c(OC)c3o2)cc1,sweet,flavor_db,"5-hydroxy-6,8-dimethoxy-2-(4-methoxyphenyl)-7-[3,4,5-trihydroxy-6-[(3,4,5-trihydroxy-6-methyloxan-2-yl)oxymethyl]oxan-2-yl]oxychromen-4-one"
CC(NC(=O)C(CCCN=C(N)N)NC(=O)C(N)CC(=O)O)C(=O)NC(Cc1ccccc1)C(=O)O,CC(NC(=O)C(CCCN=C(N)N)NC(=O)C(N)CC(=O)O)C(=O)NC(Cc1ccccc1)C(=O)O,sweet,flavor_db,3-amino-4-[[1-[[1-[(1-carboxy-2-phenylethyl)amino]-1-oxopropan-2-yl]amino]-5-(diaminomethylideneamino)-1-oxopentan-2-yl]amino]-4-oxobutanoic acid
COc1cc(-c2oc3cc(O)cc(O)c3c(=O)c2OC2OC(C)C(O)C(O)C2OC2OC(C)C(O)C(O)C2O)ccc1O,COc1cc(-c2oc3cc(O)cc(O)c3c(=O)c2OC2OC(C)C(O)C(O)C2OC2OC(C)C(O)C(O)C2O)ccc1O,sweet,flavor_db,"3-[4,5-dihydroxy-6-methyl-3-(3,4,5-trihydroxy-6-methyloxan-2-yl)oxyoxan-2-yl]oxy-5,7-dihydroxy-2-(4-hydroxy-3-methoxyphenyl)chromen-4-one"
Nc1ncnc2c1ncn2C1OC(C[Se]P(=O)(O)O)C(O)C1O,Nc1ncnc2c1ncn2C1OC(C[Se]P(=O)(O)O)C(O)C1O,sweet,flavor_db,"[5-(6-aminopurin-9-yl)-3,4-dihydroxyoxolan-2-yl]methylselanylphosphonic acid"
C=CC1CC=C(C)CC1,C=CC1CC=C(C)CC1,sweet,chemtastes_db,4-ethenyl-1-methylcyclohexene
CC(C)CC(NC(=O)C(N)CC(N)=O)C(=O)NC(Cc1ccccc1)C(=O)O,CC(C)CC(NC(=O)C(N)CC(N)=O)C(=O)NC(Cc1ccccc1)C(=O)O,sweet,flavor_db,"2-[[2-[(2,4-diamino-4-oxobutanoyl)amino]-4-methylpentanoyl]amino]-3-phenylpropanoic acid"
CC(C)C(NC(=O)C(N)CC(N)=O)C(=O)NC(C(=O)NC(Cc1ccccc1)C(=O)O)C(C)C,CC(C)C(NC(=O)C(N)CC(N)=O)C(=O)NC(C(=O)NC(Cc1ccccc1)C(=O)O)C(C)C,sweet,flavor_db,"2-[[2-[[2-[(2,4-diamino-4-oxobutanoyl)amino]-3-methylbutanoyl]amino]-3-methylbutanoyl]amino]-3-phenylpropanoic acid"
COC(=O)C1OC(OC2CCC3(C)C(CCC4(C)C3C(=O)C=C3C5CC(C)(C(=O)OC)CCC5(C)CCC34C)C2(C)C)C(OC2OCC(O)(CO)C2OC)C(O)C1O,COC(=O)C1OC(OC2CCC3(C)C(CCC4(C)C3C(=O)C=C3C5CC(C)(C(=O)OC)CCC5(C)CCC34C)C2(C)C)C(OC2OCC(O)(CO)C2OC)C(O)C1O,sweet,flavor_db,"methyl 3,4-dihydroxy-5-[4-hydroxy-4-(hydroxymethyl)-3-methoxyoxolan-2-yl]oxy-6-[(11-methoxycarbonyl-4,4,6a,6b,8a,11,14b-heptamethyl-14-oxo-2,3,4a,5,6,7,8,9,10,12,12a,14a-dodecahydro-1H-picen-3-yl)oxy]oxane-2-carboxylate"
CC1(C)CCC2(C(=O)OC3OC(CO)C(O)C(O)C3O)C(O)CC3(C)C(=CCC4C5(C)CCC(OC6OC(C(=O)O)C(O)C(OC7OCC(O)C(O)C7O)C6O)C(C)(C)C5CCC43C)C2C1,CC1(C)CCC2(C(=O)OC3OC(CO)C(O)C(O)C3O)C(O)CC3(C)C(=CCC4C5(C)CCC(OC6OC(C(=O)O)C(O)C(OC7OCC(O)C(O)C7O)C6O)C(C)(C)C5CCC43C)C2C1,sweet,flavor_db,"3,5-dihydroxy-6-[[8-hydroxy-4,4,6a,6b,11,11,14b-heptamethyl-8a-[3,4,5-trihydroxy-6-(hydroxymethyl)oxan-2-yl]oxycarbonyl-1,2,3,4a,5,6,7,8,9,10,12,12a,14,14a-tetradecahydropicen-3-yl]oxy]-4-(3,4,5-trihydroxyoxan-2-yl)oxyoxane-2-carboxylic acid"
CCC(C)C(NC(=O)C(N)Cc1ccccc1)C(=O)NC(CC(=O)O)C(=O)NC(CC(C)C)C(=O)O,CCC(C)C(NC(=O)C(N)Cc1ccccc1)C(=O)NC(CC(=O)O)C(=O)NC(CC(C)C)C(=O)O,sweet,flavor_db,2-[[2-[[2-[(2-amino-3-phenylpropanoyl)amino]-3-methylpentanoyl]amino]-3-carboxypropanoyl]amino]-4-methylpentanoic acid
CCCCN(CCC(=O)OCC)C(=O)C(CC(=O)O)NC(=O)Cc1ccccc1,CCCCN(CCC(=O)OCC)C(=O)C(CC(=O)O)NC(=O)Cc1ccccc1,sweet,flavor_db,4-[butyl-(3-ethoxy-3-oxopropyl)amino]-4-oxo-3-[(2-phenylacetyl)amino]butanoic acid
CC(NC(=O)C(CC(=O)O)NC(=O)CNC(=O)C(N)Cc1ccccc1)C(=O)O,CC(NC(=O)C(CC(=O)O)NC(=O)CNC(=O)C(N)Cc1ccccc1)C(=O)O,sweet,flavor_db,3-[[2-[(2-amino-3-phenylpropanoyl)amino]acetyl]amino]-4-(1-carboxyethylamino)-4-oxobutanoic acid
CC(C)C(N)C(=O)NCC(=O)NC(Cc1ccccc1)C(=O)O,CC(C)C(N)C(=O)NCC(=O)NC(Cc1ccccc1)C(=O)O,sweet,flavor_db,2-[[2-[(2-amino-3-methylbutanoyl)amino]acetyl]amino]-3-phenylpropanoic acid
COC1C(CO)OC(OC2C(O)OC(CO)C(O)C2O)C(O)C1O,COC1C(CO)OC(OC2C(O)OC(CO)C(O)C2O)C(O)C1O,sweet,flavor_db,"3-[3,4-dihydroxy-6-(hydroxymethyl)-5-methoxyoxan-2-yl]oxy-6-(hydroxymethyl)oxane-2,4,5-triol"
C=C1CC23CCC4C(C)(C(=O)OCC(=O)O)CCCC4(C)C2CCC1(OC1OC(CO)C(O)C(O)C1OC1OC(CO)C(O)C(O)C1O)C3,C=C1CC23CCC4C(C)(C(=O)OCC(=O)O)CCCC4(C)C2CCC1(OC1OC(CO)C(O)C(O)C1OC1OC(CO)C(O)C(O)C1O)C3,sweet,flavor_db,"2-[13-[4,5-dihydroxy-6-(hydroxymethyl)-3-[3,4,5-trihydroxy-6-(hydroxymethyl)oxan-2-yl]oxyoxan-2-yl]oxy-5,9-dimethyl-14-methylidenetetracyclo[11.2.1.01,10.04,9]hexadecane-5-carbonyl]oxyacetic acid"
CCOC(=O)C1NC1C(=O)NC(Cc1ccccc1)C(=O)NCC(C)C,CCOC(=O)C1NC1C(=O)NC(Cc1ccccc1)C(=O)NCC(C)C,sweet,flavor_db,ethyl 3-[[1-(2-methylpropylamino)-1-oxo-3-phenylpropan-2-yl]carbamoyl]aziridine-2-carboxylate
CC(C)c1nc(N)c2ncn(C3OC(COP(=O)(O)O)C(O)C3O)c2n1,CC(C)c1nc(N)c2ncn(C3OC(COP(=O)(O)O)C(O)C3O)c2n1,sweet,flavor_db,"[5-(6-amino-2-propan-2-ylpurin-9-yl)-3,4-dihydroxyoxolan-2-yl]methyl dihydrogen phosphate"
COC1C(COP(=O)(O)OP(=O)(O)OP(=O)(O)O)OC(n2cnc3c(N)ncnc32)C1O,COC1C(COP(=O)(O)OP(=O)(O)OP(=O)(O)O)OC(n2cnc3c(N)ncnc32)C1O,sweet,flavor_db,[[5-(6-aminopurin-9-yl)-4-hydroxy-3-methoxyoxolan-2-yl]methoxy-hydroxyphosphoryl] phosphono hydrogen phosphate
O=CC(O)C(O)C(O)C(O)COF,O=CC(O)C(O)C(O)C(O)COF,sweet,flavor_db,"(2,3,4,5-tetrahydroxy-6-oxohexyl) hypofluorite"
CCC(C)C(NC(=O)C(Cc1ccccc1)NC(=O)C(C)N)C(=O)NC(CC(N)=O)C(=O)O,CCC(C)C(NC(=O)C(Cc1ccccc1)NC(=O)C(C)N)C(=O)NC(CC(N)=O)C(=O)O,sweet,flavor_db,4-amino-2-[[2-[[2-(2-aminopropanoylamino)-3-phenylpropanoyl]amino]-3-methylpentanoyl]amino]-4-oxobutanoic acid
CC1OC(O)(COC2OC(CCl)C(Cl)C(O)C2O)C(OCl)C1O,CC1OC(O)(COC2OC(CCl)C(Cl)C(O)C2O)C(OCl)C1O,sweet,flavor_db,"[2-[[5-chloro-6-(chloromethyl)-3,4-dihydroxyoxan-2-yl]oxymethyl]-2,4-dihydroxy-5-methyloxolan-3-yl] hypochlorite"
CC1=C(O)C(=O)CC(OC2CC(C)(C)CC3C4=CCC5C6(C)CCC(OC7OC(C(=O)O)C(O)C(O)C7OC7OC(CO)C(O)C(O)C7OC7OC(C)C(O)C(O)C7O)C(C)(CO)C6CCC5(C)C4(C)CCC23C=O)O1,CC1=C(O)C(=O)CC(OC2CC(C)(C)CC3C4=CCC5C6(C)CCC(OC7OC(C(=O)O)C(O)C(O)C7OC7OC(CO)C(O)C(O)C7OC7OC(C)C(O)C(O)C7O)C(C)(CO)C6CCC5(C)C4(C)CCC23C=O)O1,sweet,flavor_db,"6-[[8a-formyl-4-(hydroxymethyl)-9-[(5-hydroxy-6-methyl-4-oxo-2,3-dihydropyran-2-yl)oxy]-4,6a,6b,11,11,14b-hexamethyl-1,2,3,4a,5,6,7,8,9,10,12,12a,14,14a-tetradecahydropicen-3-yl]oxy]-5-[4,5-dihydroxy-6-(hydroxymethyl)-3-(3,4,5-trihydroxy-6-methyloxan-2-yl)oxyoxan-2-yl]oxy-3,4-dihydroxyoxane-2-carboxylic acid"
CC(C)C(NC(=O)C(CC(=O)O)NC(=O)C(N)Cc1ccccc1)C(=O)NC(CCCCN)C(=O)O,CC(C)C(NC(=O)C(CC(=O)O)NC(=O)C(N)Cc1ccccc1)C(=O)NC(CCCCN)C(=O)O,sweet,flavor_db,6-amino-2-[[2-[[2-[(2-amino-3-phenylpropanoyl)amino]-3-carboxypropanoyl]amino]-3-methylbutanoyl]amino]hexanoic acid
CCC(C)C(=O)OCCC(C)C,CCC(C)C(=O)OCCC(C)C,sweet,flavor_db,3-methylbutyl 2-methylbutanoate
CC(CCC(=O)C(C)C1C(O)CC2C3CCC4CC(OC5OC(CO)C(OC6OC(C)C(O)C(O)C6OC6OCC(O)C(O)C6O)C(O)C5O)CCC4(C)C3CCC21C)COC1OC(CO)C(O)C(O)C1O,CC(CCC(=O)C(C)C1C(O)CC2C3CCC4CC(OC5OC(CO)C(OC6OC(C)C(O)C(O)C6OC6OCC(O)C(O)C6O)C(O)C5O)CCC4(C)C3CCC21C)COC1OC(CO)C(O)C(O)C1O,sweet,flavor_db,"2-[3-[5-[4,5-dihydroxy-6-methyl-3-(3,4,5-trihydroxyoxan-2-yl)oxyoxan-2-yl]oxy-3,4-dihydroxy-6-(hydroxymethyl)oxan-2-yl]oxy-16-hydroxy-10,13-dimethyl-2,3,4,5,6,7,8,9,11,12,14,15,16,17-tetradecahydro-1H-cyclopenta[a]phenanthren-17-yl]-6-methyl-7-[3,4,5-trihydroxy-6-(hydroxymethyl)oxan-2-yl]oxyheptan-3-one"
COC(=O)C(Cc1ccccc1)NC(=O)C(C(C)C)N(C(C)=O)C(=O)C(N)CC(C)C,COC(=O)C(Cc1ccccc1)NC(=O)C(C(C)C)N(C(C)=O)C(=O)C(N)CC(C)C,sweet,flavor_db,methyl 2-[[2-[acetyl-(2-amino-4-methylpentanoyl)amino]-3-methylbutanoyl]amino]-3-phenylpropanoate
CC1(C)CCC2(C(=O)OC3OC(CO)C(O)C(O)C3O)CCC3(C)C(=CCC4C5(C)CC(O)C(OC6OC(CO)C(O)C(OC7OC(C(=O)O)C(O)C(O)C7O)C6O)C(C)(C)C5CCC43C)C2C1,CC1(C)CCC2(C(=O)OC3OC(CO)C(O)C(O)C3O)CCC3(C)C(=CCC4C5(C)CC(O)C(OC6OC(CO)C(O)C(OC7OC(C(=O)O)C(O)C(O)C7O)C6O)C(C)(C)C5CCC43C)C2C1,sweet,flavor_db,"6-[3,5-dihydroxy-2-[[2-hydroxy-4,4,6a,6b,11,11,14b-heptamethyl-8a-[3,4,5-trihydroxy-6-(hydroxymethyl)oxan-2-yl]oxycarbonyl-1,2,3,4a,5,6,7,8,9,10,12,12a,14,14a-tetradecahydropicen-3-yl]oxy]-6-(hydroxymethyl)oxan-4-yl]oxy-3,4,5-trihydroxyoxane-2-carboxylic acid"
Nc1ncnc2c1ncn2C1OC2COP(=O)(N3CCCCC3)OC2C1O,Nc1ncnc2c1ncn2C1OC2COP(=O)(N3CCCCC3)OC2C1O,sweet,flavor_db,"6-(6-aminopurin-9-yl)-2-oxo-2-piperidin-1-yl-4a,6,7,7a-tetrahydro-4H-furo[3,2-d][1,3,2]dioxaphosphinin-7-ol"
CC(CC(=O)OC(C)(C)C)NC(=O)C(N)CC(=O)O,CC(CC(=O)OC(C)(C)C)NC(=O)C(N)CC(=O)O,sweet,chemtastes_db,3-amino-4-[[4-[(2-methylpropan-2-yl)oxy]-4-oxobutan-2-yl]amino]-4-oxobutanoic acid
CC1(C(=O)O)CCC2(C)CCC3(C)C(=CCC4C5(C)CCC(OC6OC(C(=O)O)C(O)C(O)C6OC6OC(C(=O)O)C(O)C(O)C6O)C(C)(CO)C5CCC43C)C2C1,CC1(C(=O)O)CCC2(C)CCC3(C)C(=CCC4C5(C)CCC(OC6OC(C(=O)O)C(O)C(O)C6OC6OC(C(=O)O)C(O)C(O)C6O)C(C)(CO)C5CCC43C)C2C1,sweet,flavor_db,"6-[6-carboxy-2-[[11-carboxy-4-(hydroxymethyl)-4,6a,6b,8a,11,14b-hexamethyl-1,2,3,4a,5,6,7,8,9,10,12,12a,14,14a-tetradecahydropicen-3-yl]oxy]-4,5-dihydroxyoxan-3-yl]oxy-3,4,5-trihydroxyoxane-2-carboxylic acid"
NCCCCC(NC(=O)C(Cc1ccccc1)NC(=O)C(Cc1ccccc1)NC(=O)C(N)CC(=O)O)C(=O)O,NCCCCC(NC(=O)C(Cc1ccccc1)NC(=O)C(Cc1ccccc1)NC(=O)C(N)CC(=O)O)C(=O)O,sweet,flavor_db,6-amino-2-[[2-[[2-[(2-amino-3-carboxypropanoyl)amino]-3-phenylpropanoyl]amino]-3-phenylpropanoyl]amino]hexanoic acid
O=S(=O)([O-])[O-].OCC1OC(OC2(CO)OC(CO)C(O)C2O)C(O)C(O)C1O.[K+].[K+],O=S(=O)([O-])[O-].OCC1OC(OC2(CO)OC(CO)C(O)C2O)C(O)C(O)C1O.[K+].[K+],sweet,flavor_db,"dipotassium;2-[3,4-dihydroxy-2,5-bis(hydroxymethyl)oxolan-2-yl]oxy-6-(hydroxymethyl)oxane-3,4,5-triol;sulfate"
O=C(O)CCC(=O)NCCOC(=O)C(Cc1ccccc1)NC(=O)CCC(=O)O,O=C(O)CCC(=O)NCCOC(=O)C(Cc1ccccc1)NC(=O)CCC(=O)O,sweet,flavor_db,4-[2-[2-(3-carboxypropanoylamino)-3-phenylpropanoyl]oxyethylamino]-4-oxobutanoic acid
COc1ccc(CCc2ccccc2)cc1O,COc1ccc(CCc2ccccc2)cc1O,sweet,chemtastes_db,2-methoxy-5-(2-phenylethyl)phenol
CCOCC1OC(CO)(OC2OC(CO)C(O)C(O)C2O)C(O)C1O,CCOCC1OC(CO)(OC2OC(CO)C(O)C(O)C2O)C(O)C1O,sweet,flavor_db,"2-[5-(ethoxymethyl)-3,4-dihydroxy-2-(hydroxymethyl)oxolan-2-yl]oxy-6-(hydroxymethyl)oxane-3,4,5-triol"
CC(C)(C)COc1nc2c(N)ncnc2n1C1OC(COP(=O)(O)OP(=O)(O)OP(=O)(O)O)C(O)C1O,CC(C)(C)COc1nc2c(N)ncnc2n1C1OC(COP(=O)(O)OP(=O)(O)OP(=O)(O)O)C(O)C1O,sweet,flavor_db,"[[5-[6-amino-8-(2,2-dimethylpropoxy)purin-9-yl]-3,4-dihydroxyoxolan-2-yl]methoxy-hydroxyphosphoryl] phosphono hydrogen phosphate"
COC(=O)C1OC(OC2C(O)CC3(C)C(CCC4(C)C3CC=C3C5CC(C)(C)CCC5(C(=O)OC5OC(CO)C(O)C(O)C5O)CCC34C)C2(C)CO)C(O)C(O)C1O,COC(=O)C1OC(OC2C(O)CC3(C)C(CCC4(C)C3CC=C3C5CC(C)(C)CCC5(C(=O)OC5OC(CO)C(O)C(O)C5O)CCC34C)C2(C)CO)C(O)C(O)C1O,sweet,flavor_db,"methyl 3,4,5-trihydroxy-6-[[2-hydroxy-4-(hydroxymethyl)-4,6a,6b,11,11,14b-hexamethyl-8a-[3,4,5-trihydroxy-6-(hydroxymethyl)oxan-2-yl]oxycarbonyl-1,2,3,4a,5,6,7,8,9,10,12,12a,14,14a-tetradecahydropicen-3-yl]oxy]oxane-2-carboxylate"
CC(O)C(O)(O)CCO,CC(O)C(O)(O)CCO,sweet,flavor_db,"pentane-1,3,3,4-tetrol"
COC1C(OC(CO)C(C)O)OC(C)C(O)C1OC,COC1C(OC(CO)C(C)O)OC(C)C(O)C1OC,sweet,flavor_db,"2-(5-hydroxy-3,4-dimethoxy-6-methyloxan-2-yl)oxybutane-1,3-diol"
CCCOC(=O)CC,CCCOC(=O)CC,sweet,flavor_db,propyl propanoate
OCCCOCC1OC(OCC2OC(OCCCO)C(OCCCO)C(OCCCO)C2OCCCO)C(OCCCO)C(OCCCO)C1OCCCO,OCCCOCC1OC(OCC2OC(OCCCO)C(OCCCO)C(OCCCO)C2OCCCO)C(OCCCO)C(OCCCO)C1OCCCO,sweet,flavor_db,"3-[[3,4,5-tris(3-hydroxypropoxy)-6-[[3,4,5,6-tetrakis(3-hydroxypropoxy)oxan-2-yl]methoxy]oxan-2-yl]methoxy]propan-1-ol"
NC(Cc1c[nH]c2cc(Cl)ccc12)C(=O)O,NC(Cc1c[nH]c2cc(Cl)ccc12)C(=O)O,sweet,chemtastes_db,2-amino-3-(6-chloro-1H-indol-3-yl)propanoic acid
C=CCc1ccc2c(c1)OCO2,C=CCc1ccc2c(c1)OCO2,sweet,flavor_db,"5-prop-2-enyl-1,3-benzodioxole"
CC(NC(=O)C(CC(N)=O)NC(=O)C(Cc1ccccc1)NC(=O)C(N)CC(=O)O)C(=O)O,CC(NC(=O)C(CC(N)=O)NC(=O)C(Cc1ccccc1)NC(=O)C(N)CC(=O)O)C(=O)O,sweet,flavor_db,"3-amino-4-[[1-[[4-amino-1-(1-carboxyethylamino)-1,4-dioxobutan-2-yl]amino]-1-oxo-3-phenylpropan-2-yl]amino]-4-oxobutanoic acid"
COC(=O)C1OC(OC2CCC3(C)C(CCC4(C)C3C(=O)C=C3C5CC(C)(C)CC(O)C5(C)CCC34C)C2(C)CO)C(OC2OC(CO)C(O)C(O)C2OC2OC(C)C(O)C(O)C2O)C(O)C1O,COC(=O)C1OC(OC2CCC3(C)C(CCC4(C)C3C(=O)C=C3C5CC(C)(C)CC(O)C5(C)CCC34C)C2(C)CO)C(OC2OC(CO)C(O)C(O)C2OC2OC(C)C(O)C(O)C2O)C(O)C1O,sweet,flavor_db,"methyl 5-[4,5-dihydroxy-6-(hydroxymethyl)-3-(3,4,5-trihydroxy-6-methyloxan-2-yl)oxyoxan-2-yl]oxy-3,4-dihydroxy-6-[[9-hydroxy-4-(hydroxymethyl)-4,6a,6b,8a,11,11,14b-heptamethyl-14-oxo-2,3,4a,5,6,7,8,9,10,12,12a,14a-dodecahydro-1H-picen-3-yl]oxy]oxane-2-carboxylate"
OCC1OC(OCC2OC(O)C(O)C2O)C(O)C(O)C1O,OCC1OC(OCC2OC(O)C(O)C2O)C(O)C(O)C1O,sweet,flavor_db,"2-(hydroxymethyl)-6-[(3,4,5-trihydroxyoxolan-2-yl)methoxy]oxane-3,4,5-triol"
OCC1(O)OC(COC2(CO)OCC(O)C(O)C2O)C(O)C1O,OCC1(O)OC(COC2(CO)OCC(O)C(O)C2O)C(O)C1O,sweet,flavor_db,"2-(hydroxymethyl)-2-[[3,4,5-trihydroxy-5-(hydroxymethyl)oxolan-2-yl]methoxy]oxane-3,4,5-triol"
O=C(COCl)C(OCl)C(OCl)C(O)CO,O=C(COCl)C(OCl)C(OCl)C(O)CO,sweet,flavor_db,"(1,4-dichlorooxy-5,6-dihydroxy-2-oxohexan-3-yl) hypochlorite"
Nc1ncnc2c1ncn2C1OC(COP(=O)(O)OP(=O)(O)OP(O)(O)=S)C(O)C1O,Nc1ncnc2c1ncn2C1OC(COP(=O)(O)OP(=O)(O)OP(O)(O)=S)C(O)C1O,sweet,flavor_db,"[[5-(6-aminopurin-9-yl)-3,4-dihydroxyoxolan-2-yl]methoxy-hydroxyphosphoryl] dihydroxyphosphinothioyl hydrogen phosphate"
CC(N)C(=O)NCC(=O)NC(CC(N)=O)C(=O)NC(Cc1ccccc1)C(=O)O,CC(N)C(=O)NCC(=O)NC(CC(N)=O)C(=O)NC(Cc1ccccc1)C(=O)O,sweet,flavor_db,2-[[4-amino-2-[[2-(2-aminopropanoylamino)acetyl]amino]-4-oxobutanoyl]amino]-3-phenylpropanoic acid
CC(C)C(NC(=O)C(Cc1ccccc1)NC(=O)C(CC(=O)O)NC(=O)C(N)CC(N)=O)C(=O)O,CC(C)C(NC(=O)C(Cc1ccccc1)NC(=O)C(CC(=O)O)NC(=O)C(N)CC(N)=O)C(=O)O,sweet,flavor_db,"2-[[2-[[3-carboxy-2-[(2,4-diamino-4-oxobutanoyl)amino]propanoyl]amino]-3-phenylpropanoyl]amino]-3-methylbutanoic acid"
COc1ccc(C2CCc3ccccc3O2)cc1O,COc1ccc(C2CCc3ccccc3O2)cc1O,sweet,chemtastes_db,"5-(3,4-dihydro-2H-chromen-2-yl)-2-methoxyphenol"
CN(C)c1ncnc2c1ncn2C1OC(COP(=O)(O)O)C(N)C1O,CN(C)c1ncnc2c1ncn2C1OC(COP(=O)(O)O)C(N)C1O,sweet,flavor_db,[3-amino-5-[6-(dimethylamino)purin-9-yl]-4-hydroxyoxolan-2-yl]methyl dihydrogen phosphate
CCC(=O)CO,CCC(=O)CO,sweet,flavor_db,1-hydroxybutan-2-one
CCC(C)C(NC(=O)C(N)Cc1ccccc1)C(=O)NC(CC(=O)O)C(=O)NC(CC(N)=O)C(=O)O,CCC(C)C(NC(=O)C(N)Cc1ccccc1)C(=O)NC(CC(=O)O)C(=O)NC(CC(N)=O)C(=O)O,sweet,flavor_db,4-amino-2-[[2-[[2-[(2-amino-3-phenylpropanoyl)amino]-3-methylpentanoyl]amino]-3-carboxypropanoyl]amino]-4-oxobutanoic acid
O=C(O)COc1ccccc1,O=C(O)COc1ccccc1,sweet,flavor_db,2-phenoxyacetic acid
CC(C)CC(N)C(=O)N1CCCC1C(=O)NC(CC(=O)O)C(=O)NC(Cc1ccccc1)C(=O)O,CC(C)CC(N)C(=O)N1CCCC1C(=O)NC(CC(=O)O)C(=O)NC(Cc1ccccc1)C(=O)O,sweet,flavor_db,3-[[1-(2-amino-4-methylpentanoyl)pyrrolidine-2-carbonyl]amino]-4-[(1-carboxy-2-phenylethyl)amino]-4-oxobutanoic acid
OCC(O)COC1C(O)OC(CO)C(O)C1O,OCC(O)COC1C(O)OC(CO)C(O)C1O,sweet,flavor_db,"3-(2,3-dihydroxypropoxy)-6-(hydroxymethyl)oxane-2,4,5-triol"
CC1OC(OC2C(c3c(O)cc4oc(-c5ccc(O)c(O)c5)cc(=O)c4c3O)OC(C)C(O)C2O)C(O)C(O)C1O,CC1OC(OC2C(c3c(O)cc4oc(-c5ccc(O)c(O)c5)cc(=O)c4c3O)OC(C)C(O)C2O)C(O)C(O)C1O,sweet,flavor_db,"6-[4,5-dihydroxy-6-methyl-3-(3,4,5-trihydroxy-6-methyloxan-2-yl)oxyoxan-2-yl]-2-(3,4-dihydroxyphenyl)-5,7-dihydroxychromen-4-one"
NCCCNc1nc2c(N)ncnc2n1C1OC(COP(=O)(O)O)C(O)C1O,NCCCNc1nc2c(N)ncnc2n1C1OC(COP(=O)(O)O)C(O)C1O,sweet,flavor_db,"[5-[6-amino-8-(3-aminopropylamino)purin-9-yl]-3,4-dihydroxyoxolan-2-yl]methyl dihydrogen phosphate"
CC(C)C(NC(=O)CNC(=O)C(Cc1ccccc1)NC(=O)C(N)CC(=O)O)C(=O)O,CC(C)C(NC(=O)CNC(=O)C(Cc1ccccc1)NC(=O)C(N)CC(=O)O)C(=O)O,sweet,flavor_db,2-[[2-[[2-[(2-amino-3-carboxypropanoyl)amino]-3-phenylpropanoyl]amino]acetyl]amino]-3-methylbutanoic acid
CCCC(O)CCOC1OC(CO)C(O)C(O)C1O,CCCC(O)CCOC1OC(CO)C(O)C(O)C1O,sweet,flavor_db,"2-(3-hydroxyhexoxy)-6-(hydroxymethyl)oxane-3,4,5-triol"
C=C1CC23CCC4C(C)(C(=O)O)CCCC4(C)C2CCC1(OC1OC(CO)C(O)C(OC2OC(CO)C(O)C(O)C2OC2OC(CO)C(O)C(O)C2O)C1O)C3,C=C1CC23CCC4C(C)(C(=O)O)CCCC4(C)C2CCC1(OC1OC(CO)C(O)C(OC2OC(CO)C(O)C(O)C2OC2OC(CO)C(O)C(O)C2O)C1O)C3,sweet,flavor_db,"13-[4-[4,5-dihydroxy-6-(hydroxymethyl)-3-[3,4,5-trihydroxy-6-(hydroxymethyl)oxan-2-yl]oxyoxan-2-yl]oxy-3,5-dihydroxy-6-(hydroxymethyl)oxan-2-yl]oxy-5,9-dimethyl-14-methylidenetetracyclo[11.2.1.01,10.04,9]hexadecane-5-carboxylic acid"
OC1COC(COC2OCC(O)C(O)C2O)C(O)C1O,OC1COC(COC2OCC(O)C(O)C2O)C(O)C1O,sweet,flavor_db,"2-[(3,4,5-trihydroxyoxan-2-yl)oxymethyl]oxane-3,4,5-triol"
CCCCOc1nc(N)c2ncn(C3OC(COP(=O)(O)O)C(O)C3O)c2n1,CCCCOc1nc(N)c2ncn(C3OC(COP(=O)(O)O)C(O)C3O)c2n1,sweet,flavor_db,"[5-(6-amino-2-butoxypurin-9-yl)-3,4-dihydroxyoxolan-2-yl]methyl dihydrogen phosphate"
NCC(=O)NC(Cc1ccccc1)C(=O)NCC(=O)NC(CC(N)=O)C(=O)O,NCC(=O)NC(Cc1ccccc1)C(=O)NCC(=O)NC(CC(N)=O)C(=O)O,sweet,flavor_db,4-amino-2-[[2-[[2-[(2-aminoacetyl)amino]-3-phenylpropanoyl]amino]acetyl]amino]-4-oxobutanoic acid
NCCCCC(NC(=O)C(CC(=O)O)NC(=O)C(Cc1ccccc1)NC(=O)C(N)CCC(N)=O)C(=O)O,NCCCCC(NC(=O)C(CC(=O)O)NC(=O)C(Cc1ccccc1)NC(=O)C(N)CCC(N)=O)C(=O)O,sweet,flavor_db,"6-amino-2-[[3-carboxy-2-[[2-[(2,5-diamino-5-oxopentanoyl)amino]-3-phenylpropanoyl]amino]propanoyl]amino]hexanoic acid"
CC(C)Oc1ccc([N+](=O)[O-])cc1[N+](=O)[O-],CC(C)Oc1ccc([N+](=O)[O-])cc1[N+](=O)[O-],sweet,flavor_db,"2,4-dinitro-1-propan-2-yloxybenzene"
COCC1OC(OC2(COC)OC(CO)C(OC)C2OC)C(OC)C(OC)C1OC,COCC1OC(OC2(COC)OC(CO)C(OC)C2OC)C(OC)C(OC)C1OC,sweet,flavor_db,"[3,4-dimethoxy-5-(methoxymethyl)-5-[3,4,5-trimethoxy-6-(methoxymethyl)oxan-2-yl]oxyoxolan-2-yl]methanol"
O=C(C=Cc1ccc(O)c(O)c1)c1ccc(OC2OC(CO)C(O)C(O)C2O)c(O)c1O,O=C(C=Cc1ccc(O)c(O)c1)c1ccc(OC2OC(CO)C(O)C(O)C2O)c(O)c1O,sweet,flavor_db,"3-(3,4-dihydroxyphenyl)-1-[2,3-dihydroxy-4-[3,4,5-trihydroxy-6-(hydroxymethyl)oxan-2-yl]oxyphenyl]prop-2-en-1-one"
C=CCNCC(=O)NC(Cc1ccccc1)C(=O)OC,C=CCNCC(=O)NC(Cc1ccccc1)C(=O)OC,sweet,flavor_db,methyl 3-phenyl-2-[[2-(prop-2-enylamino)acetyl]amino]propanoate
CC(C)CC(NC(=O)C(CC(C)C)NC(=O)C(CC(=O)O)NC(=O)C(N)Cc1ccccc1)C(=O)O,CC(C)CC(NC(=O)C(CC(C)C)NC(=O)C(CC(=O)O)NC(=O)C(N)Cc1ccccc1)C(=O)O,sweet,flavor_db,2-[[2-[[2-[(2-amino-3-phenylpropanoyl)amino]-3-carboxypropanoyl]amino]-4-methylpentanoyl]amino]-4-methylpentanoic acid
C[Sn](C)(C)N1C(=O)c2ccccc2S1(=O)=O,C[Sn+](C)C.O=C1[N-]S(=O)(=O)c2ccccc21,sweet,flavor_db,"1,1-dioxo-2-trimethylstannyl-1,2-benzothiazol-3-one"
OCC1OC(OC2(CO)OC(CO)C(O)C2O)[C](O)C(O)C1O,OCC1OC(OC2(CO)OC(CO)C(O)C2O)[C](O)C(O)C1O,sweet,flavor_db,"2-[3,4-dihydroxy-2,5-bis(hydroxymethyl)oxolan-2-yl]oxy-6-(hydroxymethyl)oxane-3,4,5-triol"
COC1(C)OCC(C(O)C(O)C2COC(C)(OC)C(C)(OC)O2)OC1(C)OC,COC1(C)OCC(C(O)C(O)C2COC(C)(OC)C(C)(OC)O2)OC1(C)OC,sweet,flavor_db,"1,2-bis(5,6-dimethoxy-5,6-dimethyl-1,4-dioxan-2-yl)ethane-1,2-diol"
NC(=O)CC(NC(=O)C(N)Cc1ccccc1)C(=O)NC(CC(=O)O)C(=O)O,NC(=O)CC(NC(=O)C(N)Cc1ccccc1)C(=O)NC(CC(=O)O)C(=O)O,sweet,flavor_db,2-[[4-amino-2-[(2-amino-3-phenylpropanoyl)amino]-4-oxobutanoyl]amino]butanedioic acid
CC=CC=CC=O,CC=CC=CC=O,sweet,flavor_db,"hexa-2,4-dienal"
COc1cc(-c2cc(=O)c3c(O)cc(OC4OCC(O)C(O)C4OC4OC(CO)C(O)C4O)cc3o2)ccc1O,COc1cc(-c2cc(=O)c3c(O)cc(OC4OCC(O)C(O)C4OC4OC(CO)C(O)C4O)cc3o2)ccc1O,sweet,flavor_db,"7-[3-[3,4-dihydroxy-5-(hydroxymethyl)oxolan-2-yl]oxy-4,5-dihydroxyoxan-2-yl]oxy-5-hydroxy-2-(4-hydroxy-3-methoxyphenyl)chromen-4-one"
CCCCCCC(O)CCOC(C)=O,CCCCCCC(O)CCOC(C)=O,sweet,flavor_db,3-hydroxynonyl acetate
O=CC(O)C(O)C(O)C(O)C(O)C(O)CO,O=CC(O)C(O)C(O)C(O)C(O)C(O)CO,sweet,flavor_db,"2,3,4,5,6,7,8-heptahydroxyoctanal"
CCCCCCCCCCCCCC(=O)NCC(=O)NCC(=O)NC(Cc1ccccc1)C(=O)O,CCCCCCCCCCCCCC(=O)NCC(=O)NCC(=O)NC(Cc1ccccc1)C(=O)O,sweet,flavor_db,3-phenyl-2-[[2-[[2-(tetradecanoylamino)acetyl]amino]acetyl]amino]propanoic acid
CC(C)(C)OC(=O)CC1NCCN(C(Cc2ccccc2)C(=O)O)C1=O,CC(C)(C)OC(=O)CC1NCCN(C(Cc2ccccc2)C(=O)O)C1=O,sweet,flavor_db,2-[3-[2-[(2-methylpropan-2-yl)oxy]-2-oxoethyl]-2-oxopiperazin-1-yl]-3-phenylpropanoic acid
OCC1OC(O)C(O)[C](O)C1O,OCC1OC(O)C(O)[C](O)C1O,sweet,flavor_db,"6-(hydroxymethyl)oxane-2,3,4,5-tetrol"
CCCCCCOC1OC(C(O)CO)C(O)C1O,CCCCCCOC1OC(C(O)CO)C(O)C1O,sweet,flavor_db,"2-(1,2-dihydroxyethyl)-5-hexoxyoxolane-3,4-diol"
O=C1CCC(C(=O)O)N1,O=C1CCC(C(=O)O)N1,sweet,flavor_db,5-oxopyrrolidine-2-carboxylic acid
CC(O)(O)C(O)(O)C(O)(O)C(O)C(O)(O)O,CC(O)(O)C(O)(O)C(O)(O)C(O)C(O)(O)O,sweet,flavor_db,"hexane-1,1,1,2,3,3,4,4,5,5-decol"
CCCCCC(=O)N1CCNC(=O)C1CC(=O)OCCCc1ccccc1,CCCCCC(=O)N1CCNC(=O)C1CC(=O)OCCCc1ccccc1,sweet,flavor_db,3-phenylpropyl 2-(1-hexanoyl-3-oxopiperazin-2-yl)acetate
O=C(CCc1ccc(O)cc1)c1c(O)cc(O)c(OC2OC(O)C(O)C(O)C2O)c1O,O=C(CCc1ccc(O)cc1)c1c(O)cc(O)c(OC2OC(O)C(O)C(O)C2O)c1O,sweet,flavor_db,"3-(4-hydroxyphenyl)-1-[2,4,6-trihydroxy-3-(3,4,5,6-tetrahydroxyoxan-2-yl)oxyphenyl]propan-1-one"
CCC(C)CC(C)NC(=O)C(N)CC(=O)O,CCC(C)CC(C)NC(=O)C(N)CC(=O)O,sweet,chemtastes_db,3-amino-4-(4-methylhexan-2-ylamino)-4-oxobutanoic acid
CC1(C)CCC2(C(=O)OC3OC(C(=O)O)C(O)C(O)C3O)CCC3(C)C(=CCC4C5(C)CCC(O)C(C)(C)C5CCC43C)C2C1,CC1(C)CCC2(C(=O)OC3OC(C(=O)O)C(O)C(O)C3O)CCC3(C)C(=CCC4C5(C)CCC(O)C(C)(C)C5CCC43C)C2C1,sweet,flavor_db,"3,4,5-trihydroxy-6-(10-hydroxy-2,2,6a,6b,9,9,12a-heptamethyl-1,3,4,5,6,6a,7,8,8a,10,11,12,13,14b-tetradecahydropicene-4a-carbonyl)oxyoxane-2-carboxylic acid"
COC(=O)C(Cc1ccccc1)NC(=O)CC(C)C,COC(=O)C(Cc1ccccc1)NC(=O)CC(C)C,sweet,flavor_db,methyl 2-(3-methylbutanoylamino)-3-phenylpropanoate
Fc1ccc(C(N=Nc2ccccc2)=NNc2ccccc2)cc1,Fc1ccc(C(N=Nc2ccccc2)=NNc2ccccc2)cc1,sweet,flavor_db,N'-anilino-4-fluoro-N-phenyliminobenzenecarboximidamide
CC1OC(ON)C(O)C(O)C1O,CC1OC(ON)C(O)C(O)C1O,sweet,flavor_db,"2-aminooxy-6-methyloxane-3,4,5-triol"
CC(=O)OC1CC(C)(C)CC2C3=CCC4C5(C)CCC(OC6OC(C(=O)O)C(O)C(O)C6OC6OC(CO)C(O)C(O)C6OC6OC(C)C(O)C(O)C6O)C(C)(C)C5CCC4(C)C3(C)CCC12C,CC(=O)OC1CC(C)(C)CC2C3=CCC4C5(C)CCC(OC6OC(C(=O)O)C(O)C(O)C6OC6OC(CO)C(O)C(O)C6OC6OC(C)C(O)C(O)C6O)C(C)(C)C5CCC4(C)C3(C)CCC12C,sweet,flavor_db,"6-[(9-acetyloxy-4,4,6a,6b,8a,11,11,14b-octamethyl-1,2,3,4a,5,6,7,8,9,10,12,12a,14,14a-tetradecahydropicen-3-yl)oxy]-5-[4,5-dihydroxy-6-(hydroxymethyl)-3-(3,4,5-trihydroxy-6-methyloxan-2-yl)oxyoxan-2-yl]oxy-3,4-dihydroxyoxane-2-carboxylic acid"
O=P1(O)OCC2OC(n3cnc4c(NO)ncnc43)C(O)C2O1,O=P1(O)OCC2OC(n3cnc4c(NO)ncnc43)C(O)C2O1,sweet,flavor_db,"2-hydroxy-6-[6-(hydroxyamino)purin-9-yl]-2-oxo-4a,6,7,7a-tetrahydro-4H-furo[3,2-d][1,3,2]dioxaphosphinin-7-ol"
CCCCCCCOC(=O)CCC,CCCCCCCOC(=O)CCC,sweet,flavor_db,heptyl butanoate
CC(C)CC(N)C(=O)NC(CCCCN)C(=O)NC(CC(=O)O)C(=O)NC(Cc1ccccc1)C(=O)O,CC(C)CC(N)C(=O)NC(CCCCN)C(=O)NC(CC(=O)O)C(=O)NC(Cc1ccccc1)C(=O)O,sweet,flavor_db,3-[[6-amino-2-[(2-amino-4-methylpentanoyl)amino]hexanoyl]amino]-4-[(1-carboxy-2-phenylethyl)amino]-4-oxobutanoic acid
CC(N)C(=O)NCC(=O)NC(CCCCN)C(=O)NC(Cc1ccccc1)C(=O)O,CC(N)C(=O)NCC(=O)NC(CCCCN)C(=O)NC(Cc1ccccc1)C(=O)O,sweet,flavor_db,2-[[6-amino-2-[[2-(2-aminopropanoylamino)acetyl]amino]hexanoyl]amino]-3-phenylpropanoic acid
O=C(C=Cc1ccc(OC2OC(CO)C(O)C(O)C2O)c(O)c1)c1c(O)cc(O)cc1O,O=C(C=Cc1ccc(OC2OC(CO)C(O)C(O)C2O)c(O)c1)c1c(O)cc(O)cc1O,sweet,flavor_db,"3-[3-hydroxy-4-[3,4,5-trihydroxy-6-(hydroxymethyl)oxan-2-yl]oxyphenyl]-1-(2,4,6-trihydroxyphenyl)prop-2-en-1-one"
OCC1OC(OC2C(CO)OC(O)C(O)C2O)C(O)CC1O,OCC1OC(OC2C(CO)OC(O)C(O)C2O)C(O)CC1O,sweet,flavor_db,"5-[3,5-dihydroxy-6-(hydroxymethyl)oxan-2-yl]oxy-6-(hydroxymethyl)oxane-2,3,4-triol"
CNc1nc2c(N)ncnc2n1C1OC(COP(=O)(O)OP(=O)(O)OP(=O)(O)O)C(O)C1O,CNc1nc2c(N)ncnc2n1C1OC(COP(=O)(O)OP(=O)(O)OP(=O)(O)O)C(O)C1O,sweet,flavor_db,"[[5-[6-amino-8-(methylamino)purin-9-yl]-3,4-dihydroxyoxolan-2-yl]methoxy-hydroxyphosphoryl] phosphono hydrogen phosphate"
NC(=O)CC(N)C(=O)NC(Cc1ccccc1)C(=O)NC(CC(=O)O)C(=O)NC(CC(=O)O)C(=O)O,NC(=O)CC(N)C(=O)NC(Cc1ccccc1)C(=O)NC(CC(=O)O)C(=O)NC(CC(=O)O)C(=O)O,sweet,flavor_db,"2-[[3-carboxy-2-[[2-[(2,4-diamino-4-oxobutanoyl)amino]-3-phenylpropanoyl]amino]propanoyl]amino]butanedioic acid"
Cc1ccc(S(=O)(=O)N2C(=O)c3ccccc3S2(=O)=O)cc1,Cc1ccc(S(=O)(=O)N2C(=O)c3ccccc3S2(=O)=O)cc1,sweet,flavor_db,"2-(4-methylphenyl)sulfonyl-1,1-dioxo-1,2-benzothiazol-3-one"
O=CC(O)C(O)C(O)C(O)CO.O=S([O-])O.[Na+],O=CC(O)C(O)C(O)C(O)CO.O=S([O-])O.[Na+],sweet,flavor_db,"sodium;hydrogen sulfite;2,3,4,5,6-pentahydroxyhexanal"
CC(NC(=Nc1cccc(Br)c1)NCC(=O)O)c1ccccc1,CC(NC(=Nc1cccc(Br)c1)NCC(=O)O)c1ccccc1,sweet,chemtastes_db,2-[[(3-bromoanilino)-(1-phenylethylamino)methylidene]amino]acetic acid
OCC1OC(OC2(C(I)OI)OC(CO)C(O)C2O)C(O)C(O)C1O,OCC1OC(OC2(C(I)OI)OC(CO)C(O)C2O)C(O)C(O)C1O,sweet,flavor_db,"[[3,4-dihydroxy-5-(hydroxymethyl)-2-[3,4,5-trihydroxy-6-(hydroxymethyl)oxan-2-yl]oxyoxolan-2-yl]-iodomethyl] hypoiodite"
C=C1CC23CCC4C(C)(C(=O)O)CCCC4(C)C2CCC1(OC1OC(CO)C(OC2OC(CO)C(OC4OC(CO)C(OC5OC(CO)C(O)C(O)C5O)C(O)C4O)C(O)C2O)C(O)C1O)C3,C=C1CC23CCC4C(C)(C(=O)O)CCCC4(C)C2CCC1(OC1OC(CO)C(OC2OC(CO)C(OC4OC(CO)C(OC5OC(CO)C(O)C(O)C5O)C(O)C4O)C(O)C2O)C(O)C1O)C3,sweet,flavor_db,"13-[5-[5-[3,4-dihydroxy-6-(hydroxymethyl)-5-[3,4,5-trihydroxy-6-(hydroxymethyl)oxan-2-yl]oxyoxan-2-yl]oxy-3,4-dihydroxy-6-(hydroxymethyl)oxan-2-yl]oxy-3,4-dihydroxy-6-(hydroxymethyl)oxan-2-yl]oxy-5,9-dimethyl-14-methylidenetetracyclo[11.2.1.01,10.04,9]hexadecane-5-carboxylic acid"
O=C(O)CC1NC(=O)CNC(=O)OCOC(=O)C(Cc2ccccc2)NC1=O,O=C(O)CC1NC(=O)CNC(=O)OCOC(=O)C(Cc2ccccc2)NC1=O,sweet,flavor_db,"2-(12-benzyl-4,7,10,13-tetraoxo-1,3-dioxa-5,8,11-triazacyclotridec-9-yl)acetic acid"
CCOC(=O)C1NC1C(=O)NC(Cc1ccccc1)C(=O)NCCC(C)C,CCOC(=O)C1NC1C(=O)NC(Cc1ccccc1)C(=O)NCCC(C)C,sweet,flavor_db,ethyl 3-[[1-(3-methylbutylamino)-1-oxo-3-phenylpropan-2-yl]carbamoyl]aziridine-2-carboxylate
OCC1OC(O)C(O)C(O)C1(O)O,OCC1OC(O)C(O)C(O)C1(O)O,sweet,flavor_db,"6-(hydroxymethyl)oxane-2,3,4,5,5-pentol"
CCC(C)C(NC(=O)C(N)CCCCN)C(=O)NC(CC(=O)O)C(=O)NC(Cc1ccccc1)C(=O)O,CCC(C)C(NC(=O)C(N)CCCCN)C(=O)NC(CC(=O)O)C(=O)NC(Cc1ccccc1)C(=O)O,sweet,flavor_db,"4-[(1-carboxy-2-phenylethyl)amino]-3-[[2-(2,6-diaminohexanoylamino)-3-methylpentanoyl]amino]-4-oxobutanoic acid"
CC(C)C(O)C(O)CC(C)C1C(OC2OC(CO)C(O)C(O)C2O)CC2C3CC(=O)C4CC(OC5OC(COC6OC(CO)C(O)C(O)C6O)C(O)C(O)C5O)CCC4(C)C3CCC21C,CC(C)C(O)C(O)CC(C)C1C(OC2OC(CO)C(O)C(O)C2O)CC2C3CC(=O)C4CC(OC5OC(COC6OC(CO)C(O)C(O)C6O)C(O)C(O)C5O)CCC4(C)C3CCC21C,sweet,flavor_db,"17-(4,5-dihydroxy-6-methylheptan-2-yl)-10,13-dimethyl-16-[3,4,5-trihydroxy-6-(hydroxymethyl)oxan-2-yl]oxy-3-[3,4,5-trihydroxy-6-[[3,4,5-trihydroxy-6-(hydroxymethyl)oxan-2-yl]oxymethyl]oxan-2-yl]oxy-1,2,3,4,5,7,8,9,11,12,14,15,16,17-tetradecahydrocyclopenta[a]phenanthren-6-one"
COC(CCCO)C1OC(OC2C(CO)OC(O)C(O)C2O)C(O)C(O)C1O,COC(CCCO)C1OC(OC2C(CO)OC(O)C(O)C2O)C(O)C(O)C1O,sweet,flavor_db,"6-(hydroxymethyl)-5-[3,4,5-trihydroxy-6-(4-hydroxy-1-methoxybutyl)oxan-2-yl]oxyoxane-2,3,4-triol"
CCC(C)C(N)C(=O)NC(C(=O)NC(CC(N)=O)C(=O)NC(Cc1ccccc1)C(=O)O)C(C)C,CCC(C)C(N)C(=O)NC(C(=O)NC(CC(N)=O)C(=O)NC(Cc1ccccc1)C(=O)O)C(C)C,sweet,flavor_db,2-[[4-amino-2-[[2-[(2-amino-3-methylpentanoyl)amino]-3-methylbutanoyl]amino]-4-oxobutanoyl]amino]-3-phenylpropanoic acid
COC1C(O)COC(OCC2OC(OC3C(O)C(C)OC(CO)C3O)C(O)C(OC)C2O)C1O,COC1C(O)COC(OCC2OC(OC3C(O)C(C)OC(CO)C3O)C(O)C(OC)C2O)C1O,sweet,phytocompounds_db,"4-[6-[(3,5-dihydroxy-4-methoxyoxan-2-yl)oxymethyl]-3,5-dihydroxy-4-methoxyoxan-2-yl]oxy-2-(hydroxymethyl)-6-methyloxane-3,5-diol"
COP(=O)(O)OCC1OC(n2cnc3c(N)ncnc32)CC1O,COP(=O)(O)OCC1OC(n2cnc3c(N)ncnc32)CC1O,sweet,flavor_db,[5-(6-aminopurin-9-yl)-3-hydroxyoxolan-2-yl]methyl methyl hydrogen phosphate
Nc1nc(Cl)nc2c1ncn2C1OC(COP(=O)(O)O)CC1O,Nc1nc(Cl)nc2c1ncn2C1OC(COP(=O)(O)O)CC1O,sweet,flavor_db,[5-(6-amino-2-chloropurin-9-yl)-4-hydroxyoxolan-2-yl]methyl dihydrogen phosphate
OCC(O)C(O)C(OC1OC(CO)C(OC2OC(COC3OC(CO)C(O)C(O)C3O)C(O)C(O)C2O)C(O)C1O)C(O)CO,OCC(O)C(O)C(OC1OC(CO)C(OC2OC(COC3OC(CO)C(O)C(O)C3O)C(O)C(O)C2O)C(O)C1O)C(O)CO,sweet,flavor_db,"4-[3,4-dihydroxy-6-(hydroxymethyl)-5-[3,4,5-trihydroxy-6-[[3,4,5-trihydroxy-6-(hydroxymethyl)oxan-2-yl]oxymethyl]oxan-2-yl]oxyoxan-2-yl]oxyhexane-1,2,3,5,6-pentol"
CC(NC(=O)C(N)Cc1ccccc1)C(=O)NC(CO)C(=O)NC(CC(N)=O)C(=O)O,CC(NC(=O)C(N)Cc1ccccc1)C(=O)NC(CO)C(=O)NC(CC(N)=O)C(=O)O,sweet,flavor_db,4-amino-2-[[2-[2-[(2-amino-3-phenylpropanoyl)amino]propanoylamino]-3-hydroxypropanoyl]amino]-4-oxobutanoic acid
CC(NC(=O)C(N)CC(=O)O)C(=O)NC(C)(C(C)(C)C)C(C)(C)C,CC(NC(=O)C(N)CC(=O)O)C(=O)NC(C)(C(C)(C)C)C(C)(C)C,sweet,chemtastes_db,"3-amino-4-oxo-4-[[1-oxo-1-(2,2,3,4,4-pentamethylpentan-3-ylamino)propan-2-yl]amino]butanoic acid"
CC1=C(C=O)C(C)(C)CC=C1,CC1=C(C=O)C(C)(C)CC=C1,sweet,flavor_db,"2,6,6-trimethylcyclohexa-1,3-diene-1-carbaldehyde"
Nc1nc(N)c2ncn(C3CC(OP(=O)(O)O)C(CO)O3)c2n1,Nc1nc(N)c2ncn(C3CC(OP(=O)(O)O)C(CO)O3)c2n1,sweet,flavor_db,"[5-(2,6-diaminopurin-9-yl)-2-(hydroxymethyl)oxolan-3-yl] dihydrogen phosphate"
COc1c(-c2ccc(O)c(O)c2)oc2cc(OC3OC(CO)C(O)C(O)C3O)cc(OC)c2c1=O,COc1c(-c2ccc(O)c(O)c2)oc2cc(OC3OC(CO)C(O)C(O)C3O)cc(OC)c2c1=O,sweet,flavor_db,"2-(3,4-dihydroxyphenyl)-3,5-dimethoxy-7-[3,4,5-trihydroxy-6-(hydroxymethyl)oxan-2-yl]oxychromen-4-one"
O=C1c2c(O)cc(O)cc2OC(c2ccc(OC3OC(CO)C(O)C(O)C3O)c(O)c2)C1O,O=C1c2c(O)cc(O)cc2OC(c2ccc(OC3OC(CO)C(O)C(O)C3O)c(O)c2)C1O,sweet,flavor_db,"3,5,7-trihydroxy-2-[3-hydroxy-4-[3,4,5-trihydroxy-6-(hydroxymethyl)oxan-2-yl]oxyphenyl]-2,3-dihydrochromen-4-one"
COc1cc2oc(-c3ccc(O)cc3)cc(=O)c2c(O)c1OC1OC(COC2OC(C)C(O)C(O)C2O)C(O)C(O)C1O,COc1cc2oc(-c3ccc(O)cc3)cc(=O)c2c(O)c1OC1OC(COC2OC(C)C(O)C(O)C2O)C(O)C(O)C1O,sweet,flavor_db,"5-hydroxy-2-(4-hydroxyphenyl)-7-methoxy-6-[3,4,5-trihydroxy-6-[(3,4,5-trihydroxy-6-methyloxan-2-yl)oxymethyl]oxan-2-yl]oxychromen-4-one"
COc1ccc(-c2cc(=O)c3c(O)c(C4OC(C)C(O)C(=O)C4OC4OC(C)C(O)C(O)C4O)c(O)cc3o2)cc1O,COc1ccc(-c2cc(=O)c3c(O)c(C4OC(C)C(O)C(=O)C4OC4OC(C)C(O)C(O)C4O)c(O)cc3o2)cc1O,sweet,flavor_db,"5,7-dihydroxy-2-(3-hydroxy-4-methoxyphenyl)-6-[5-hydroxy-6-methyl-4-oxo-3-(3,4,5-trihydroxy-6-methyloxan-2-yl)oxyoxan-2-yl]chromen-4-one"
CON=C(C)C1CC=C(C=NO)CC1,CON=C(C)C1CC=C(C=NO)CC1,sweet,chemtastes_db,N-[[4-(N-methoxy-C-methylcarbonimidoyl)cyclohexen-1-yl]methylidene]hydroxylamine
NC(CC(=O)O)C(=O)NC(Cc1ccccc1)C(=O)NCC(=O)NC(Cc1ccccc1)C(=O)O,NC(CC(=O)O)C(=O)NC(Cc1ccccc1)C(=O)NCC(=O)NC(Cc1ccccc1)C(=O)O,sweet,flavor_db,3-amino-4-[[1-[[2-[(1-carboxy-2-phenylethyl)amino]-2-oxoethyl]amino]-1-oxo-3-phenylpropan-2-yl]amino]-4-oxobutanoic acid
CC(NC(=O)C(CC(=O)O)NC(=O)C(Cc1ccccc1)NC(=O)C1CCCN1)C(=O)O,CC(NC(=O)C(CC(=O)O)NC(=O)C(Cc1ccccc1)NC(=O)C1CCCN1)C(=O)O,sweet,flavor_db,4-(1-carboxyethylamino)-4-oxo-3-[[3-phenyl-2-(pyrrolidine-2-carbonylamino)propanoyl]amino]butanoic acid
CC1OC(OC2C(OCCBr)OC(CO)C(O)C2O)C(O)C(O)C1O,CC1OC(OC2C(OCCBr)OC(CO)C(O)C2O)C(O)C(O)C1O,sweet,flavor_db,"2-[2-(2-bromoethoxy)-4,5-dihydroxy-6-(hydroxymethyl)oxan-3-yl]oxy-6-methyloxane-3,4,5-triol"
COC(=O)C(CCCCN)NC(=O)C(Cc1ccccc1)NC(C)=O,COC(=O)C(CCCCN)NC(=O)C(Cc1ccccc1)NC(C)=O,sweet,flavor_db,methyl 2-[(2-acetamido-3-phenylpropanoyl)amino]-6-aminohexanoate
CC(O)C1OC(OC2C(O)C(O)OC(CO)C2O)C(O)C1O,CC(O)C1OC(OC2C(O)C(O)OC(CO)C2O)C(O)C1O,sweet,flavor_db,"4-[3,4-dihydroxy-5-(1-hydroxyethyl)oxolan-2-yl]oxy-6-(hydroxymethyl)oxane-2,3,5-triol"
CC(O)C(NC(=O)C(CC(N)=O)NC(=O)C(N)CC(=O)O)C(=O)NC(Cc1ccccc1)C(=O)O,CC(O)C(NC(=O)C(CC(N)=O)NC(=O)C(N)CC(=O)O)C(=O)NC(Cc1ccccc1)C(=O)O,sweet,flavor_db,"3-amino-4-[[4-amino-1-[[1-[(1-carboxy-2-phenylethyl)amino]-3-hydroxy-1-oxobutan-2-yl]amino]-1,4-dioxobutan-2-yl]amino]-4-oxobutanoic acid"
CC(C)COC(=O)CCc1ccco1,CC(C)COC(=O)CCc1ccco1,sweet,flavor_db,2-methylpropyl 3-(furan-2-yl)propanoate
CCCC[Sn]1(CCCC)OC2OC(C)C(O)C(O)C2O1,CC1OC([O-])C([O-])C(O)C1O.CCCC[Sn+2]CCCC,sweet,flavor_db,"2,2-dibutyl-5-methyl-5,6,7,7a-tetrahydro-3aH-[1,3,2]dioxastannolo[4,5-b]pyran-6,7-diol"
COc1cc(O)c2c(=O)cc(-c3ccc(O)cc3)oc2c1OC1OC(CO)C(O)C(O)C1O,COc1cc(O)c2c(=O)cc(-c3ccc(O)cc3)oc2c1OC1OC(CO)C(O)C(O)C1O,sweet,flavor_db,"5-hydroxy-2-(4-hydroxyphenyl)-7-methoxy-8-[3,4,5-trihydroxy-6-(hydroxymethyl)oxan-2-yl]oxychromen-4-one"
CC(=O)OC1OC(CO)C(OC2OC(CO)C(O)C(O)C2O)C(O)C1O,CC(=O)OC1OC(CO)C(OC2OC(CO)C(O)C(O)C2O)C(O)C1O,sweet,flavor_db,"[3,4-dihydroxy-6-(hydroxymethyl)-5-[3,4,5-trihydroxy-6-(hydroxymethyl)oxan-2-yl]oxyoxan-2-yl] acetate"
NCC(=O)NC(CC(=O)O)C(=O)NC(Cc1ccccc1)C(=O)NC(CC(=O)O)C(=O)O,NCC(=O)NC(CC(=O)O)C(=O)NC(Cc1ccccc1)C(=O)NC(CC(=O)O)C(=O)O,sweet,flavor_db,2-[[2-[[2-[(2-aminoacetyl)amino]-3-carboxypropanoyl]amino]-3-phenylpropanoyl]amino]butanedioic acid
CC(C)C(NC(=O)C(N)CC(=O)O)C(=O)NC(Cc1ccccc1)C(=O)NC(CC(N)=O)C(=O)O,CC(C)C(NC(=O)C(N)CC(=O)O)C(=O)NC(Cc1ccccc1)C(=O)NC(CC(N)=O)C(=O)O,sweet,flavor_db,3-amino-4-[[1-[[1-[(3-amino-1-carboxy-3-oxopropyl)amino]-1-oxo-3-phenylpropan-2-yl]amino]-3-methyl-1-oxobutan-2-yl]amino]-4-oxobutanoic acid
C=CCN(CC(=O)N(CC=C)CC(=O)NC(Cc1ccccc1)C(=O)OC)C(C)=O,C=CCN(CC(=O)N(CC=C)CC(=O)NC(Cc1ccccc1)C(=O)OC)C(C)=O,sweet,flavor_db,methyl 2-[[2-[[2-[acetyl(prop-2-enyl)amino]acetyl]-prop-2-enylamino]acetyl]amino]-3-phenylpropanoate
CC(=O)OC1C(=O)c2c(O)cc(O)cc2OC1c1ccc(O)c(O)c1,CC(=O)OC1C(=O)c2c(O)cc(O)cc2OC1c1ccc(O)c(O)c1,sweet,chemtastes_db,"[2-(3,4-dihydroxyphenyl)-5,7-dihydroxy-4-oxo-2,3-dihydrochromen-3-yl] acetate"
C=CC(C)(CCC=C(C)C)OC(=O)CCC,C=CC(C)(CCC=C(C)C)OC(=O)CCC,sweet,flavor_db,"3,7-dimethylocta-1,6-dien-3-yl butanoate"
CC(=O)OC1C(OC2OCC(O)C(O)C2O)C(OC2CCC3(C)C(CCC4(C)C3CC=C3C5CC(C)(C)CCC5(C(=O)OC5OC(CO)C(O)C(O)C5O)CCC34C)C2(C)C)OC(C(=O)O)C1OC1OCC(O)C(O)C1O,CC(=O)OC1C(OC2OCC(O)C(O)C2O)C(OC2CCC3(C)C(CCC4(C)C3CC=C3C5CC(C)(C)CCC5(C(=O)OC5OC(CO)C(O)C(O)C5O)CCC34C)C2(C)C)OC(C(=O)O)C1OC1OCC(O)C(O)C1O,sweet,flavor_db,"6-[[4,4,6a,6b,11,11,14b-heptamethyl-8a-[3,4,5-trihydroxy-6-(hydroxymethyl)oxan-2-yl]oxycarbonyl-1,2,3,4a,5,6,7,8,9,10,12,12a,14,14a-tetradecahydropicen-3-yl]oxy]-4-acetyloxy-3,5-bis[(3,4,5-trihydroxyoxan-2-yl)oxy]oxane-2-carboxylic acid"
NC(CC(=O)O)C(=O)NCCC(=O)OC1CCCC1,NC(CC(=O)O)C(=O)NCCC(=O)OC1CCCC1,sweet,chemtastes_db,3-amino-4-[(3-cyclopentyloxy-3-oxopropyl)amino]-4-oxobutanoic acid
COc1ccc(OCc2ccccc2C(=O)O)cc1O,COc1ccc(OCc2ccccc2C(=O)O)cc1O,sweet,chemtastes_db,2-[(3-hydroxy-4-methoxyphenoxy)methyl]benzoic acid
NC(=O)CC(NC(=O)C(CC(=O)O)NC(=O)C(Cc1ccccc1)NC(=O)C(N)CC(=O)O)C(=O)O,NC(=O)CC(NC(=O)C(CC(=O)O)NC(=O)C(Cc1ccccc1)NC(=O)C(N)CC(=O)O)C(=O)O,sweet,flavor_db,3-amino-4-[[1-[[1-[(3-amino-1-carboxy-3-oxopropyl)amino]-3-carboxy-1-oxopropan-2-yl]amino]-1-oxo-3-phenylpropan-2-yl]amino]-4-oxobutanoic acid
CC(=O)OC1CC(C)(C)CC2C3=CCC4C5(C)CCC(OC6OC(C(=O)O)C(O)C(OC7OC(CO)C(O)C(O)C7O)C6O)C(C)(C)C5CCC4(C)C3(C)CC(O)C12COC1OC(C)C(O)C(O)C1O,CC(=O)OC1CC(C)(C)CC2C3=CCC4C5(C)CCC(OC6OC(C(=O)O)C(O)C(OC7OC(CO)C(O)C(O)C7O)C6O)C(C)(C)C5CCC4(C)C3(C)CC(O)C12COC1OC(C)C(O)C(O)C1O,sweet,flavor_db,"6-[[9-acetyloxy-8-hydroxy-4,4,6a,6b,11,11,14b-heptamethyl-8a-[(3,4,5-trihydroxy-6-methyloxan-2-yl)oxymethyl]-1,2,3,4a,5,6,7,8,9,10,12,12a,14,14a-tetradecahydropicen-3-yl]oxy]-3,5-dihydroxy-4-[3,4,5-trihydroxy-6-(hydroxymethyl)oxan-2-yl]oxyoxane-2-carboxylic acid"
CC(=O)OCC(CO)OC1OC(CO)C(O)C(O)C1O,CC(=O)OCC(CO)OC1OC(CO)C(O)C(O)C1O,sweet,flavor_db,"[3-hydroxy-2-[3,4,5-trihydroxy-6-(hydroxymethyl)oxan-2-yl]oxypropyl] acetate"
CCC(C)C(NC(=O)C(CC(N)=O)NC(=O)C(N)Cc1ccccc1)C(=O)NC(CCCCN)C(=O)O,CCC(C)C(NC(=O)C(CC(N)=O)NC(=O)C(N)Cc1ccccc1)C(=O)NC(CCCCN)C(=O)O,sweet,flavor_db,6-amino-2-[[2-[[4-amino-2-[(2-amino-3-phenylpropanoyl)amino]-4-oxobutanoyl]amino]-3-methylpentanoyl]amino]hexanoic acid
CCOC(=O)CC(NC(=O)C(N)Cc1ccccc1)C(=O)OCC,CCOC(=O)CC(NC(=O)C(N)Cc1ccccc1)C(=O)OCC,sweet,flavor_db,diethyl 2-[(2-amino-3-phenylpropanoyl)amino]butanedioate
CCCCCCCNC(=O)C(N)CC(=O)O,CCCCCCCNC(=O)C(N)CC(=O)O,sweet,chemtastes_db,3-amino-4-(heptylamino)-4-oxobutanoic acid
CC1(C(=O)O)CCC2(C)CCC3(C)C(=CC(=O)C4C5(C)CCC(OC6OCC(O)C(O)C6O)C(C)(C)C5CCC43C)C2C1,CC1(C(=O)O)CCC2(C)CCC3(C)C(=CC(=O)C4C5(C)CCC(OC6OCC(O)C(O)C6O)C(C)(C)C5CCC43C)C2C1,sweet,chemtastes_db,"2,4a,6a,6b,9,9,12a-heptamethyl-13-oxo-10-(3,4,5-trihydroxyoxan-2-yl)oxy-3,4,5,6,6a,7,8,8a,10,11,12,14b-dodecahydro-1H-picene-2-carboxylic acid"
COc1cc(C2CC(=O)c3c(cc(O)cc3OC3OC(CO)C(O)C(O)C3O)O2)cc(OC)c1O,COc1cc(C2CC(=O)c3c(cc(O)cc3OC3OC(CO)C(O)C(O)C3O)O2)cc(OC)c1O,sweet,flavor_db,"7-hydroxy-2-(4-hydroxy-3,5-dimethoxyphenyl)-5-[3,4,5-trihydroxy-6-(hydroxymethyl)oxan-2-yl]oxy-2,3-dihydrochromen-4-one"
OCCOC(OC1C(CO)OC(O)C(O)C1O)C(O)CO,OCCOC(OC1C(CO)OC(O)C(O)C1O)C(O)CO,sweet,flavor_db,"5-[2,3-dihydroxy-1-(2-hydroxyethoxy)propoxy]-6-(hydroxymethyl)oxane-2,3,4-triol"
CCC(C)C(NC(=O)C(CC(N)=O)NC(=O)C(CC(=O)O)NC(=O)C(N)Cc1ccccc1)C(=O)O,CCC(C)C(NC(=O)C(CC(N)=O)NC(=O)C(CC(=O)O)NC(=O)C(N)Cc1ccccc1)C(=O)O,sweet,flavor_db,2-[[4-amino-2-[[2-[(2-amino-3-phenylpropanoyl)amino]-3-carboxypropanoyl]amino]-4-oxobutanoyl]amino]-3-methylpentanoic acid
CC(C)CC(N)C(=O)NC(Cc1ccccc1)C(=O)NC(CCCCN)C(=O)NC(CC(N)=O)C(=O)O,CC(C)CC(N)C(=O)NC(Cc1ccccc1)C(=O)NC(CCCCN)C(=O)NC(CC(N)=O)C(=O)O,sweet,flavor_db,4-amino-2-[[6-amino-2-[[2-[(2-amino-4-methylpentanoyl)amino]-3-phenylpropanoyl]amino]hexanoyl]amino]-4-oxobutanoic acid
OCC(O)C1OC(OC2OC(CO)C(O)C(O)C2O)C(O)C1O,OCC(O)C1OC(OC2OC(CO)C(O)C(O)C2O)C(O)C1O,sweet,flavor_db,"2-[5-(1,2-dihydroxyethyl)-3,4-dihydroxyoxolan-2-yl]oxy-6-(hydroxymethyl)oxane-3,4,5-triol"
COC(=O)C(Cc1ccccc1)NC(=O)C(N)CCC(=O)O,COC(=O)C(Cc1ccccc1)NC(=O)C(N)CCC(=O)O,sweet,flavor_db,4-amino-5-[(1-methoxy-1-oxo-3-phenylpropan-2-yl)amino]-5-oxopentanoic acid
CCOC(=O)CC,CCOC(=O)CC,sweet,flavor_db,ethyl propanoate
NC(=O)CCC(NC(=O)C(N)Cc1ccccc1)C(=O)NC(CC(=O)O)C(=O)NCC(=O)O,NC(=O)CCC(NC(=O)C(N)Cc1ccccc1)C(=O)NC(CC(=O)O)C(=O)NCC(=O)O,sweet,flavor_db,3-[[5-amino-2-[(2-amino-3-phenylpropanoyl)amino]-5-oxopentanoyl]amino]-4-(carboxymethylamino)-4-oxobutanoic acid
COC(=O)CC(Cc1ccccc1)NC(=O)C(CC(=O)O)NCCC(C)(C)C,COC(=O)CC(Cc1ccccc1)NC(=O)C(CC(=O)O)NCCC(C)(C)C,sweet,flavor_db,"3-(3,3-dimethylbutylamino)-4-[(4-methoxy-4-oxo-1-phenylbutan-2-yl)amino]-4-oxobutanoic acid"
CCCCCCOC1C(O)C(O)OC(CO)C1O,CCCCCCOC1C(O)C(O)OC(CO)C1O,sweet,flavor_db,"4-hexoxy-6-(hydroxymethyl)oxane-2,3,5-triol"
CSC(C)CC(=O)OCC(C)C,CSC(C)CC(=O)OCC(C)C,sweet,flavor_db,2-methylpropyl 3-methylsulfanylbutanoate
CC(=O)OCC1OC(OC(C)=O)C(OC(C)=O)C(O)C1OC(C)=O,CC(=O)OCC1OC(OC(C)=O)C(OC(C)=O)C(O)C1OC(C)=O,sweet,flavor_db,"(3,5,6-triacetyloxy-4-hydroxyoxan-2-yl)methyl acetate"
COc1c(OC2OC(COC3OC(CO)C(O)C(O)C3O)C(O)C(O)C2O)cc2occ(-c3ccc(O)cc3)c(=O)c2c1O,COc1c(OC2OC(COC3OC(CO)C(O)C(O)C3O)C(O)C(O)C2O)cc2occ(-c3ccc(O)cc3)c(=O)c2c1O,sweet,flavor_db,"5-hydroxy-3-(4-hydroxyphenyl)-6-methoxy-7-[3,4,5-trihydroxy-6-[[3,4,5-trihydroxy-6-(hydroxymethyl)oxan-2-yl]oxymethyl]oxan-2-yl]oxychromen-4-one"
CCOC1C(O)C(O)C(O)OC1(C)C,CCOC1C(O)C(O)C(O)OC1(C)C,sweet,flavor_db,"5-ethoxy-6,6-dimethyloxane-2,3,4-triol"
O=c1cc(-c2ccc(O)c(O)c2)oc2cc(O)cc(OC3OC(CO)C(O)C(O)C3O)c12,O=c1cc(-c2ccc(O)c(O)c2)oc2cc(O)cc(OC3OC(CO)C(O)C(O)C3O)c12,sweet,flavor_db,"2-(3,4-dihydroxyphenyl)-7-hydroxy-5-[3,4,5-trihydroxy-6-(hydroxymethyl)oxan-2-yl]oxychromen-4-one"
CCC1=C(O)C(=O)C(C)O1,CCC1=C(O)C(=O)C(C)O1,sweet,flavor_db,5-ethyl-4-hydroxy-2-methylfuran-3-one
CC(C)CC(NC(=O)C(CCC(N)=O)NC(=O)C(N)CC(=O)O)C(=O)NC(Cc1ccccc1)C(=O)O,CC(C)CC(NC(=O)C(CCC(N)=O)NC(=O)C(N)CC(=O)O)C(=O)NC(Cc1ccccc1)C(=O)O,sweet,flavor_db,"3-amino-4-[[5-amino-1-[[1-[(1-carboxy-2-phenylethyl)amino]-4-methyl-1-oxopentan-2-yl]amino]-1,5-dioxopentan-2-yl]amino]-4-oxobutanoic acid"
CC(C)C(N)C(=O)NC(CC(N)=O)C(=O)NC(Cc1ccccc1)C(=O)NC(CC(N)=O)C(=O)O,CC(C)C(N)C(=O)NC(CC(N)=O)C(=O)NC(Cc1ccccc1)C(=O)NC(CC(N)=O)C(=O)O,sweet,flavor_db,4-amino-2-[[2-[[4-amino-2-[(2-amino-3-methylbutanoyl)amino]-4-oxobutanoyl]amino]-3-phenylpropanoyl]amino]-4-oxobutanoic acid
COc1c(-c2ccc(O)c(OC3OCC(O)C(O)C3O)c2)oc2cc(OC3OC(C)C(O)C(O)C3O)cc(O)c2c1=O,COc1c(-c2ccc(O)c(OC3OCC(O)C(O)C3O)c2)oc2cc(OC3OC(C)C(O)C(O)C3O)cc(O)c2c1=O,sweet,flavor_db,"5-hydroxy-2-[4-hydroxy-3-(3,4,5-trihydroxyoxan-2-yl)oxyphenyl]-3-methoxy-7-(3,4,5-trihydroxy-6-methyloxan-2-yl)oxychromen-4-one"
Nc1ncnc2c1ncn2C1OC(COP(=O)(O)OP(N)(=O)OP(=O)(O)O)C(O)C1O,Nc1ncnc2c1ncn2C1OC(COP(=O)(O)OP(N)(=O)OP(=O)(O)O)C(O)C1O,sweet,flavor_db,"[amino(phosphonooxy)phosphoryl] [5-(6-aminopurin-9-yl)-3,4-dihydroxyoxolan-2-yl]methyl hydrogen phosphate"
Fc1ccccc1N=NC(=NNc1ccccc1)c1ccccc1,Fc1ccccc1N=NC(=NNc1ccccc1)c1ccccc1,sweet,flavor_db,N'-anilino-N-(2-fluorophenyl)iminobenzenecarboximidamide
COC(=O)C1OC(OC2CCC3(C)C(CCC4(C)C3CC=C3C5CC(C)(C)CCC5(C(=O)OC)CCC34C)C2(C)C)C(O)C(OC2OCC(O)C(O)C2O)C1O,COC(=O)C1OC(OC2CCC3(C)C(CCC4(C)C3CC=C3C5CC(C)(C)CCC5(C(=O)OC)CCC34C)C2(C)C)C(O)C(OC2OCC(O)C(O)C2O)C1O,sweet,flavor_db,"methyl 6-[(8a-methoxycarbonyl-4,4,6a,6b,11,11,14b-heptamethyl-1,2,3,4a,5,6,7,8,9,10,12,12a,14,14a-tetradecahydropicen-3-yl)oxy]-3,5-dihydroxy-4-(3,4,5-trihydroxyoxan-2-yl)oxyoxane-2-carboxylate"
NCCCCC(NC(=O)CNC(=O)C(CC(N)=O)NC(=O)C(N)Cc1ccccc1)C(=O)O,NCCCCC(NC(=O)CNC(=O)C(CC(N)=O)NC(=O)C(N)Cc1ccccc1)C(=O)O,sweet,flavor_db,6-amino-2-[[2-[[4-amino-2-[(2-amino-3-phenylpropanoyl)amino]-4-oxobutanoyl]amino]acetyl]amino]hexanoic acid
CC(C)CC(N)C(=O)NC(CC(=O)O)C(=O)NC(CC(N)=O)C(=O)NC(Cc1ccccc1)C(=O)O,CC(C)CC(N)C(=O)NC(CC(=O)O)C(=O)NC(CC(N)=O)C(=O)NC(Cc1ccccc1)C(=O)O,sweet,flavor_db,"4-[[4-amino-1-[(1-carboxy-2-phenylethyl)amino]-1,4-dioxobutan-2-yl]amino]-3-[(2-amino-4-methylpentanoyl)amino]-4-oxobutanoic acid"
COc1cc(O)c2c(=O)c(OC3OC(CO)C(O)C(O)C3OC3OC(C)C(O)C(O)C3O)c(-c3ccc(O)c(O)c3)oc2c1,COc1cc(O)c2c(=O)c(OC3OC(CO)C(O)C(O)C3OC3OC(C)C(O)C(O)C3O)c(-c3ccc(O)c(O)c3)oc2c1,sweet,flavor_db,"3-[4,5-dihydroxy-6-(hydroxymethyl)-3-(3,4,5-trihydroxy-6-methyloxan-2-yl)oxyoxan-2-yl]oxy-2-(3,4-dihydroxyphenyl)-5-hydroxy-7-methoxychromen-4-one"
COC(=O)C(NC(=O)C(N)CC(=O)O)C(C)O,COC(=O)C(NC(=O)C(N)CC(=O)O)C(C)O,sweet,chemtastes_db,3-amino-4-[(3-hydroxy-1-methoxy-1-oxobutan-2-yl)amino]-4-oxobutanoic acid
COC1C(O)C(COP(O)(O)=S)OC1n1cnc2c(N)ncnc21,COC1C(O)C(COP(O)(O)=S)OC1n1cnc2c(N)ncnc21,sweet,flavor_db,5-(6-aminopurin-9-yl)-2-(dihydroxyphosphinothioyloxymethyl)-4-methoxyoxolan-3-ol
COC1OC(CO)C(O)C(O)C1O,COC1OC(CO)C(O)C(O)C1O,sweet,chemtastes_db,"2-(hydroxymethyl)-6-methoxyoxane-3,4,5-triol"
COC(=O)C(Cc1ccccc1)NC(C)=O,COC(=O)C(Cc1ccccc1)NC(C)=O,sweet,flavor_db,methyl 2-acetamido-3-phenylpropanoate
CCCCCC1CC=CC(=O)O1,CCCCCC1CC=CC(=O)O1,sweet,flavor_db,"2-pentyl-2,3-dihydropyran-6-one"
COC(=O)C(Cc1ccccc1)NC(=O)C(CC(=O)O)NC(=O)CN,COC(=O)C(Cc1ccccc1)NC(=O)C(CC(=O)O)NC(=O)CN,sweet,flavor_db,3-[(2-aminoacetyl)amino]-4-[(1-methoxy-1-oxo-3-phenylpropan-2-yl)amino]-4-oxobutanoic acid
Cc1ccc(N=NC(=NNc2ccccc2)c2ccc(C)cc2)cc1,Cc1ccc(N=NC(=NNc2ccccc2)c2ccc(C)cc2)cc1,sweet,flavor_db,N'-anilino-4-methyl-N-(4-methylphenyl)iminobenzenecarboximidamide
OCC1OC(OC2OC(CO)C(O)C(O)C2OC2OC(CO)C(O)C(O)C2O)C(O)C(O)C1O,OCC1OC(OC2OC(CO)C(O)C(O)C2OC2OC(CO)C(O)C(O)C2O)C(O)C(O)C1O,sweet,flavor_db,"2-[4,5-dihydroxy-6-(hydroxymethyl)-2-[3,4,5-trihydroxy-6-(hydroxymethyl)oxan-2-yl]oxyoxan-3-yl]oxy-6-(hydroxymethyl)oxane-3,4,5-triol"
CC1OC(OCC23C(O)CC(C)(C)CC2C2=CCC4C5(C)CCC(OC6OC(C(=O)O)C(O)C(OC7OC(CO)C(O)C(O)C7O)C6O)C(C)(C)C5CCC4(C)C2(C)CC3O)C(O)C(O)C1O,CC1OC(OCC23C(O)CC(C)(C)CC2C2=CCC4C5(C)CCC(OC6OC(C(=O)O)C(O)C(OC7OC(CO)C(O)C(O)C7O)C6O)C(C)(C)C5CCC4(C)C2(C)CC3O)C(O)C(O)C1O,sweet,flavor_db,"6-[[8,9-dihydroxy-4,4,6a,6b,11,11,14b-heptamethyl-8a-[(3,4,5-trihydroxy-6-methyloxan-2-yl)oxymethyl]-1,2,3,4a,5,6,7,8,9,10,12,12a,14,14a-tetradecahydropicen-3-yl]oxy]-3,5-dihydroxy-4-[3,4,5-trihydroxy-6-(hydroxymethyl)oxan-2-yl]oxyoxane-2-carboxylic acid"
CC1OC(OC2C(OC3C(O)OCC(O)C3O)OC(CO)C(O)C2O)C(O)C(O)C1O,CC1OC(OC2C(OC3C(O)OCC(O)C3O)OC(CO)C(O)C2O)C(O)C(O)C1O,sweet,flavor_db,"2-[4,5-dihydroxy-6-(hydroxymethyl)-2-(2,4,5-trihydroxyoxan-3-yl)oxyoxan-3-yl]oxy-6-methyloxane-3,4,5-triol"
CCC(O)(CO)C(O)C(C)OCC1OC(Oc2cc(O)c3c(=O)c(-c4ccc(O)c(O)c4)coc3c2)C(O)C(O)C1O,CCC(O)(CO)C(O)C(C)OCC1OC(Oc2cc(O)c3c(=O)c(-c4ccc(O)c(O)c4)coc3c2)C(O)C(O)C1O,sweet,flavor_db,"7-[6-[[3,4-dihydroxy-4-(hydroxymethyl)hexan-2-yl]oxymethyl]-3,4,5-trihydroxyoxan-2-yl]oxy-3-(3,4-dihydroxyphenyl)-5-hydroxychromen-4-one"
C=C1CC23CCC4C(C)(C(=O)OC)CCCC4(C)C2CCC1(OC1OC(COC(C)=O)C(O)C(O)C1OC1OC(CO)C(O)C(O)C1O)C3,C=C1CC23CCC4C(C)(C(=O)OC)CCCC4(C)C2CCC1(OC1OC(COC(C)=O)C(O)C(O)C1OC1OC(CO)C(O)C(O)C1O)C3,sweet,flavor_db,"methyl 13-[6-(acetyloxymethyl)-4,5-dihydroxy-3-[3,4,5-trihydroxy-6-(hydroxymethyl)oxan-2-yl]oxyoxan-2-yl]oxy-5,9-dimethyl-14-methylidenetetracyclo[11.2.1.01,10.04,9]hexadecane-5-carboxylate"
CCC(C)(O)CCc1ccccc1,CCC(C)(O)CCc1ccccc1,sweet,flavor_db,3-methyl-1-phenylpentan-3-ol
Nc1ncnc2c1ncn2C1OC(CO)C(OP=O)C1O,Nc1ncnc2c1ncn2C1OC(CO)C(OP=O)C1O,sweet,flavor_db,2-(6-aminopurin-9-yl)-5-(hydroxymethyl)-4-phosphorosooxyoxolan-3-ol
CC1OC(OCC2OC(Oc3c(-c4ccc(O)c(O)c4)oc4cc(O)cc(O)c4c3=O)C(O)C(O)C2C)C(O)C(O)C1O,CC1OC(OCC2OC(Oc3c(-c4ccc(O)c(O)c4)oc4cc(O)cc(O)c4c3=O)C(O)C(O)C2C)C(O)C(O)C1O,sweet,flavor_db,"3-[3,4-dihydroxy-5-methyl-6-[(3,4,5-trihydroxy-6-methyloxan-2-yl)oxymethyl]oxan-2-yl]oxy-2-(3,4-dihydroxyphenyl)-5,7-dihydroxychromen-4-one"
CCCCCP(=O)(O)OP(=O)(O)OP(=O)(O)OP(=O)(O)OCC1OC(n2cnc3c(N)ncnc32)C(O)C1O,CCCCCP(=O)(O)OP(=O)(O)OP(=O)(O)OP(=O)(O)OCC1OC(n2cnc3c(N)ncnc32)C(O)C1O,sweet,flavor_db,"[[[[5-(6-aminopurin-9-yl)-3,4-dihydroxyoxolan-2-yl]methoxy-hydroxyphosphoryl]oxy-hydroxyphosphoryl]oxy-hydroxyphosphoryl]oxy-pentylphosphinic acid"
COC1C(C)OC(OC2C(C)OC(C)C(O)C2O)C(O)C1O,COC1C(C)OC(OC2C(C)OC(C)C(O)C2O)C(O)C1O,sweet,flavor_db,"5-(3,4-dihydroxy-5-methoxy-6-methyloxan-2-yl)oxy-2,6-dimethyloxane-3,4-diol"
OCC(O)C(O)C1OC(O)C(O)C(O)C1O,OCC(O)C(O)C1OC(O)C(O)C(O)C1O,sweet,flavor_db,"6-(1,2,3-trihydroxypropyl)oxane-2,3,4,5-tetrol"
NC(=O)c1cccc2c1S(=O)(=O)NC2=O,NC(=O)c1cccc2c1S(=O)(=O)NC2=O,sweet,flavor_db,"1,1,3-trioxo-1,2-benzothiazole-7-carboxamide"
CC(C)CCOC(=O)CCCc1ccco1,CC(C)CCOC(=O)CCCc1ccco1,sweet,flavor_db,3-methylbutyl 4-(furan-2-yl)butanoate
COC1CC(O)C(CO)OC1O,COC1CC(O)C(CO)OC1O,sweet,flavor_db,"6-(hydroxymethyl)-3-methoxyoxane-2,5-diol"
CC(C)CC(NC(=O)C(N)CCC(N)=O)C(=O)NC(CC(=O)O)C(=O)NC(Cc1ccccc1)C(=O)O,CC(C)CC(NC(=O)C(N)CCC(N)=O)C(=O)NC(CC(=O)O)C(=O)NC(Cc1ccccc1)C(=O)O,sweet,flavor_db,"4-[(1-carboxy-2-phenylethyl)amino]-3-[[2-[(2,5-diamino-5-oxopentanoyl)amino]-4-methylpentanoyl]amino]-4-oxobutanoic acid"
NC(=O)CCC(NC(=O)C(CC(=O)O)NC(=O)C(N)CC(=O)O)C(=O)NC(Cc1ccccc1)C(=O)O,NC(=O)CCC(NC(=O)C(CC(=O)O)NC(=O)C(N)CC(=O)O)C(=O)NC(Cc1ccccc1)C(=O)O,sweet,flavor_db,"3-amino-4-[[1-[[5-amino-1-[(1-carboxy-2-phenylethyl)amino]-1,5-dioxopentan-2-yl]amino]-3-carboxy-1-oxopropan-2-yl]amino]-4-oxobutanoic acid"
CC(C)CC(NC(=O)CN)C(=O)NC(Cc1ccccc1)C(=O)O,CC(C)CC(NC(=O)CN)C(=O)NC(Cc1ccccc1)C(=O)O,sweet,flavor_db,2-[[2-[(2-aminoacetyl)amino]-4-methylpentanoyl]amino]-3-phenylpropanoic acid
OCC1OC(OCCOC2OC(CO)C(O)C(O)C2O)C(O)C(O)C1O,OCC1OC(OCCOC2OC(CO)C(O)C(O)C2O)C(O)C(O)C1O,sweet,flavor_db,"2-(hydroxymethyl)-6-[2-[3,4,5-trihydroxy-6-(hydroxymethyl)oxan-2-yl]oxyethoxy]oxane-3,4,5-triol"
CCC(C)C(N)C(=O)NC(CC(=O)O)C(=O)NC(C(=O)NC(Cc1ccccc1)C(=O)O)C(C)CC,CCC(C)C(N)C(=O)NC(CC(=O)O)C(=O)NC(C(=O)NC(Cc1ccccc1)C(=O)O)C(C)CC,sweet,flavor_db,3-[(2-amino-3-methylpentanoyl)amino]-4-[[1-[(1-carboxy-2-phenylethyl)amino]-3-methyl-1-oxopentan-2-yl]amino]-4-oxobutanoic acid
Cc1ccccc1C(N=Nc1ccccc1)=NNc1ccccc1,Cc1ccccc1C(N=Nc1ccccc1)=NNc1ccccc1,sweet,flavor_db,N'-anilino-2-methyl-N-phenyliminobenzenecarboximidamide
CC(O)C(NC(=O)C(N)CC(N)=O)C(=O)NC(CC(=O)O)C(=O)NC(Cc1ccccc1)C(=O)O,CC(O)C(NC(=O)C(N)CC(N)=O)C(=O)NC(CC(=O)O)C(=O)NC(Cc1ccccc1)C(=O)O,sweet,flavor_db,"4-[(1-carboxy-2-phenylethyl)amino]-3-[[2-[(2,4-diamino-4-oxobutanoyl)amino]-3-hydroxybutanoyl]amino]-4-oxobutanoic acid"
CCCCOC1C(OC)OC(CO)C(O)C1OCCCC,CCCCOC1C(OC)OC(CO)C(O)C1OCCCC,sweet,flavor_db,"4,5-dibutoxy-2-(hydroxymethyl)-6-methoxyoxan-3-ol"
O=c1cc(-c2ccc(O)c(O)c2)oc2cc(OC3OC(CO)C(O)C(O)C3O)cc(OC3OC(CO)C(O)C(O)C3O)c12,O=c1cc(-c2ccc(O)c(O)c2)oc2cc(OC3OC(CO)C(O)C(O)C3O)cc(OC3OC(CO)C(O)C(O)C3O)c12,sweet,flavor_db,"2-(3,4-dihydroxyphenyl)-5,7-bis[[3,4,5-trihydroxy-6-(hydroxymethyl)oxan-2-yl]oxy]chromen-4-one"
NC(=O)CCC(NC(=O)C(N)CC(=O)O)C(=O)NC(CC(N)=O)C(=O)NC(Cc1ccccc1)C(=O)O,NC(=O)CCC(NC(=O)C(N)CC(=O)O)C(=O)NC(CC(N)=O)C(=O)NC(Cc1ccccc1)C(=O)O,sweet,flavor_db,"3-amino-4-[[5-amino-1-[[4-amino-1-[(1-carboxy-2-phenylethyl)amino]-1,4-dioxobutan-2-yl]amino]-1,5-dioxopentan-2-yl]amino]-4-oxobutanoic acid"
CCC(C)C(N)C(=O)NC(CC(=O)O)C(=O)NC(Cc1ccccc1)C(=O)NC(Cc1ccccc1)C(=O)O,CCC(C)C(N)C(=O)NC(CC(=O)O)C(=O)NC(Cc1ccccc1)C(=O)NC(Cc1ccccc1)C(=O)O,sweet,flavor_db,3-[(2-amino-3-methylpentanoyl)amino]-4-[[1-[(1-carboxy-2-phenylethyl)amino]-1-oxo-3-phenylpropan-2-yl]amino]-4-oxobutanoic acid
CCOc1cc(C=O)ccc1O,CCOc1cc(C=O)ccc1O,sweet,flavor_db,3-ethoxy-4-hydroxybenzaldehyde
OCC1OC(OC2(CO)OC(O)(CO)C(O)C2O)C(O)C(O)C1O,OCC1OC(OC2(CO)OC(O)(CO)C(O)C2O)C(O)C(O)C1O,sweet,flavor_db,"2-(hydroxymethyl)-6-[3,4,5-trihydroxy-2,5-bis(hydroxymethyl)oxolan-2-yl]oxyoxane-3,4,5-triol"
O=CC(O)C(O)C(O)C(O)C(O)CO,O=CC(O)C(O)C(O)C(O)C(O)CO,sweet,flavor_db,"2,3,4,5,6,7-hexahydroxyheptanal"
CC(C)C(NC(=O)C(CS)NC(=O)C(N)CC(=O)O)C(=O)NC(Cc1ccccc1)C(=O)O,CC(C)C(NC(=O)C(CS)NC(=O)C(N)CC(=O)O)C(=O)NC(Cc1ccccc1)C(=O)O,sweet,flavor_db,3-amino-4-[[1-[[1-[(1-carboxy-2-phenylethyl)amino]-3-methyl-1-oxobutan-2-yl]amino]-1-oxo-3-sulfanylpropan-2-yl]amino]-4-oxobutanoic acid
C=CCOC1=NS(=O)(=O)c2ccccc21,C=CCOC1=NS(=O)(=O)c2ccccc21,sweet,flavor_db,"3-prop-2-enoxy-1,2-benzothiazole 1,1-dioxide"
Nc1ncnc2c1ncn2C1CC(O)C(COP(=O)([O-])[O-])O1.O.[Na+].[Na+],Nc1ncnc2c1ncn2C1CC(O)C(COP(=O)([O-])[O-])O1.O.[Na+].[Na+],sweet,flavor_db,disodium;[5-(6-aminopurin-9-yl)-3-hydroxyoxolan-2-yl]methyl phosphate;hydrate
NCCCCC(N)C(=O)NC(CC(=O)O)C(=O)NC(CC(N)=O)C(=O)NC(Cc1ccccc1)C(=O)O,NCCCCC(N)C(=O)NC(CC(=O)O)C(=O)NC(CC(N)=O)C(=O)NC(Cc1ccccc1)C(=O)O,sweet,flavor_db,"4-[[4-amino-1-[(1-carboxy-2-phenylethyl)amino]-1,4-dioxobutan-2-yl]amino]-3-(2,6-diaminohexanoylamino)-4-oxobutanoic acid"
COc1cc(-c2cc(=O)c3c(OC4OC(CO)C(O)C(O)C4O)cc(OC4OC(CO)C(O)C(O)C4O)cc3o2)cc(OC)c1O,COc1cc(-c2cc(=O)c3c(OC4OC(CO)C(O)C(O)C4O)cc(OC4OC(CO)C(O)C(O)C4O)cc3o2)cc(OC)c1O,sweet,flavor_db,"2-(4-hydroxy-3,5-dimethoxyphenyl)-5,7-bis[[3,4,5-trihydroxy-6-(hydroxymethyl)oxan-2-yl]oxy]chromen-4-one"
CC1OC(OC2C(OC3C(OC4CCC5(C)C(CCC6(C)C5CC=C5C7CC(C)(C)CCC7(C(=O)O)CCC56C)C4(C)C)OC(C(=O)O)C(O)C3O)OC(CO)C(O)C2O)C(O)C(O)C1O,CC1OC(OC2C(OC3C(OC4CCC5(C)C(CCC6(C)C5CC=C5C7CC(C)(C)CCC7(C(=O)O)CCC56C)C4(C)C)OC(C(=O)O)C(O)C3O)OC(CO)C(O)C2O)C(O)C(O)C1O,sweet,flavor_db,"6-[(8a-carboxy-4,4,6a,6b,11,11,14b-heptamethyl-1,2,3,4a,5,6,7,8,9,10,12,12a,14,14a-tetradecahydropicen-3-yl)oxy]-5-[4,5-dihydroxy-6-(hydroxymethyl)-3-(3,4,5-trihydroxy-6-methyloxan-2-yl)oxyoxan-2-yl]oxy-3,4-dihydroxyoxane-2-carboxylic acid"
CCCCCCOC(=O)C1OC(OC2C(OC3CCC4(C)C(CCC5(C)C4C(=O)C=C4C6CC(C)(C(=O)OCCCCCC)CCC6(C)CCC45C)C3(C)C)OC(C(=O)OCCCCCC)C(O)C2O)C(O)C(O)C1O,CCCCCCOC(=O)C1OC(OC2C(OC3CCC4(C)C(CCC5(C)C4C(=O)C=C4C6CC(C)(C(=O)OCCCCCC)CCC6(C)CCC45C)C3(C)C)OC(C(=O)OCCCCCC)C(O)C2O)C(O)C(O)C1O,sweet,flavor_db,"hexyl 6-[6-hexoxycarbonyl-2-[(11-hexoxycarbonyl-4,4,6a,6b,8a,11,14b-heptamethyl-14-oxo-2,3,4a,5,6,7,8,9,10,12,12a,14a-dodecahydro-1H-picen-3-yl)oxy]-4,5-dihydroxyoxan-3-yl]oxy-3,4,5-trihydroxyoxane-2-carboxylate"
CC(Oc1ccc([N+](=O)[O-])cc1N)C(F)(F)F,CC(Oc1ccc([N+](=O)[O-])cc1N)C(F)(F)F,sweet,flavor_db,"5-nitro-2-(1,1,1-trifluoropropan-2-yloxy)aniline"
O=P(O)(O)OCC1OC(n2cnc3c(F)ncnc32)C(O)C1O,O=P(O)(O)OCC1OC(n2cnc3c(F)ncnc32)C(O)C1O,sweet,flavor_db,"[5-(6-fluoropurin-9-yl)-3,4-dihydroxyoxolan-2-yl]methyl dihydrogen phosphate"
Nc1ncnc2c1ncn2C1OC(COP(N)(=O)O)C(O)C1O,Nc1ncnc2c1ncn2C1OC(COP(N)(=O)O)C(O)C1O,sweet,flavor_db,"[5-(6-aminopurin-9-yl)-3,4-dihydroxyoxolan-2-yl]methoxyphosphonamidic acid"
COc1ccc(-c2cc(=O)c3c(O)c(OC4OC(CO)C(O)C(O)C4OC4OC(C)C(O)C(O)C4O)c(OC)cc3o2)cc1,COc1ccc(-c2cc(=O)c3c(O)c(OC4OC(CO)C(O)C(O)C4OC4OC(C)C(O)C(O)C4O)c(OC)cc3o2)cc1,sweet,flavor_db,"6-[4,5-dihydroxy-6-(hydroxymethyl)-3-(3,4,5-trihydroxy-6-methyloxan-2-yl)oxyoxan-2-yl]oxy-5-hydroxy-7-methoxy-2-(4-methoxyphenyl)chromen-4-one"
CCCCCCCOCC1OC(OC(C)C)C(OC)C(OCCC)C1O,CCCCCCCOCC1OC(OC(C)C)C(OC)C(OCCC)C1O,sweet,flavor_db,2-(heptoxymethyl)-5-methoxy-6-propan-2-yloxy-4-propoxyoxan-3-ol
OCC(O)C(O)C(O)C(O)COC1OCC(O)C(O)C1O,OCC(O)C(O)C(O)C(O)COC1OCC(O)C(O)C1O,sweet,flavor_db,"6-(3,4,5-trihydroxyoxan-2-yl)oxyhexane-1,2,3,4,5-pentol"
CC1(C(=O)O)CCC2(C)CCC3(C)C(=CC(=O)C4C5(C)CCC(OC6CC(O)C(O)C(C(=O)O)O6)C(C)(C)C5CCC43C)C2C1,CC1(C(=O)O)CCC2(C)CCC3(C)C(=CC(=O)C4C5(C)CCC(OC6CC(O)C(O)C(C(=O)O)O6)C(C)(C)C5CCC43C)C2C1,sweet,flavor_db,"6-[(11-carboxy-4,4,6a,6b,8a,11,14b-heptamethyl-14-oxo-2,3,4a,5,6,7,8,9,10,12,12a,14a-dodecahydro-1H-picen-3-yl)oxy]-3,4-dihydroxyoxane-2-carboxylic acid"
CCOC(=O)C(NC(=O)C(N)CC(=O)O)C(=O)OC1CCCCC1C,CCOC(=O)C(NC(=O)C(N)CC(=O)O)C(=O)OC1CCCCC1C,sweet,chemtastes_db,"3-amino-4-[[1-ethoxy-3-(2-methylcyclohexyl)oxy-1,3-dioxopropan-2-yl]amino]-4-oxobutanoic acid"
NCCCCC(NC(=O)C(Cc1ccccc1)NC(=O)C(CO)NC(=O)C(N)CC(=O)O)C(=O)O,NCCCCC(NC(=O)C(Cc1ccccc1)NC(=O)C(CO)NC(=O)C(N)CC(=O)O)C(=O)O,sweet,flavor_db,6-amino-2-[[2-[[2-[(2-amino-3-carboxypropanoyl)amino]-3-hydroxypropanoyl]amino]-3-phenylpropanoyl]amino]hexanoic acid
O=COC1CCCCC1,O=COC1CCCCC1,sweet,flavor_db,cyclohexyl formate
CC(O)C(O)C(O)C(O)C1OC(O)C(O)C(O)C1O,CC(O)C(O)C(O)C(O)C1OC(O)C(O)C(O)C1O,sweet,flavor_db,"6-(1,2,3,4-tetrahydroxypentyl)oxane-2,3,4,5-tetrol"
NOC(C(O)CO)C(O)C(O)C=O,NOC(C(O)CO)C(O)C(O)C=O,sweet,flavor_db,"4-aminooxy-2,3,5,6-tetrahydroxyhexanal"
C=C1CC23CCC4C(C)(C(=O)OC5OC(CO)C(O)C(O)C5O)CCCC4(C)C2CCC1(OC1OC(CO)C(O)C(O)C1OC1OC(CO)C(O)C(OC2OC(CO)C(O)C(O)C2O)C1O)C3,C=C1CC23CCC4C(C)(C(=O)OC5OC(CO)C(O)C(O)C5O)CCCC4(C)C2CCC1(OC1OC(CO)C(O)C(O)C1OC1OC(CO)C(O)C(OC2OC(CO)C(O)C(O)C2O)C1O)C3,sweet,flavor_db,"[3,4,5-trihydroxy-6-(hydroxymethyl)oxan-2-yl] 13-[3-[3,5-dihydroxy-6-(hydroxymethyl)-4-[3,4,5-trihydroxy-6-(hydroxymethyl)oxan-2-yl]oxyoxan-2-yl]oxy-4,5-dihydroxy-6-(hydroxymethyl)oxan-2-yl]oxy-5,9-dimethyl-14-methylidenetetracyclo[11.2.1.01,10.04,9]hexadecane-5-carboxylate"
CC1OC(OC2C(CO)OC(OCC3OC(OC(=O)C45CCC(C)(C)CC4C4=CCC6C7(C)CCC(OC8OC(C(=O)O)C(O)C(O)C8O)C(C)(C)C7CCC6(C)C4(C)CC5)C(O)C(O)C3O)C(O)C2O)C(O)C(O)C1O,CC1OC(OC2C(CO)OC(OCC3OC(OC(=O)C45CCC(C)(C)CC4C4=CCC6C7(C)CCC(OC8OC(C(=O)O)C(O)C(O)C8O)C(C)(C)C7CCC6(C)C4(C)CC5)C(O)C(O)C3O)C(O)C2O)C(O)C(O)C1O,sweet,flavor_db,"6-[[8a-[6-[[3,4-dihydroxy-6-(hydroxymethyl)-5-(3,4,5-trihydroxy-6-methyloxan-2-yl)oxyoxan-2-yl]oxymethyl]-3,4,5-trihydroxyoxan-2-yl]oxycarbonyl-4,4,6a,6b,11,11,14b-heptamethyl-1,2,3,4a,5,6,7,8,9,10,12,12a,14,14a-tetradecahydropicen-3-yl]oxy]-3,4,5-trihydroxyoxane-2-carboxylic acid"
Nc1ncnc2c1ncn2C1(CO)OC2COP(=O)(O)OC2C1O,Nc1ncnc2c1ncn2C1(CO)OC2COP(=O)(O)OC2C1O,sweet,flavor_db,"6-(6-aminopurin-9-yl)-2-hydroxy-6-(hydroxymethyl)-2-oxo-4,4a,7,7a-tetrahydrofuro[3,2-d][1,3,2]dioxaphosphinin-7-ol"
OC1COC(OC2C(O)C(O)C(O)C(O)C2O)C(O)C1O,OC1COC(OC2C(O)C(O)C(O)C(O)C2O)C(O)C1O,sweet,flavor_db,"6-(3,4,5-trihydroxyoxan-2-yl)oxycyclohexane-1,2,3,4,5-pentol"
CC(=O)OCC(Cc1ccccc1)NC(=O)C(N)CC(=O)O,CC(=O)OCC(Cc1ccccc1)NC(=O)C(N)CC(=O)O,sweet,flavor_db,4-[(1-acetyloxy-3-phenylpropan-2-yl)amino]-3-amino-4-oxobutanoic acid
CC1(C)CCC2(C(=O)OC3OC(CO)C(O)C(O)C3O)CCC3(C)C(=CCC4C5(C)CC(O)C(OC6OC(C(=O)O)C(O)C(O)C6O)C(C)(C(=O)O)C5CCC43C)C2C1,CC1(C)CCC2(C(=O)OC3OC(CO)C(O)C(O)C3O)CCC3(C)C(=CCC4C5(C)CC(O)C(OC6OC(C(=O)O)C(O)C(O)C6O)C(C)(C(=O)O)C5CCC43C)C2C1,sweet,flavor_db,"6-[[4-carboxy-2-hydroxy-4,6a,6b,11,11,14b-hexamethyl-8a-[3,4,5-trihydroxy-6-(hydroxymethyl)oxan-2-yl]oxycarbonyl-1,2,3,4a,5,6,7,8,9,10,12,12a,14,14a-tetradecahydropicen-3-yl]oxy]-3,4,5-trihydroxyoxane-2-carboxylic acid"
NCCCCC(NC(=O)C(Cc1ccccc1)NC(=O)C(N)CC(=O)O)C(=O)NC(CC(N)=O)C(=O)O,NCCCCC(NC(=O)C(Cc1ccccc1)NC(=O)C(N)CC(=O)O)C(=O)NC(CC(N)=O)C(=O)O,sweet,flavor_db,3-amino-4-[[1-[[6-amino-1-[(3-amino-1-carboxy-3-oxopropyl)amino]-1-oxohexan-2-yl]amino]-1-oxo-3-phenylpropan-2-yl]amino]-4-oxobutanoic acid
O=CC(O)C(O)C(O)C(O)COI,O=CC(O)C(O)C(O)C(O)COI,sweet,flavor_db,"(2,3,4,5-tetrahydroxy-6-oxohexyl) hypoiodite"
COC1OC2COCOC2C(O)C1O,COC1OC2COCOC2C(O)C1O,sweet,flavor_db,"6-methoxy-4,4a,6,7,8,8a-hexahydropyrano[3,2-d][1,3]dioxine-7,8-diol"
COC1C(OC(C)C)OC(C)C(O)C1OC,COC1C(OC(C)C)OC(C)C(O)C1OC,sweet,flavor_db,"4,5-dimethoxy-2-methyl-6-propan-2-yloxyoxan-3-ol"
COc1cc(OC2OC(CO)C(O)C(O)C2O)c2c(=O)cc(-c3ccc(OC)c(OC)c3)oc2c1,COc1cc(OC2OC(CO)C(O)C(O)C2O)c2c(=O)cc(-c3ccc(OC)c(OC)c3)oc2c1,sweet,flavor_db,"2-(3,4-dimethoxyphenyl)-7-methoxy-5-[3,4,5-trihydroxy-6-(hydroxymethyl)oxan-2-yl]oxychromen-4-one"
COC(=O)C(Cc1ccc(O)cc1)NC(=O)C(N)CC(=O)O,COC(=O)C(Cc1ccc(O)cc1)NC(=O)C(N)CC(=O)O,sweet,chemtastes_db,3-amino-4-[[3-(4-hydroxyphenyl)-1-methoxy-1-oxopropan-2-yl]amino]-4-oxobutanoic acid
CC(NC(=O)C(CC(=O)O)NC(=O)C(CC(N)=O)NC(=O)C(N)Cc1ccccc1)C(=O)O,CC(NC(=O)C(CC(=O)O)NC(=O)C(CC(N)=O)NC(=O)C(N)Cc1ccccc1)C(=O)O,sweet,flavor_db,3-[[4-amino-2-[(2-amino-3-phenylpropanoyl)amino]-4-oxobutanoyl]amino]-4-(1-carboxyethylamino)-4-oxobutanoic acid
NCC(=O)NC(CC(=O)O)C(=O)NC(CCC(=O)O)C(=O)NC(Cc1ccccc1)C(=O)O,NCC(=O)NC(CC(=O)O)C(=O)NC(CCC(=O)O)C(=O)NC(Cc1ccccc1)C(=O)O,sweet,flavor_db,4-[[2-[(2-aminoacetyl)amino]-3-carboxypropanoyl]amino]-5-[(1-carboxy-2-phenylethyl)amino]-5-oxopentanoic acid
COC(=O)C(Cc1ccccc1)NC(=O)CC(NC=O)C(=O)O,COC(=O)C(Cc1ccccc1)NC(=O)CC(NC=O)C(=O)O,sweet,flavor_db,2-formamido-4-[(1-methoxy-1-oxo-3-phenylpropan-2-yl)amino]-4-oxobutanoic acid
CCCCCCOc1ccc([N+](=O)[O-])cc1[N+](=O)[O-],CCCCCCOc1ccc([N+](=O)[O-])cc1[N+](=O)[O-],sweet,flavor_db,"1-hexoxy-2,4-dinitrobenzene"
NC(CC(=O)O)C(=O)NC(Cc1ccccc1)C(=O)NC(CC(=O)O)C(=O)NC(Cc1ccccc1)C(=O)O,NC(CC(=O)O)C(=O)NC(Cc1ccccc1)C(=O)NC(CC(=O)O)C(=O)NC(Cc1ccccc1)C(=O)O,sweet,flavor_db,3-amino-4-[[1-[[3-carboxy-1-[(1-carboxy-2-phenylethyl)amino]-1-oxopropan-2-yl]amino]-1-oxo-3-phenylpropan-2-yl]amino]-4-oxobutanoic acid
OCC1CC(O)C(O)C(OCOC2OC(CO)C(O)C(O)C2O)O1,OCC1CC(O)C(O)C(OCOC2OC(CO)C(O)C(O)C2O)O1,sweet,flavor_db,"2-[[3,4-dihydroxy-6-(hydroxymethyl)oxan-2-yl]oxymethoxy]-6-(hydroxymethyl)oxane-3,4,5-triol"
CCCCCC(O)(O)OC1OC(C)C(O)C(O)C1O,CCCCCC(O)(O)OC1OC(C)C(O)C(O)C1O,sweet,flavor_db,"2-(1,1-dihydroxyhexoxy)-6-methyloxane-3,4,5-triol"
CC1(OC2OC(CO)C(O)C(O)C2O)OC(CO)C(O)C(O)C1O,CC1(OC2OC(CO)C(O)C(O)C2O)OC(CO)C(O)C(O)C1O,sweet,flavor_db,"6-(hydroxymethyl)-2-methyl-2-[3,4,5-trihydroxy-6-(hydroxymethyl)oxan-2-yl]oxyoxane-3,4,5-triol"
COc1cc(-c2oc3cc(O)cc(O)c3c(=O)c2OC2OC(CO)C(OC3OC(CO)C(O)C(O)C3O)C(O)C2O)ccc1O,COc1cc(-c2oc3cc(O)cc(O)c3c(=O)c2OC2OC(CO)C(OC3OC(CO)C(O)C(O)C3O)C(O)C2O)ccc1O,sweet,flavor_db,"3-[3,4-dihydroxy-6-(hydroxymethyl)-5-[3,4,5-trihydroxy-6-(hydroxymethyl)oxan-2-yl]oxyoxan-2-yl]oxy-5,7-dihydroxy-2-(4-hydroxy-3-methoxyphenyl)chromen-4-one"
CCC(C)C(NC(=O)C(CC(N)=O)NC(=O)CNC(=O)C(N)Cc1ccccc1)C(=O)O,CCC(C)C(NC(=O)C(CC(N)=O)NC(=O)CNC(=O)C(N)Cc1ccccc1)C(=O)O,sweet,flavor_db,2-[[4-amino-2-[[2-[(2-amino-3-phenylpropanoyl)amino]acetyl]amino]-4-oxobutanoyl]amino]-3-methylpentanoic acid
CC1(OC=O)CCC2(C)CCC3(C)C(=CC(=O)C4C5(C)CCC(OC6OC(C(=O)O)C(O)C(O)C6OC6OC(OC=O)C(O)C(O)C6O)C(C)(C)C5CCC43C)C2C1,CC1(OC=O)CCC2(C)CCC3(C)C(=CC(=O)C4C5(C)CCC(OC6OC(C(=O)O)C(O)C(O)C6OC6OC(OC=O)C(O)C(O)C6O)C(C)(C)C5CCC43C)C2C1,sweet,flavor_db,"6-[(11-formyloxy-4,4,6a,6b,8a,11,14b-heptamethyl-14-oxo-2,3,4a,5,6,7,8,9,10,12,12a,14a-dodecahydro-1H-picen-3-yl)oxy]-5-(6-formyloxy-3,4,5-trihydroxyoxan-2-yl)oxy-3,4-dihydroxyoxane-2-carboxylic acid"
CC(C)C(N)C(=O)NCC(=O)NC(CC(=O)O)C(=O)NC(Cc1ccccc1)C(=O)O,CC(C)C(N)C(=O)NCC(=O)NC(CC(=O)O)C(=O)NC(Cc1ccccc1)C(=O)O,sweet,flavor_db,3-[[2-[(2-amino-3-methylbutanoyl)amino]acetyl]amino]-4-[(1-carboxy-2-phenylethyl)amino]-4-oxobutanoic acid
NC(=O)CCC(N)C(=O)NC(Cc1ccccc1)C(=O)O,NC(=O)CCC(N)C(=O)NC(Cc1ccccc1)C(=O)O,sweet,flavor_db,"2-[(2,5-diamino-5-oxopentanoyl)amino]-3-phenylpropanoic acid"
CCC=CCCOC(=O)Cc1ccccc1,CCC=CCCOC(=O)Cc1ccccc1,sweet,flavor_db,hex-3-enyl 2-phenylacetate
CCC(C)C(NC(=O)C(Cc1ccccc1)NC(=O)C(CC(=O)O)NC(=O)CN)C(=O)O,CCC(C)C(NC(=O)C(Cc1ccccc1)NC(=O)C(CC(=O)O)NC(=O)CN)C(=O)O,sweet,flavor_db,2-[[2-[[2-[(2-aminoacetyl)amino]-3-carboxypropanoyl]amino]-3-phenylpropanoyl]amino]-3-methylpentanoic acid
CC(=O)C=CC12OC1(C)CCCC2(C)C,CC(=O)C=CC12OC1(C)CCCC2(C)C,sweet,flavor_db,"4-(2,2,6-trimethyl-7-oxabicyclo[4.1.0]heptan-1-yl)but-3-en-2-one"
Nc1ncnc2c1ncn2C1OC(COP(=O)(O)C(Br)(Br)P(=O)(O)O)C(O)C1O,Nc1ncnc2c1ncn2C1OC(COP(=O)(O)C(Br)(Br)P(=O)(O)O)C(O)C1O,sweet,flavor_db,"[[[5-(6-aminopurin-9-yl)-3,4-dihydroxyoxolan-2-yl]methoxy-hydroxyphosphoryl]-dibromomethyl]phosphonic acid"
CC(C)C(NC(=O)C(CC(=O)O)NC(=O)C(N)Cc1ccccc1)C(=O)NC(Cc1ccccc1)C(=O)O,CC(C)C(NC(=O)C(CC(=O)O)NC(=O)C(N)Cc1ccccc1)C(=O)NC(Cc1ccccc1)C(=O)O,sweet,flavor_db,3-[(2-amino-3-phenylpropanoyl)amino]-4-[[1-[(1-carboxy-2-phenylethyl)amino]-3-methyl-1-oxobutan-2-yl]amino]-4-oxobutanoic acid
COC1CC(O)C(OC)C(C)O1,COC1CC(O)C(OC)C(C)O1,sweet,flavor_db,"3,6-dimethoxy-2-methyloxan-4-ol"
CCCCO,CCCCO,sweet,flavor_db,butan-1-ol
OCC1OC(O)C(O)(OC2C(CO)OCC(O)C2O)C(O)C1O,OCC1OC(O)C(O)(OC2C(CO)OCC(O)C2O)C(O)C1O,sweet,flavor_db,"3-[4,5-dihydroxy-2-(hydroxymethyl)oxan-3-yl]oxy-6-(hydroxymethyl)oxane-2,3,4,5-tetrol"
CCCCOC(=O)C(C)C,CCCCOC(=O)C(C)C,sweet,flavor_db,butyl 2-methylpropanoate
COc1ccc(C2Oc3ccccc3S2)cc1O,COc1ccc(C2Oc3ccccc3S2)cc1O,sweet,chemtastes_db,"5-(1,3-benzoxathiol-2-yl)-2-methoxyphenol"
CC1=CC23CCC4C(C)(C(=O)OC5OC(CO)C(O)C(O)C5O)CCCC4(C)C2CCC1(OC1OC(CO)C(O)C(O)C1OC1OC(CO)C(O)C(O)C1O)C3,CC1=CC23CCC4C(C)(C(=O)OC5OC(CO)C(O)C(O)C5O)CCCC4(C)C2CCC1(OC1OC(CO)C(O)C(O)C1OC1OC(CO)C(O)C(O)C1O)C3,sweet,flavor_db,"[3,4,5-trihydroxy-6-(hydroxymethyl)oxan-2-yl] 13-[4,5-dihydroxy-6-(hydroxymethyl)-3-[3,4,5-trihydroxy-6-(hydroxymethyl)oxan-2-yl]oxyoxan-2-yl]oxy-5,9,14-trimethyltetracyclo[11.2.1.01,10.04,9]hexadec-14-ene-5-carboxylate"
CC1(C)C2CC=C(CO)C1C2,CC1(C)C2CC=C(CO)C1C2,sweet,flavor_db,"(6,6-dimethyl-2-bicyclo[3.1.1]hept-2-enyl)methanol"
OCC1CC(O)C(O)C(OC2C(CO)OC(OC3C(CO)OCC(O)C3O)C(O)C2O)O1,OCC1CC(O)C(O)C(OC2C(CO)OC(OC3C(CO)OCC(O)C3O)C(O)C2O)O1,sweet,flavor_db,"5-[3,4-dihydroxy-6-(hydroxymethyl)oxan-2-yl]oxy-2-[4,5-dihydroxy-2-(hydroxymethyl)oxan-3-yl]oxy-6-(hydroxymethyl)oxane-3,4-diol"
COc1cccc2c(=O)c3c(OC4OC(CO)C(O)C(O)C4O)cc(O)c(OC)c3oc12,COc1cccc2c(=O)c3c(OC4OC(CO)C(O)C(O)C4O)cc(O)c(OC)c3oc12,sweet,flavor_db,"3-hydroxy-4,5-dimethoxy-1-[3,4,5-trihydroxy-6-(hydroxymethyl)oxan-2-yl]oxyxanthen-9-one"
CCCCCCCOC1OC(C(O)CO)C(O)C1O,CCCCCCCOC1OC(C(O)CO)C(O)C1O,sweet,flavor_db,"2-(1,2-dihydroxyethyl)-5-heptoxyoxolane-3,4-diol"
CCOC1(CO)OCC(O)C(O)C1O,CCOC1(CO)OCC(O)C(O)C1O,sweet,flavor_db,"2-ethoxy-2-(hydroxymethyl)oxane-3,4,5-triol"
COc1cc(-c2oc3cc(OC4OC(OC(=O)O)C(O)C(O)C4O)cc(O)c3c(=O)c2O)ccc1O,COc1cc(-c2oc3cc(OC4OC(OC(=O)O)C(O)C(O)C4O)cc(O)c3c(=O)c2O)ccc1O,sweet,flavor_db,"[6-[3,5-dihydroxy-2-(4-hydroxy-3-methoxyphenyl)-4-oxochromen-7-yl]oxy-3,4,5-trihydroxyoxan-2-yl] hydrogen carbonate"
NCCCCC(NC(=O)C(N)CC(N)=O)C(=O)NC(CC(=O)O)C(=O)NC(Cc1ccccc1)C(=O)O,NCCCCC(NC(=O)C(N)CC(N)=O)C(=O)NC(CC(=O)O)C(=O)NC(Cc1ccccc1)C(=O)O,sweet,flavor_db,"3-[[6-amino-2-[(2,4-diamino-4-oxobutanoyl)amino]hexanoyl]amino]-4-[(1-carboxy-2-phenylethyl)amino]-4-oxobutanoic acid"
CC1CCC(C(C)C)C(O)C1,CC1CCC(C(C)C)C(O)C1,sweet,flavor_db,5-methyl-2-propan-2-ylcyclohexan-1-ol
Nc1cc([N+](=O)[O-])ccc1Cl,Nc1cc([N+](=O)[O-])ccc1Cl,sweet,chemtastes_db,2-chloro-5-nitroaniline
COc1cccc(OC2OC(CO)C(O)C(O)C2O)c1-c1cc(=O)c2c(O)cc(OC)c(OC)c2o1,COc1cccc(OC2OC(CO)C(O)C(O)C2O)c1-c1cc(=O)c2c(O)cc(OC)c(OC)c2o1,sweet,flavor_db,"5-hydroxy-7,8-dimethoxy-2-[2-methoxy-6-[3,4,5-trihydroxy-6-(hydroxymethyl)oxan-2-yl]oxyphenyl]chromen-4-one"
Nc1ncnc2c1ncn2C1OC(COP(=O)(O)OP(=O)(O)OP(=O)(O)OP(=O)(O)O)C(O)C1O,Nc1ncnc2c1ncn2C1OC(COP(=O)(O)OP(=O)(O)OP(=O)(O)OP(=O)(O)O)C(O)C1O,sweet,flavor_db,"[[5-(6-aminopurin-9-yl)-3,4-dihydroxyoxolan-2-yl]methoxy-hydroxyphosphoryl] [hydroxy(phosphonooxy)phosphoryl] hydrogen phosphate"
[CH2]C(O)C(O)C(O)C(O)CO,[CH2]C(O)C(O)C(O)C(O)CO,sweet,flavor_db,"hexane-1,2,3,4,5-pentol"
CC1OC(OC2C(O)C(CO)OC(OC(=O)C34CCC(C)(C)CC3C3=CCC5C6(C)CCC(OC7OC(C(=O)O)C(OC8OC(CO)C(O)C(O)C8O)C(O)C7O)C(C)(C)C6CCC5(C)C3(C)CC4)C2O)C(O)C(O)C1O,CC1OC(OC2C(O)C(CO)OC(OC(=O)C34CCC(C)(C)CC3C3=CCC5C6(C)CCC(OC7OC(C(=O)O)C(OC8OC(CO)C(O)C(O)C8O)C(O)C7O)C(C)(C)C6CCC5(C)C3(C)CC4)C2O)C(O)C(O)C1O,sweet,flavor_db,"6-[[8a-[3,5-dihydroxy-6-(hydroxymethyl)-4-(3,4,5-trihydroxy-6-methyloxan-2-yl)oxyoxan-2-yl]oxycarbonyl-4,4,6a,6b,11,11,14b-heptamethyl-1,2,3,4a,5,6,7,8,9,10,12,12a,14,14a-tetradecahydropicen-3-yl]oxy]-4,5-dihydroxy-3-[3,4,5-trihydroxy-6-(hydroxymethyl)oxan-2-yl]oxyoxane-2-carboxylic acid"
COC(=O)C(Cc1ccccc1)NC(=O)C1CCC(=O)N1,COC(=O)C(Cc1ccccc1)NC(=O)C1CCC(=O)N1,sweet,flavor_db,methyl 2-[(5-oxopyrrolidine-2-carbonyl)amino]-3-phenylpropanoate
NN1C(=O)c2ccccc2S1(=O)=O,NN1C(=O)c2ccccc2S1(=O)=O,sweet,flavor_db,"2-amino-1,1-dioxo-1,2-benzothiazol-3-one"
O=CC(O)(O)C(O)C(O)C(O)C(O)O,O=CC(O)(O)C(O)C(O)C(O)C(O)O,sweet,flavor_db,"2,2,3,4,5,6,6-heptahydroxyhexanal"
CC(N)C(=O)NCC(=O)NC(Cc1ccccc1)C(=O)OC(C)(C)C,CC(N)C(=O)NCC(=O)NC(Cc1ccccc1)C(=O)OC(C)(C)C,sweet,flavor_db,tert-butyl 2-[[2-(2-aminopropanoylamino)acetyl]amino]-3-phenylpropanoate
CC1OCC2OC(O)C(O)C(O)C2O1,CC1OCC2OC(O)C(O)C(O)C2O1,sweet,flavor_db,"2-methyl-4,4a,6,7,8,8a-hexahydropyrano[3,2-d][1,3]dioxine-6,7,8-triol"
O=C1c2ccccc2S(=O)(=O)N1COCN1C(=O)c2ccccc2S1(=O)=O,O=C1c2ccccc2S(=O)(=O)N1COCN1C(=O)c2ccccc2S1(=O)=O,sweet,flavor_db,"1,1-dioxo-2-[(1,1,3-trioxo-1,2-benzothiazol-2-yl)methoxymethyl]-1,2-benzothiazol-3-one"
CC1(C)CCC2(CO)C(O)CC3(C)C(=CCC4C5(C)CCC(OC6OC(C(=O)O)C(O)C(OC7OC(CO)C(O)C(O)C7O)C6O)C(C)(C)C5CCC43C)C2C1,CC1(C)CCC2(CO)C(O)CC3(C)C(=CCC4C5(C)CCC(OC6OC(C(=O)O)C(O)C(OC7OC(CO)C(O)C(O)C7O)C6O)C(C)(C)C5CCC43C)C2C1,sweet,flavor_db,"3,5-dihydroxy-6-[[8-hydroxy-8a-(hydroxymethyl)-4,4,6a,6b,11,11,14b-heptamethyl-1,2,3,4a,5,6,7,8,9,10,12,12a,14,14a-tetradecahydropicen-3-yl]oxy]-4-[3,4,5-trihydroxy-6-(hydroxymethyl)oxan-2-yl]oxyoxane-2-carboxylic acid"
OCC(O)OC(COC1OC(CO)C(O)C(O)C1O)C(O)CO,OCC(O)OC(COC1OC(CO)C(O)C(O)C1O)C(O)CO,sweet,flavor_db,"2-[2-(1,2-dihydroxyethoxy)-3,4-dihydroxybutoxy]-6-(hydroxymethyl)oxane-3,4,5-triol"
CC(C)CC(N)C(=O)NC(CC(C)C)C(=O)NC(Cc1ccccc1)C(=O)NC(CC(N)=O)C(=O)O,CC(C)CC(N)C(=O)NC(CC(C)C)C(=O)NC(Cc1ccccc1)C(=O)NC(CC(N)=O)C(=O)O,sweet,flavor_db,4-amino-2-[[2-[[2-[(2-amino-4-methylpentanoyl)amino]-4-methylpentanoyl]amino]-3-phenylpropanoyl]amino]-4-oxobutanoic acid
CN1C(=O)C(N)CC(=O)OC(=O)C1Cc1ccccc1,CN1C(=O)C(N)CC(=O)OC(=O)C1Cc1ccccc1,sweet,flavor_db,"6-amino-3-benzyl-4-methyl-1,4-oxazocane-2,5,8-trione"
Nc1ncnc2c1ncn2C1CC(O)C(COP(=O)(O)CP(=O)(O)OP(=O)(O)O)O1,Nc1ncnc2c1ncn2C1CC(O)C(COP(=O)(O)CP(=O)(O)OP(=O)(O)O)O1,sweet,flavor_db,[5-(6-aminopurin-9-yl)-3-hydroxyoxolan-2-yl]methoxy-[[hydroxy(phosphonooxy)phosphoryl]methyl]phosphinic acid
COC(=O)C1OC(OC2CCC3(C)C(CCC4(C)C3CC=C3C5CC(C)(C)CCC5(C(=O)OC)CCC34C)C2(C)C)C(OC(C)=O)C(OC2OCC(O)C(O)C2OC(C)=O)C1OC(C)=O,COC(=O)C1OC(OC2CCC3(C)C(CCC4(C)C3CC=C3C5CC(C)(C)CCC5(C(=O)OC)CCC34C)C2(C)C)C(OC(C)=O)C(OC2OCC(O)C(O)C2OC(C)=O)C1OC(C)=O,sweet,flavor_db,"methyl 3,5-diacetyloxy-4-(3-acetyloxy-4,5-dihydroxyoxan-2-yl)oxy-6-[(8a-methoxycarbonyl-4,4,6a,6b,11,11,14b-heptamethyl-1,2,3,4a,5,6,7,8,9,10,12,12a,14,14a-tetradecahydropicen-3-yl)oxy]oxane-2-carboxylate"
COC(=O)C1OC(OC2CCC3(C)C(CCC4(C)C3CC=C3C5CC(C)(C)CCC5(C(=O)OC5OC(CO)C(O)C(O)C5O)CCC34C)C2(C)C)C(OC2OC(CO)C(O)C(O)C2O)C(O)C1O,COC(=O)C1OC(OC2CCC3(C)C(CCC4(C)C3CC=C3C5CC(C)(C)CCC5(C(=O)OC5OC(CO)C(O)C(O)C5O)CCC34C)C2(C)C)C(OC2OC(CO)C(O)C(O)C2O)C(O)C1O,sweet,flavor_db,"methyl 6-[[4,4,6a,6b,11,11,14b-heptamethyl-8a-[3,4,5-trihydroxy-6-(hydroxymethyl)oxan-2-yl]oxycarbonyl-1,2,3,4a,5,6,7,8,9,10,12,12a,14,14a-tetradecahydropicen-3-yl]oxy]-3,4-dihydroxy-5-[3,4,5-trihydroxy-6-(hydroxymethyl)oxan-2-yl]oxyoxane-2-carboxylate"
CC(O)C(NC(=O)CN)C(=O)NC(CC(=O)O)C(=O)NC(Cc1ccccc1)C(=O)O,CC(O)C(NC(=O)CN)C(=O)NC(CC(=O)O)C(=O)NC(Cc1ccccc1)C(=O)O,sweet,flavor_db,3-[[2-[(2-aminoacetyl)amino]-3-hydroxybutanoyl]amino]-4-[(1-carboxy-2-phenylethyl)amino]-4-oxobutanoic acid
CCOCCOCCOCCOCCO[P+]([O-])(O)OCC1OC(n2cnc3c(N)ncnc32)C(O)C1O,CCOCCOCCOCCOCCO[P+]([O-])(O)OCC1OC(n2cnc3c(N)ncnc32)C(O)C1O,sweet,flavor_db,"[5-(6-aminopurin-9-yl)-3,4-dihydroxyoxolan-2-yl]methoxy-[2-[2-[2-(2-ethoxyethoxy)ethoxy]ethoxy]ethoxy]phosphinic acid"
COC(=O)C(Cc1ccccc1)NC(=O)C(CC(=O)O)NC(=O)C(N)C(C)C(=O)O,COC(=O)C(Cc1ccccc1)NC(=O)C(CC(=O)O)NC(=O)C(N)C(C)C(=O)O,sweet,flavor_db,3-amino-4-[[3-carboxy-1-[(1-methoxy-1-oxo-3-phenylpropan-2-yl)amino]-1-oxopropan-2-yl]amino]-2-methyl-4-oxobutanoic acid
CCOC(=O)C(C)NC(=O)C(CC(=O)O)NC(=O)Nc1ccc([N+](=O)[O-])cc1,CCOC(=O)C(C)NC(=O)C(CC(=O)O)NC(=O)Nc1ccc([N+](=O)[O-])cc1,sweet,chemtastes_db,4-[(1-ethoxy-1-oxopropan-2-yl)amino]-3-[(4-nitrophenyl)carbamoylamino]-4-oxobutanoic acid
OCC1OC(O)C(O)C(O)C1OC1OC(COCl)C(O)C(O)C1O,OCC1OC(O)C(O)C(O)C1OC1OC(COCl)C(O)C(O)C1O,sweet,flavor_db,"[3,4,5-trihydroxy-6-[4,5,6-trihydroxy-2-(hydroxymethyl)oxan-3-yl]oxyoxan-2-yl]methyl hypochlorite"
COc1ccc(C=CC(=O)c2c(OC)cc(OC3OC(COC4OC(C)C(O)C(O)C4O)C(O)C(O)C3O)cc2OC)cc1OC,COc1ccc(C=CC(=O)c2c(OC)cc(OC3OC(COC4OC(C)C(O)C(O)C4O)C(O)C(O)C3O)cc2OC)cc1OC,sweet,flavor_db,"3-(3,4-dimethoxyphenyl)-1-[2,6-dimethoxy-4-[3,4,5-trihydroxy-6-[(3,4,5-trihydroxy-6-methyloxan-2-yl)oxymethyl]oxan-2-yl]oxyphenyl]prop-2-en-1-one"
O=C(CC(O)CO)C(O)C(O)C(O)C(O)CO,O=C(CC(O)CO)C(O)C(O)C(O)C(O)CO,sweet,flavor_db,"1,2,5,6,7,8,9-heptahydroxynonan-4-one"
COc1cc(OC2OC(CO)C(O)C(O)C2O)c2c(=O)c3c(OC)c(O)ccc3oc2c1O,COc1cc(OC2OC(CO)C(O)C(O)C2O)c2c(=O)c3c(OC)c(O)ccc3oc2c1O,sweet,flavor_db,"2,5-dihydroxy-1,6-dimethoxy-8-[3,4,5-trihydroxy-6-(hydroxymethyl)oxan-2-yl]oxyxanthen-9-one"
CC(N)C(=O)NC(CC(=O)O)C(=O)NC(C)C(=O)NC(Cc1ccccc1)C(=O)O,CC(N)C(=O)NC(CC(=O)O)C(=O)NC(C)C(=O)NC(Cc1ccccc1)C(=O)O,sweet,flavor_db,3-(2-aminopropanoylamino)-4-[[1-[(1-carboxy-2-phenylethyl)amino]-1-oxopropan-2-yl]amino]-4-oxobutanoic acid
CC=CC(=O)C1C(C)C=CCC1(C)C,CC=CC(=O)C1C(C)C=CCC1(C)C,sweet,flavor_db,"1-(2,6,6-trimethylcyclohex-3-en-1-yl)but-2-en-1-one"
OCC(O)C(O)C(O)CO,OCC(O)C(O)C(O)CO,sweet,chemtastes_db,"pentane-1,2,3,4,5-pentol"
CCC(C)C(NC(=O)C(CC(C)C)NC(=O)C(N)Cc1ccccc1)C(=O)NC(CC(N)=O)C(=O)O,CCC(C)C(NC(=O)C(CC(C)C)NC(=O)C(N)Cc1ccccc1)C(=O)NC(CC(N)=O)C(=O)O,sweet,flavor_db,4-amino-2-[[2-[[2-[(2-amino-3-phenylpropanoyl)amino]-4-methylpentanoyl]amino]-3-methylpentanoyl]amino]-4-oxobutanoic acid
CC(C)OP1(=O)OC(C)C2OC(n3cnc4c(N)ncnc43)C(O)C2O1,CC(C)OP1(=O)OC(C)C2OC(n3cnc4c(N)ncnc43)C(O)C2O1,sweet,flavor_db,"6-(6-aminopurin-9-yl)-4-methyl-2-oxo-2-propan-2-yloxy-4a,6,7,7a-tetrahydro-4H-furo[3,2-d][1,3,2]dioxaphosphinin-7-ol"
COC(=O)C(Cc1ccccc1)NC(=O)C(CC(C)C)NC(=O)C(CC(C)C)NC(=O)C(N)CC(C)C,COC(=O)C(Cc1ccccc1)NC(=O)C(CC(C)C)NC(=O)C(CC(C)C)NC(=O)C(N)CC(C)C,sweet,flavor_db,methyl 2-[[2-[[2-[(2-amino-4-methylpentanoyl)amino]-4-methylpentanoyl]amino]-4-methylpentanoyl]amino]-3-phenylpropanoate
CCOC(=O)C(Cc1ccccc1)NC(=O)CC(=O)O,CCOC(=O)C(Cc1ccccc1)NC(=O)CC(=O)O,sweet,flavor_db,3-[(1-ethoxy-1-oxo-3-phenylpropan-2-yl)amino]-3-oxopropanoic acid
CC(=O)OC1C(O)C(C)OC(Oc2ccc(C(=O)C=Cc3ccc(O)c(O)c3)c(O)c2O)C1O,CC(=O)OC1C(O)C(C)OC(Oc2ccc(C(=O)C=Cc3ccc(O)c(O)c3)c(O)c2O)C1O,sweet,flavor_db,"[2-[4-[3-(3,4-dihydroxyphenyl)prop-2-enoyl]-2,3-dihydroxyphenoxy]-3,5-dihydroxy-6-methyloxan-4-yl] acetate"
CC(O)C(NC(=O)C(CO)NC(=O)C(N)CC(=O)O)C(=O)NC(Cc1ccccc1)C(=O)O,CC(O)C(NC(=O)C(CO)NC(=O)C(N)CC(=O)O)C(=O)NC(Cc1ccccc1)C(=O)O,sweet,flavor_db,3-amino-4-[[1-[[1-[(1-carboxy-2-phenylethyl)amino]-3-hydroxy-1-oxobutan-2-yl]amino]-3-hydroxy-1-oxopropan-2-yl]amino]-4-oxobutanoic acid
OCC1OC(O)C(O)C(O)C1OC1OC(CO)C(O)C(OO)(OF)C1O,OCC1OC(O)C(O)C(O)C1OC1OC(CO)C(O)C(OO)(OF)C1O,sweet,flavor_db,"[4-hydroperoxy-3,5-dihydroxy-2-(hydroxymethyl)-6-[4,5,6-trihydroxy-2-(hydroxymethyl)oxan-3-yl]oxyoxan-4-yl] hypofluorite"
COC(=O)C(CC(C)C)NC(=O)C(Cc1ccccc1)NC(=O)C(C)(C)N,COC(=O)C(CC(C)C)NC(=O)C(Cc1ccccc1)NC(=O)C(C)(C)N,sweet,flavor_db,methyl 2-[[2-[(2-amino-2-methylpropanoyl)amino]-3-phenylpropanoyl]amino]-4-methylpentanoate
COc1ccc(C2CC(=O)c3c(O)cc(OC4OC(COC5OC(C)C(O)C(O)C5O)CC(O)C4O)cc3O2)cc1O,COc1ccc(C2CC(=O)c3c(O)cc(OC4OC(COC5OC(C)C(O)C(O)C5O)CC(O)C4O)cc3O2)cc1O,sweet,flavor_db,"7-[3,4-dihydroxy-6-[(3,4,5-trihydroxy-6-methyloxan-2-yl)oxymethyl]oxan-2-yl]oxy-5-hydroxy-2-(3-hydroxy-4-methoxyphenyl)-2,3-dihydrochromen-4-one"
CC(C)C(NC(=O)C(N)CC(N)=O)C(=O)NC(CC(N)=O)C(=O)NC(Cc1ccccc1)C(=O)O,CC(C)C(NC(=O)C(N)CC(N)=O)C(=O)NC(CC(N)=O)C(=O)NC(Cc1ccccc1)C(=O)O,sweet,flavor_db,"2-[[4-amino-2-[[2-[(2,4-diamino-4-oxobutanoyl)amino]-3-methylbutanoyl]amino]-4-oxobutanoyl]amino]-3-phenylpropanoic acid"
CC1(C)OCC2OC(OC3C(CO)OCC(O)C3O)C(O)C(O)C2O1,CC1(C)OCC2OC(OC3C(CO)OCC(O)C3O)C(O)C(O)C2O1,sweet,flavor_db,"6-[4,5-dihydroxy-2-(hydroxymethyl)oxan-3-yl]oxy-2,2-dimethyl-4,4a,6,7,8,8a-hexahydropyrano[3,2-d][1,3]dioxine-7,8-diol"
CCOC(=O)C1NC1C(=O)NC(C=O)Cc1ccccc1,CCOC(=O)C1NC1C(=O)NC(C=O)Cc1ccccc1,sweet,flavor_db,ethyl 3-[(1-oxo-3-phenylpropan-2-yl)carbamoyl]aziridine-2-carboxylate
COc1c(-c2cc(O)c(O)c(OC3OCC(O)C(O)C3O)c2)oc2cc(O)cc(O)c2c1=O,COc1c(-c2cc(O)c(O)c(OC3OCC(O)C(O)C3O)c2)oc2cc(O)cc(O)c2c1=O,sweet,flavor_db,"2-[3,4-dihydroxy-5-(3,4,5-trihydroxyoxan-2-yl)oxyphenyl]-5,7-dihydroxy-3-methoxychromen-4-one"
OCC1OC(OCC2OC(OCC3CO3)C(O)C(O)C2O)C(O)C(O)C1O,OCC1OC(OCC2OC(OCC3CO3)C(O)C(O)C2O)C(O)C(O)C1O,sweet,flavor_db,"2-(hydroxymethyl)-6-[[3,4,5-trihydroxy-6-(oxiran-2-ylmethoxy)oxan-2-yl]methoxy]oxane-3,4,5-triol"
CC1(C)CCC2(C(=O)OC3OC(CO)C(O)C(O)C3O)CCC3(C)C(=CCC4C5(C)CCC(OC6OC(C(=O)O)C(O)C7OC(O)(C(=O)O)C(OCC(=O)O)OC67)C(C)(C)C5CCC43C)C2C1,CC1(C)CCC2(C(=O)OC3OC(CO)C(O)C(O)C3O)CCC3(C)C(=CCC4C5(C)CCC(OC6OC(C(=O)O)C(O)C7OC(O)(C(=O)O)C(OCC(=O)O)OC67)C(C)(C)C5CCC43C)C2C1,sweet,flavor_db,"5-[[4,4,6a,6b,11,11,14b-heptamethyl-8a-[3,4,5-trihydroxy-6-(hydroxymethyl)oxan-2-yl]oxycarbonyl-1,2,3,4a,5,6,7,8,9,10,12,12a,14,14a-tetradecahydropicen-3-yl]oxy]-3-(carboxymethoxy)-2,8-dihydroxy-3,4a,5,7,8,8a-hexahydropyrano[3,4-b][1,4]dioxine-2,7-dicarboxylic acid"
CC(O)CC(O)C(O)CO,CC(O)CC(O)C(O)CO,sweet,flavor_db,"hexane-1,2,3,5-tetrol"
OCC1OC(OC2(O)CCC(O)C2O)C(O)C(O)C1O,OCC1OC(OC2(O)CCC(O)C2O)C(O)C(O)C1O,sweet,flavor_db,"2-(hydroxymethyl)-6-(1,2,3-trihydroxycyclopentyl)oxyoxane-3,4,5-triol"
OCC1OC(OC2(CF)OC(CO)C(O)C2O)C(O)C(O)C1O,OCC1OC(OC2(CF)OC(CO)C(O)C2O)C(O)C(O)C1O,sweet,flavor_db,"2-[2-(fluoromethyl)-3,4-dihydroxy-5-(hydroxymethyl)oxolan-2-yl]oxy-6-(hydroxymethyl)oxane-3,4,5-triol"
CC(C)C(NC(=O)C(N)CC(=O)O)C(=O)NC(CC(N)=O)C(=O)NC(Cc1ccccc1)C(=O)O,CC(C)C(NC(=O)C(N)CC(=O)O)C(=O)NC(CC(N)=O)C(=O)NC(Cc1ccccc1)C(=O)O,sweet,flavor_db,"3-amino-4-[[1-[[4-amino-1-[(1-carboxy-2-phenylethyl)amino]-1,4-dioxobutan-2-yl]amino]-3-methyl-1-oxobutan-2-yl]amino]-4-oxobutanoic acid"
Nc1cccc([N+](=O)[O-])c1,Nc1cccc([N+](=O)[O-])c1,sweet,chemtastes_db,3-nitroaniline
COOc1c(-c2ccc(O)c(O)c2)oc2cc(O)cc(OC3OC(CO)C(O)C(O)C3O)c2c1=O,COOc1c(-c2ccc(O)c(O)c2)oc2cc(O)cc(OC3OC(CO)C(O)C(O)C3O)c2c1=O,sweet,flavor_db,"2-(3,4-dihydroxyphenyl)-7-hydroxy-3-methylperoxy-5-[3,4,5-trihydroxy-6-(hydroxymethyl)oxan-2-yl]oxychromen-4-one"
CCC(C)C(N)C(=O)NCC(=O)NC(Cc1ccccc1)C(=O)NC(CC(N)=O)C(=O)O,CCC(C)C(N)C(=O)NCC(=O)NC(Cc1ccccc1)C(=O)NC(CC(N)=O)C(=O)O,sweet,flavor_db,4-amino-2-[[2-[[2-[(2-amino-3-methylpentanoyl)amino]acetyl]amino]-3-phenylpropanoyl]amino]-4-oxobutanoic acid
COC1CC2OC(C)(OC)C(C)(OC)OC2C(CO)O1,COC1CC2OC(C)(OC)C(C)(OC)OC2C(CO)O1,sweet,flavor_db,"(2,3,7-trimethoxy-2,3-dimethyl-5,7,8,8a-tetrahydro-4aH-pyrano[3,4-b][1,4]dioxin-5-yl)methanol"
CC=CC(=O)C1=C(C)C=CCC1(C)C,CC=CC(=O)C1=C(C)C=CCC1(C)C,sweet,flavor_db,"1-(2,6,6-trimethylcyclohexa-1,3-dien-1-yl)but-2-en-1-one"
O=C(O)Cc1ccccc1,O=C(O)Cc1ccccc1,sweet,flavor_db,2-phenylacetic acid
CC1OC(Oc2cc3oc(-c4ccc(O)c(O)c4)cc(=O)c3c(O)c2C2OC(CO)C(O)C(O)C2O)C(O)C(O)C1O,CC1OC(Oc2cc3oc(-c4ccc(O)c(O)c4)cc(=O)c3c(O)c2C2OC(CO)C(O)C(O)C2O)C(O)C(O)C1O,sweet,flavor_db,"2-(3,4-dihydroxyphenyl)-5-hydroxy-6-[3,4,5-trihydroxy-6-(hydroxymethyl)oxan-2-yl]-7-(3,4,5-trihydroxy-6-methyloxan-2-yl)oxychromen-4-one"
OCC1(O)O[CH]C(O)C(O)C1O,OCC1(O)O[CH]C(O)C(O)C1O,sweet,flavor_db,"2-(hydroxymethyl)oxane-2,3,4,5-tetrol"
COC1(OC2OC(CO)C(O)C(O)C2O)OC(CO)C(O)C(O)C1O,COC1(OC2OC(CO)C(O)C(O)C2O)OC(CO)C(O)C(O)C1O,sweet,flavor_db,"6-(hydroxymethyl)-2-methoxy-2-[3,4,5-trihydroxy-6-(hydroxymethyl)oxan-2-yl]oxyoxane-3,4,5-triol"
CC(NC(=O)C(Cc1ccccc1)NC(=O)C(N)CC(N)=O)C(=O)NC(Cc1ccccc1)C(=O)O,CC(NC(=O)C(Cc1ccccc1)NC(=O)C(N)CC(N)=O)C(=O)NC(Cc1ccccc1)C(=O)O,sweet,flavor_db,"2-[2-[[2-[(2,4-diamino-4-oxobutanoyl)amino]-3-phenylpropanoyl]amino]propanoylamino]-3-phenylpropanoic acid"
OC1COC(OC2COC(OC3COC(O)C(O)C3O)C(O)C2O)C(O)C1O,OC1COC(OC2COC(OC3COC(O)C(O)C3O)C(O)C2O)C(O)C1O,sweet,flavor_db,"2-[4,5-dihydroxy-6-(4,5,6-trihydroxyoxan-3-yl)oxyoxan-3-yl]oxyoxane-3,4,5-triol"
Nc1ncnc2c1ncn2C1OC(C(O)OP(=O)(O)C(P(=O)(O)O)P(=O)(O)O)C(O)C1O,Nc1ncnc2c1ncn2C1OC(C(O)OP(=O)(O)C(P(=O)(O)O)P(=O)(O)O)C(O)C1O,sweet,flavor_db,"[[[[5-(6-aminopurin-9-yl)-3,4-dihydroxyoxolan-2-yl]-hydroxymethoxy]-hydroxyphosphoryl]-phosphonomethyl]phosphonic acid"
Nc1nc(I)nc2c1ncn2C1OC(COP(=O)(O)O)C(O)C1O,Nc1nc(I)nc2c1ncn2C1OC(COP(=O)(O)O)C(O)C1O,sweet,flavor_db,"[5-(6-amino-2-iodopurin-9-yl)-3,4-dihydroxyoxolan-2-yl]methyl dihydrogen phosphate"
CCC(C)(N)C(=O)NC(Cc1ccccc1)C(=O)OC,CCC(C)(N)C(=O)NC(Cc1ccccc1)C(=O)OC,sweet,flavor_db,methyl 2-[(2-amino-2-methylbutanoyl)amino]-3-phenylpropanoate
COC1OC(CO)C(O)C(OC)C1O,COC1OC(CO)C(O)C(OC)C1O,sweet,flavor_db,"2-(hydroxymethyl)-4,6-dimethoxyoxane-3,5-diol"
CC1OC(OC2C(OC3COC(O)C(O)C3O)OC(CO)C(O)C2O)C(O)C(O)C1O,CC1OC(OC2C(OC3COC(O)C(O)C3O)OC(CO)C(O)C2O)C(O)C(O)C1O,sweet,flavor_db,"2-[4,5-dihydroxy-6-(hydroxymethyl)-2-(4,5,6-trihydroxyoxan-3-yl)oxyoxan-3-yl]oxy-6-methyloxane-3,4,5-triol"
CCCOc1ccc(NC(=O)Nc2ccc(OC)cc2)cc1,CCCOc1ccc(NC(=O)Nc2ccc(OC)cc2)cc1,sweet,flavor_db,1-(4-methoxyphenyl)-3-(4-propoxyphenyl)urea
CC1OC(OCC2OC(Oc3cc(O)c4c(c3)OC(c3ccc(O)c(O)c3)CC4=O)C(O)C(O)C2O)C(O)C(O)C1C,CC1OC(OCC2OC(Oc3cc(O)c4c(c3)OC(c3ccc(O)c(O)c3)CC4=O)C(O)C(O)C2O)C(O)C(O)C1C,sweet,flavor_db,"7-[6-[(3,4-dihydroxy-5,6-dimethyloxan-2-yl)oxymethyl]-3,4,5-trihydroxyoxan-2-yl]oxy-2-(3,4-dihydroxyphenyl)-5-hydroxy-2,3-dihydrochromen-4-one"
COCC(O)C(O)C(O)C(=O)CO,COCC(O)C(O)C(O)C(=O)CO,sweet,flavor_db,"1,3,4,5-tetrahydroxy-6-methoxyhexan-2-one"
CCCCCCCCCCCCCCCCOCC(COC1OC(CO)C(O)C(O)C1O)OC,CCCCCCCCCCCCCCCCOCC(COC1OC(CO)C(O)C(O)C1O)OC,sweet,flavor_db,"2-(3-hexadecoxy-2-methoxypropoxy)-6-(hydroxymethyl)oxane-3,4,5-triol"
O=c1cc(-c2ccc(O)c(O)c2)oc2cc(O)c(C3OC(OC4OC(CO)C(O)C(O)C4O)C(O)C(O)C3O)c(O)c12,O=c1cc(-c2ccc(O)c(O)c2)oc2cc(O)c(C3OC(OC4OC(CO)C(O)C(O)C4O)C(O)C(O)C3O)c(O)c12,sweet,flavor_db,"2-(3,4-dihydroxyphenyl)-5,7-dihydroxy-6-[3,4,5-trihydroxy-6-[3,4,5-trihydroxy-6-(hydroxymethyl)oxan-2-yl]oxyoxan-2-yl]chromen-4-one"
CCCC(C(=O)NCC(=O)OC)N1C(=O)CC1C(=O)NC(Cc1ccccc1)C(=O)OC,CCCC(C(=O)NCC(=O)OC)N1C(=O)CC1C(=O)NC(Cc1ccccc1)C(=O)OC,sweet,flavor_db,methyl 2-[[1-[1-[(2-methoxy-2-oxoethyl)amino]-1-oxopentan-2-yl]-4-oxoazetidine-2-carbonyl]amino]-3-phenylpropanoate
CC(Cc1ccc(O)cc1)NC(=O)C(N)CC(=O)O,CC(Cc1ccc(O)cc1)NC(=O)C(N)CC(=O)O,sweet,chemtastes_db,3-amino-4-[1-(4-hydroxyphenyl)propan-2-ylamino]-4-oxobutanoic acid
CCCCCCCCOC(=O)CC,CCCCCCCCOC(=O)CC,sweet,flavor_db,octyl propanoate
CCOC1CC=C(C=NO)CC1,CCOC1CC=C(C=NO)CC1,sweet,chemtastes_db,N-[(4-ethoxycyclohexen-1-yl)methylidene]hydroxylamine
COc1cc(OC2OC(CO)C(O)C(O)C2O)cc2oc(-c3cc(O)c(O)c(O)c3)c(O)c(=O)c12,COc1cc(OC2OC(CO)C(O)C(O)C2O)cc2oc(-c3cc(O)c(O)c(O)c3)c(O)c(=O)c12,sweet,flavor_db,"3-hydroxy-5-methoxy-7-[3,4,5-trihydroxy-6-(hydroxymethyl)oxan-2-yl]oxy-2-(3,4,5-trihydroxyphenyl)chromen-4-one"
COc1cc(O)c2c(=O)c(OC3OC(CO)C(O)C(O)C3O)c(-c3ccc(O)c(OC)c3)oc2c1,COc1cc(O)c2c(=O)c(OC3OC(CO)C(O)C(O)C3O)c(-c3ccc(O)c(OC)c3)oc2c1,sweet,flavor_db,"5-hydroxy-2-(4-hydroxy-3-methoxyphenyl)-7-methoxy-3-[3,4,5-trihydroxy-6-(hydroxymethyl)oxan-2-yl]oxychromen-4-one"
CC1OC(OC2C(OC3C(OC4CCC5(C)C(CCC6(C)C5CC=C5C7CC(C)(C(=O)O)C(O)C(O)C7(C)CCC56C)C4(C)CO)OC(C(=O)O)C(O)C3O)OC(CO)C(O)C2O)C(O)C(O)C1O,CC1OC(OC2C(OC3C(OC4CCC5(C)C(CCC6(C)C5CC=C5C7CC(C)(C(=O)O)C(O)C(O)C7(C)CCC56C)C4(C)CO)OC(C(=O)O)C(O)C3O)OC(CO)C(O)C2O)C(O)C(O)C1O,sweet,flavor_db,"6-[[11-carboxy-9,10-dihydroxy-4-(hydroxymethyl)-4,6a,6b,8a,11,14b-hexamethyl-1,2,3,4a,5,6,7,8,9,10,12,12a,14,14a-tetradecahydropicen-3-yl]oxy]-5-[4,5-dihydroxy-6-(hydroxymethyl)-3-(3,4,5-trihydroxy-6-methyloxan-2-yl)oxyoxan-2-yl]oxy-3,4-dihydroxyoxane-2-carboxylic acid"
O=COCC(COC1OC(CO)C(O)C(O)C1O)OC=O,O=COCC(COC1OC(CO)C(O)C(O)C1O)OC=O,sweet,flavor_db,"[2-formyloxy-3-[3,4,5-trihydroxy-6-(hydroxymethyl)oxan-2-yl]oxypropyl] formate"
CCCCCOC(=O)c1ccccc1O,CCCCCOC(=O)c1ccccc1O,sweet,flavor_db,pentyl 2-hydroxybenzoate
CC(C)CC(N)C(=O)NC(Cc1ccccc1)C(=O)NC(C(=O)NC(CC(N)=O)C(=O)O)C(C)C,CC(C)CC(N)C(=O)NC(Cc1ccccc1)C(=O)NC(C(=O)NC(CC(N)=O)C(=O)O)C(C)C,sweet,flavor_db,4-amino-2-[[2-[[2-[(2-amino-4-methylpentanoyl)amino]-3-phenylpropanoyl]amino]-3-methylbutanoyl]amino]-4-oxobutanoic acid
CCOC(=O)CC(Cc1ccccc1)NC(=O)C(N)CC(=O)O,CCOC(=O)CC(Cc1ccccc1)NC(=O)C(N)CC(=O)O,sweet,flavor_db,3-amino-4-[(4-ethoxy-4-oxo-1-phenylbutan-2-yl)amino]-4-oxobutanoic acid
NC(=O)Nc1ccc(Oc2ccc(N)cc2)cc1,NC(=O)Nc1ccc(Oc2ccc(N)cc2)cc1,sweet,flavor_db,[4-(4-aminophenoxy)phenyl]urea
CC(C)OC1OC(CO)C(OC(C)C)C(O)C1O,CC(C)OC1OC(CO)C(OC(C)C)C(O)C1O,sweet,flavor_db,"6-(hydroxymethyl)-2,5-di(propan-2-yloxy)oxane-3,4-diol"
Nc1ncnc2c1nc(NCC[NH3+])n2C1OC2COP(=O)([O-])OC2C1O,Nc1ncnc2c1nc(NCC[NH3+])n2C1OC2COP(=O)([O-])OC2C1O,sweet,flavor_db,"2-[[6-amino-9-(7-hydroxy-2-oxido-2-oxo-4a,6,7,7a-tetrahydro-4H-furo[3,2-d][1,3,2]dioxaphosphinin-6-yl)purin-8-yl]amino]ethylazanium"
O=c1cc(-c2ccc(O)c(O)c2)oc2cc(OC3OC(CO)C(OC4OCC(O)C(O)C4O)C(O)C3O)cc(O)c12,O=c1cc(-c2ccc(O)c(O)c2)oc2cc(OC3OC(CO)C(OC4OCC(O)C(O)C4O)C(O)C3O)cc(O)c12,sweet,flavor_db,"7-[3,4-dihydroxy-6-(hydroxymethyl)-5-(3,4,5-trihydroxyoxan-2-yl)oxyoxan-2-yl]oxy-2-(3,4-dihydroxyphenyl)-5-hydroxychromen-4-one"
CC(C)CC(NC(=O)C(CC(N)=O)NC(=O)C(Cc1ccccc1)NC(=O)CN)C(=O)O,CC(C)CC(NC(=O)C(CC(N)=O)NC(=O)C(Cc1ccccc1)NC(=O)CN)C(=O)O,sweet,flavor_db,2-[[4-amino-2-[[2-[(2-aminoacetyl)amino]-3-phenylpropanoyl]amino]-4-oxobutanoyl]amino]-4-methylpentanoic acid
O=C1N=S(=O)(O)c2ccccc21,O=C1N=S(=O)(O)c2ccccc21,sweet,flavor_db,"1-hydroxy-1-oxo-1,2-benzothiazol-3-one"
OCC1OC(OC2(COC3(O)OC(CO)C(O)C3O)OC(CO)C(O)C2O)C(O)C(O)C1O,OCC1OC(OC2(COC3(O)OC(CO)C(O)C3O)OC(CO)C(O)C2O)C(O)C(O)C1O,sweet,flavor_db,"2-[3,4-dihydroxy-5-(hydroxymethyl)-2-[[2,3,4-trihydroxy-5-(hydroxymethyl)oxolan-2-yl]oxymethyl]oxolan-2-yl]oxy-6-(hydroxymethyl)oxane-3,4,5-triol"
CC(C)C(NC(=O)CN)C(=O)NC(CC(N)=O)C(=O)NC(Cc1ccccc1)C(=O)O,CC(C)C(NC(=O)CN)C(=O)NC(CC(N)=O)C(=O)NC(Cc1ccccc1)C(=O)O,sweet,flavor_db,2-[[4-amino-2-[[2-[(2-aminoacetyl)amino]-3-methylbutanoyl]amino]-4-oxobutanoyl]amino]-3-phenylpropanoic acid
CC(C)=NOC1=NS(=O)(=O)c2ccccc21,CC(C)=NOC1=NS(=O)(=O)c2ccccc21,sweet,flavor_db,"N-[(1,1-dioxo-1,2-benzothiazol-3-yl)oxy]propan-2-imine"
OCC1OC(O)C(O)(OO)C(O)C1O,OCC1OC(O)C(O)(OO)C(O)C1O,sweet,flavor_db,"3-hydroperoxy-6-(hydroxymethyl)oxane-2,3,4,5-tetrol"
CCC(=O)OCC(CC)NC(=O)C(N)CC(=O)O,CCC(=O)OCC(CC)NC(=O)C(N)CC(=O)O,sweet,chemtastes_db,3-amino-4-oxo-4-(1-propanoyloxybutan-2-ylamino)butanoic acid
CCC(C)C(NC(=O)CN)C(=O)NC(CC(N)=O)C(=O)NC(Cc1ccccc1)C(=O)O,CCC(C)C(NC(=O)CN)C(=O)NC(CC(N)=O)C(=O)NC(Cc1ccccc1)C(=O)O,sweet,flavor_db,2-[[4-amino-2-[[2-[(2-aminoacetyl)amino]-3-methylpentanoyl]amino]-4-oxobutanoyl]amino]-3-phenylpropanoic acid
CCC(C)C(NC(=O)C(Cc1ccccc1)NC(=O)C(CC(=O)O)NC(C)=O)C(=O)NCC(=O)O,CCC(C)C(NC(=O)C(Cc1ccccc1)NC(=O)C(CC(=O)O)NC(C)=O)C(=O)NCC(=O)O,sweet,flavor_db,3-acetamido-4-[[1-[[1-(carboxymethylamino)-3-methyl-1-oxopentan-2-yl]amino]-1-oxo-3-phenylpropan-2-yl]amino]-4-oxobutanoic acid
OCC(O)C(O)C(O)C(O)COC1OC(COC2OC(CO)C(O)C(O)C2O)C(O)C(O)C1O,OCC(O)C(O)C(O)C(O)COC1OC(COC2OC(CO)C(O)C(O)C2O)C(O)C(O)C1O,sweet,flavor_db,"6-[3,4,5-trihydroxy-6-[[3,4,5-trihydroxy-6-(hydroxymethyl)oxan-2-yl]oxymethyl]oxan-2-yl]oxyhexane-1,2,3,4,5-pentol"
CC(O)C1OCOC(CO)C1O,CC(O)C1OCOC(CO)C1O,sweet,flavor_db,"4-(1-hydroxyethyl)-6-(hydroxymethyl)-1,3-dioxan-5-ol"
CC(N)C(=O)NC(CCCCN)C(=O)NC(CC(=O)O)C(=O)NC(Cc1ccccc1)C(=O)O,CC(N)C(=O)NC(CCCCN)C(=O)NC(CC(=O)O)C(=O)NC(Cc1ccccc1)C(=O)O,sweet,flavor_db,3-[[6-amino-2-(2-aminopropanoylamino)hexanoyl]amino]-4-[(1-carboxy-2-phenylethyl)amino]-4-oxobutanoic acid
O=c1cc(-c2ccc(O)c(OC3OC(CO)C(O)C(O)C3O)c2)oc2cc(O)cc(O)c12,O=c1cc(-c2ccc(O)c(OC3OC(CO)C(O)C(O)C3O)c2)oc2cc(O)cc(O)c12,sweet,flavor_db,"5,7-dihydroxy-2-[4-hydroxy-3-[3,4,5-trihydroxy-6-(hydroxymethyl)oxan-2-yl]oxyphenyl]chromen-4-one"
COc1ccc(C2CC(=O)c3c(O)cc(OC4OC(COC5OC(C)C(O)C(O)C5O)C(OC5OC(CO)C(O)C(O)C5O)C(O)C4O)cc3O2)cc1O,COc1ccc(C2CC(=O)c3c(O)cc(OC4OC(COC5OC(C)C(O)C(O)C5O)C(OC5OC(CO)C(O)C(O)C5O)C(O)C4O)cc3O2)cc1O,sweet,flavor_db,"7-[3,4-dihydroxy-5-[3,4,5-trihydroxy-6-(hydroxymethyl)oxan-2-yl]oxy-6-[(3,4,5-trihydroxy-6-methyloxan-2-yl)oxymethyl]oxan-2-yl]oxy-5-hydroxy-2-(3-hydroxy-4-methoxyphenyl)-2,3-dihydrochromen-4-one"
CC1(CO)CCC2(CO)C(O)CC3(C)C(=CCC4C5(C)CCC(OC6OC(C(=O)O)C(O)C(OC7OC(CO)C(O)C(O)C7O)C6O)C(C)(C)C5CCC43C)C2C1,CC1(CO)CCC2(CO)C(O)CC3(C)C(=CCC4C5(C)CCC(OC6OC(C(=O)O)C(O)C(OC7OC(CO)C(O)C(O)C7O)C6O)C(C)(C)C5CCC43C)C2C1,sweet,flavor_db,"3,5-dihydroxy-6-[[8-hydroxy-8a,11-bis(hydroxymethyl)-4,4,6a,6b,11,14b-hexamethyl-1,2,3,4a,5,6,7,8,9,10,12,12a,14,14a-tetradecahydropicen-3-yl]oxy]-4-[3,4,5-trihydroxy-6-(hydroxymethyl)oxan-2-yl]oxyoxane-2-carboxylic acid"
CC(C)CC(NC(=O)C(CC(N)=O)NC(=O)C(N)CCCCN)C(=O)NC(Cc1ccccc1)C(=O)O,CC(C)CC(NC(=O)C(CC(N)=O)NC(=O)C(N)CCCCN)C(=O)NC(Cc1ccccc1)C(=O)O,sweet,flavor_db,"2-[[2-[[4-amino-2-(2,6-diaminohexanoylamino)-4-oxobutanoyl]amino]-4-methylpentanoyl]amino]-3-phenylpropanoic acid"
NC(=O)CC(N)C(=O)NCC(=O)NC(Cc1ccccc1)C(=O)NC(CC(N)=O)C(=O)O,NC(=O)CC(N)C(=O)NCC(=O)NC(Cc1ccccc1)C(=O)NC(CC(N)=O)C(=O)O,sweet,flavor_db,"4-amino-2-[[2-[[2-[(2,4-diamino-4-oxobutanoyl)amino]acetyl]amino]-3-phenylpropanoyl]amino]-4-oxobutanoic acid"
CCOC(C)OC1C(O)OC(CO)C(O)C1O,CCOC(C)OC1C(O)OC(CO)C(O)C1O,sweet,flavor_db,"3-(1-ethoxyethoxy)-6-(hydroxymethyl)oxane-2,4,5-triol"
NCC(=O)NC(CC(=O)O)C(=O)NC(CC(=O)O)C(=O)NC(Cc1ccccc1)C(=O)O,NCC(=O)NC(CC(=O)O)C(=O)NC(CC(=O)O)C(=O)NC(Cc1ccccc1)C(=O)O,sweet,flavor_db,3-[(2-aminoacetyl)amino]-4-[[3-carboxy-1-[(1-carboxy-2-phenylethyl)amino]-1-oxopropan-2-yl]amino]-4-oxobutanoic acid
COc1cc(C2CC(=O)c3c(O)cc(OC4OC(CO)C(O)C(O)C4O)cc3O2)ccc1O,COc1cc(C2CC(=O)c3c(O)cc(OC4OC(CO)C(O)C(O)C4O)cc3O2)ccc1O,sweet,flavor_db,"5-hydroxy-2-(4-hydroxy-3-methoxyphenyl)-7-[3,4,5-trihydroxy-6-(hydroxymethyl)oxan-2-yl]oxy-2,3-dihydrochromen-4-one"
Nc1ncnc2c1ncn2C1OC(COP(=O)(O)O[Se](=O)(=O)O)C(O)C1O,Nc1ncnc2c1ncn2C1OC(COP(=O)(O)O[Se](=O)(=O)O)C(O)C1O,sweet,flavor_db,"[5-(6-aminopurin-9-yl)-3,4-dihydroxyoxolan-2-yl]methyl selenono hydrogen phosphate"
CC=Cc1ccc(OC=O)c(OC)c1,CC=Cc1ccc(OC=O)c(OC)c1,sweet,flavor_db,(2-methoxy-4-prop-1-enylphenyl) formate
CCC1OC(OC)C(O)C(OC)C1O,CCC1OC(OC)C(O)C(OC)C1O,sweet,flavor_db,"2-ethyl-4,6-dimethoxyoxane-3,5-diol"
COC1C(O)COC(O)C1OC,COC1C(O)COC(O)C1OC,sweet,flavor_db,"3,4-dimethoxyoxane-2,5-diol"
CCCC(=O)OCC(C)C,CCCC(=O)OCC(C)C,sweet,flavor_db,2-methylpropyl butanoate
CCOC(=O)CCCc1ccccc1,CCOC(=O)CCCc1ccccc1,sweet,flavor_db,ethyl 4-phenylbutanoate
COc1cc(-c2coc3cc(OC4OC(COC5OC(CO)C(O)C(O)C5O)C(O)C(O)C4O)c(OC)c(O)c3c2=O)ccc1O,COc1cc(-c2coc3cc(OC4OC(COC5OC(CO)C(O)C(O)C5O)C(O)C(O)C4O)c(OC)c(O)c3c2=O)ccc1O,sweet,flavor_db,"5-hydroxy-3-(4-hydroxy-3-methoxyphenyl)-6-methoxy-7-[3,4,5-trihydroxy-6-[[3,4,5-trihydroxy-6-(hydroxymethyl)oxan-2-yl]oxymethyl]oxan-2-yl]oxychromen-4-one"
COC(=O)C1OC(OC2CCC3(C)C(CCC4(C)C3CC=C3C5C(C(=O)OC6OC(CO)C(O)C(O)C6O)(CCC(C)C5(C)O)CCC34C)C2(C)CO)C(O)C(O)C1O,COC(=O)C1OC(OC2CCC3(C)C(CCC4(C)C3CC=C3C5C(C(=O)OC6OC(CO)C(O)C(O)C6O)(CCC(C)C5(C)O)CCC34C)C2(C)CO)C(O)C(O)C1O,sweet,flavor_db,"methyl 3,4,5-trihydroxy-6-[[12-hydroxy-4-(hydroxymethyl)-4,6a,6b,11,12,14b-hexamethyl-8a-[3,4,5-trihydroxy-6-(hydroxymethyl)oxan-2-yl]oxycarbonyl-1,2,3,4a,5,6,7,8,9,10,11,12a,14,14a-tetradecahydropicen-3-yl]oxy]oxane-2-carboxylate"
COC(=O)C(Cc1ccccc1)NC(=O)C(CC(=O)[O-])[NH2+]CCC(C)(C)C,COC(=O)C(Cc1ccccc1)NC(=O)C(CC(=O)[O-])[NH2+]CCC(C)(C)C,sweet,flavor_db,"3-(3,3-dimethylbutylazaniumyl)-4-[(1-methoxy-1-oxo-3-phenylpropan-2-yl)amino]-4-oxobutanoate"
CCCOC1OC(C)C(O)C(OC2OC(CO)C(O)C(O)C2O)C1O,CCCOC1OC(C)C(O)C(OC2OC(CO)C(O)C(O)C2O)C1O,sweet,flavor_db,"2-(3,5-dihydroxy-2-methyl-6-propoxyoxan-4-yl)oxy-6-(hydroxymethyl)oxane-3,4,5-triol"
Fc1ccccc1C(N=Nc1ccccc1)=NNc1ccccc1,Fc1ccccc1C(N=Nc1ccccc1)=NNc1ccccc1,sweet,flavor_db,N'-anilino-2-fluoro-N-phenyliminobenzenecarboximidamide
CCCCCCCCCCCCCCOC1C(O)C(O)OC(CO)C1O,CCCCCCCCCCCCCCOC1C(O)C(O)OC(CO)C1O,sweet,flavor_db,"6-(hydroxymethyl)-4-tetradecoxyoxane-2,3,5-triol"
CC(C)CC(N)C(=O)NC(Cc1ccccc1)C(=O)NC(CC(N)=O)C(=O)NC(CC(N)=O)C(=O)O,CC(C)CC(N)C(=O)NC(Cc1ccccc1)C(=O)NC(CC(N)=O)C(=O)NC(CC(N)=O)C(=O)O,sweet,flavor_db,4-amino-2-[[4-amino-2-[[2-[(2-amino-4-methylpentanoyl)amino]-3-phenylpropanoyl]amino]-4-oxobutanoyl]amino]-4-oxobutanoic acid
O=C(O)CNC(=Nc1cccc(Cl)c1)NS(=O)(=O)c1ccccc1,O=C(O)CNC(=Nc1cccc(Cl)c1)NS(=O)(=O)c1ccccc1,sweet,chemtastes_db,2-[[benzenesulfonamido-(3-chloroanilino)methylidene]amino]acetic acid
COc1cc(-c2oc3cc(OC4OC(CO)C(O)C(O)C4OC4OC(CO)C(O)C(O)C4O)cc(O)c3c(=O)c2O)ccc1O,COc1cc(-c2oc3cc(OC4OC(CO)C(O)C(O)C4OC4OC(CO)C(O)C(O)C4O)cc(O)c3c(=O)c2O)ccc1O,sweet,flavor_db,"7-[4,5-dihydroxy-6-(hydroxymethyl)-3-[3,4,5-trihydroxy-6-(hydroxymethyl)oxan-2-yl]oxyoxan-2-yl]oxy-3,5-dihydroxy-2-(4-hydroxy-3-methoxyphenyl)chromen-4-one"
C[C]1O[C](O)[C](O)C(O)C1O,C[C]1O[C](O)[C](O)C(O)C1O,sweet,flavor_db,"6-methyloxane-2,3,4,5-tetrol"
COc1ccc(C2CC(=O)c3c(O)cc(OC4OC(COC5OC(O)C(O)C(O)C5O)C(O)C(O)C4O)cc3O2)cc1O,COc1ccc(C2CC(=O)c3c(O)cc(OC4OC(COC5OC(O)C(O)C(O)C5O)C(O)C(O)C4O)cc3O2)cc1O,sweet,flavor_db,"5-hydroxy-2-(3-hydroxy-4-methoxyphenyl)-7-[3,4,5-trihydroxy-6-[(3,4,5,6-tetrahydroxyoxan-2-yl)oxymethyl]oxan-2-yl]oxy-2,3-dihydrochromen-4-one"
CCC(C)C(N)C(=O)NC(CCCCN)C(=O)NC(CC(N)=O)C(=O)NC(Cc1ccccc1)C(=O)O,CCC(C)C(N)C(=O)NC(CCCCN)C(=O)NC(CC(N)=O)C(=O)NC(Cc1ccccc1)C(=O)O,sweet,flavor_db,2-[[4-amino-2-[[6-amino-2-[(2-amino-3-methylpentanoyl)amino]hexanoyl]amino]-4-oxobutanoyl]amino]-3-phenylpropanoic acid
CCC(C)=NOC1=NS(=O)(=O)c2ccccc21,CCC(C)=NOC1=NS(=O)(=O)c2ccccc21,sweet,flavor_db,"N-[(1,1-dioxo-1,2-benzothiazol-3-yl)oxy]butan-2-imine"
CCC1OC(OCC2OC(OC)C(O)C(O)C2O)C(O)C(O)C1O,CCC1OC(OCC2OC(OC)C(O)C(O)C2O)C(O)C(O)C1O,sweet,flavor_db,"2-ethyl-6-[(3,4,5-trihydroxy-6-methoxyoxan-2-yl)methoxy]oxane-3,4,5-triol"
COC(=O)C1OC(OC2C(O)COC(OC3CCC4(C)C(CCC5(C)C4CC=C4C6CC(C)(C(=O)OC)CCC6(C(=O)OC6OC(CO)C(O)C(O)C6O)CCC45C)C3(C)CO)C2O)C(O)C(O)C1O,COC(=O)C1OC(OC2C(O)COC(OC3CCC4(C)C(CCC5(C)C4CC=C4C6CC(C)(C(=O)OC)CCC6(C(=O)OC6OC(CO)C(O)C(O)C6O)CCC45C)C3(C)CO)C2O)C(O)C(O)C1O,sweet,flavor_db,"2-O-methyl 4a-O-[3,4,5-trihydroxy-6-(hydroxymethyl)oxan-2-yl] 10-[3,5-dihydroxy-4-(3,4,5-trihydroxy-6-methoxycarbonyloxan-2-yl)oxyoxan-2-yl]oxy-9-(hydroxymethyl)-2,6a,6b,9,12a-pentamethyl-1,3,4,5,6,6a,7,8,8a,10,11,12,13,14b-tetradecahydropicene-2,4a-dicarboxylate"
O=c1c2c(oc3cc(OC4OC(CO)C(O)C(O)C4O)cc(O)c13)-c1ccc(O)c(O)c1OC2,O=c1c2c(oc3cc(OC4OC(CO)C(O)C(O)C4O)cc(O)c13)-c1ccc(O)c(O)c1OC2,sweet,flavor_db,"3,4,8-trihydroxy-10-[3,4,5-trihydroxy-6-(hydroxymethyl)oxan-2-yl]oxy-6H-chromeno[4,3-b]chromen-7-one"
NCC(=O)NC(CO)C(=O)NC(CC(=O)O)C(=O)NC(Cc1ccccc1)C(=O)O,NCC(=O)NC(CO)C(=O)NC(CC(=O)O)C(=O)NC(Cc1ccccc1)C(=O)O,sweet,flavor_db,3-[[2-[(2-aminoacetyl)amino]-3-hydroxypropanoyl]amino]-4-[(1-carboxy-2-phenylethyl)amino]-4-oxobutanoic acid
COc1ccc(-c2cc(=O)c3c(OC)cc(OC4OC(COC5OCC(O)C(O)C5O)C(O)C(O)C4O)cc3o2)cc1OC,COc1ccc(-c2cc(=O)c3c(OC)cc(OC4OC(COC5OCC(O)C(O)C5O)C(O)C(O)C4O)cc3o2)cc1OC,sweet,flavor_db,"2-(3,4-dimethoxyphenyl)-5-methoxy-7-[3,4,5-trihydroxy-6-[(3,4,5-trihydroxyoxan-2-yl)oxymethyl]oxan-2-yl]oxychromen-4-one"
Nc1ncnc2c1ncn2C1OC(CO)C2OP(=O)([O-])OC21.O.[Na+],Nc1ncnc2c1ncn2C1OC(CO)C2OP(=O)([O-])OC21.O.[Na+],sweet,flavor_db,"sodium;[4-(6-aminopurin-9-yl)-2-oxido-2-oxo-3a,4,6,6a-tetrahydrofuro[3,4-d][1,3,2]dioxaphosphol-6-yl]methanol;hydrate"
CC(O)C(NC(=O)C(N)CC(=O)O)C(=O)NC(Cc1ccccc1)C(=O)O,CC(O)C(NC(=O)C(N)CC(=O)O)C(=O)NC(Cc1ccccc1)C(=O)O,sweet,flavor_db,3-amino-4-[[1-[(1-carboxy-2-phenylethyl)amino]-3-hydroxy-1-oxobutan-2-yl]amino]-4-oxobutanoic acid
CC(C)C(N)C(=O)NC(CC(=O)O)C(=O)NC(Cc1ccccc1)C(=O)NC(CC(N)=O)C(=O)O,CC(C)C(N)C(=O)NC(CC(=O)O)C(=O)NC(Cc1ccccc1)C(=O)NC(CC(N)=O)C(=O)O,sweet,flavor_db,4-amino-2-[[2-[[2-[(2-amino-3-methylbutanoyl)amino]-3-carboxypropanoyl]amino]-3-phenylpropanoyl]amino]-4-oxobutanoic acid
CC(C)C(NC(=O)C(Cc1ccccc1)NC(=O)C(N)CC(=O)O)C(=O)NC(Cc1ccccc1)C(=O)O,CC(C)C(NC(=O)C(Cc1ccccc1)NC(=O)C(N)CC(=O)O)C(=O)NC(Cc1ccccc1)C(=O)O,sweet,flavor_db,3-amino-4-[[1-[[1-[(1-carboxy-2-phenylethyl)amino]-3-methyl-1-oxobutan-2-yl]amino]-1-oxo-3-phenylpropan-2-yl]amino]-4-oxobutanoic acid
CCCCC(C)NC(=O)C(N)CC(=O)O,CCCCC(C)NC(=O)C(N)CC(=O)O,sweet,chemtastes_db,3-amino-4-(hexan-2-ylamino)-4-oxobutanoic acid
COc1cc2c(c(OC3OC(CO)C(O)C(O)C3O)c1)C(=O)CC(c1ccc(OC)c(O)c1)O2,COc1cc2c(c(OC3OC(CO)C(O)C(O)C3O)c1)C(=O)CC(c1ccc(OC)c(O)c1)O2,sweet,flavor_db,"2-(3-hydroxy-4-methoxyphenyl)-7-methoxy-5-[3,4,5-trihydroxy-6-(hydroxymethyl)oxan-2-yl]oxy-2,3-dihydrochromen-4-one"
CCCCCCCCOCC1OC(CO)(OC2OC(CO)C(O)C(O)C2O)C(O)C1O,CCCCCCCCOCC1OC(CO)(OC2OC(CO)C(O)C(O)C2O)C(O)C1O,sweet,flavor_db,"2-[3,4-dihydroxy-2-(hydroxymethyl)-5-(octoxymethyl)oxolan-2-yl]oxy-6-(hydroxymethyl)oxane-3,4,5-triol"
OCC1OC(O)C(O)C(O)C1O.[Cl-].[NH4+],OCC1OC(O)C(O)C(O)C1O.[Cl-].[NH4+],sweet,flavor_db,"azanium;6-(hydroxymethyl)oxane-2,3,4,5-tetrol;chloride"
CC(C)C(NC(=O)C(N)Cc1ccccc1)C(=O)NC(C(=O)NC(CC(N)=O)C(=O)O)C(C)C,CC(C)C(NC(=O)C(N)Cc1ccccc1)C(=O)NC(C(=O)NC(CC(N)=O)C(=O)O)C(C)C,sweet,flavor_db,4-amino-2-[[2-[[2-[(2-amino-3-phenylpropanoyl)amino]-3-methylbutanoyl]amino]-3-methylbutanoyl]amino]-4-oxobutanoic acid
CC1(CO)CC2C3=CCC4C5(C)CCC(OC6OC(C(=O)O)C(O)C(O)C6OC6OC(CO)C(O)C(O)C6O)C(C)(CO)C5CCC4(C)C3(C)CCC2(C)C(O)C1O,CC1(CO)CC2C3=CCC4C5(C)CCC(OC6OC(C(=O)O)C(O)C(O)C6OC6OC(CO)C(O)C(O)C6O)C(C)(CO)C5CCC4(C)C3(C)CCC2(C)C(O)C1O,sweet,flavor_db,"6-[[9,10-dihydroxy-4,11-bis(hydroxymethyl)-4,6a,6b,8a,11,14b-hexamethyl-1,2,3,4a,5,6,7,8,9,10,12,12a,14,14a-tetradecahydropicen-3-yl]oxy]-3,4-dihydroxy-5-[3,4,5-trihydroxy-6-(hydroxymethyl)oxan-2-yl]oxyoxane-2-carboxylic acid"
CCCCC(=O)N(C(=O)C(N)CC(=O)O)C(Cc1ccccc1)C(=O)O,CCCCC(=O)N(C(=O)C(N)CC(=O)O)C(Cc1ccccc1)C(=O)O,sweet,flavor_db,3-amino-4-[(1-carboxy-2-phenylethyl)-pentanoylamino]-4-oxobutanoic acid
COc1cc(O)c2c(=O)cc(-c3cc(OC4OC(C)C(O)C(O)C4O)c(O)c(OC4OC(CO)C(O)C(O)C4O)c3)oc2c1,COc1cc(O)c2c(=O)cc(-c3cc(OC4OC(C)C(O)C(O)C4O)c(O)c(OC4OC(CO)C(O)C(O)C4O)c3)oc2c1,sweet,flavor_db,"5-hydroxy-2-[4-hydroxy-3-[3,4,5-trihydroxy-6-(hydroxymethyl)oxan-2-yl]oxy-5-(3,4,5-trihydroxy-6-methyloxan-2-yl)oxyphenyl]-7-methoxychromen-4-one"
NCCCCC(NC(=O)C(Cc1ccccc1)NC(=O)C(CC(=O)O)NC(=O)C(N)CCC(N)=O)C(=O)O,NCCCCC(NC(=O)C(Cc1ccccc1)NC(=O)C(CC(=O)O)NC(=O)C(N)CCC(N)=O)C(=O)O,sweet,flavor_db,"6-amino-2-[[2-[[3-carboxy-2-[(2,5-diamino-5-oxopentanoyl)amino]propanoyl]amino]-3-phenylpropanoyl]amino]hexanoic acid"
CCCCOC(=O)C(Cc1ccccc1)NC(=O)C(N)CC(=O)O,CCCCOC(=O)C(Cc1ccccc1)NC(=O)C(N)CC(=O)O,sweet,chemtastes_db,3-amino-4-[(1-butoxy-1-oxo-3-phenylpropan-2-yl)amino]-4-oxobutanoic acid
CC(C)CC(NC(=O)C(Cc1ccccc1)NC(=O)C(N)C(C)C)C(=O)NC(CC(N)=O)C(=O)O,CC(C)CC(NC(=O)C(Cc1ccccc1)NC(=O)C(N)C(C)C)C(=O)NC(CC(N)=O)C(=O)O,sweet,flavor_db,4-amino-2-[[2-[[2-[(2-amino-3-methylbutanoyl)amino]-3-phenylpropanoyl]amino]-4-methylpentanoyl]amino]-4-oxobutanoic acid
COc1cc(C=CC(=O)c2c(O)cc(O)cc2OC2OC(CO)C(O)C(O)C2O)ccc1O,COc1cc(C=CC(=O)c2c(O)cc(O)cc2OC2OC(CO)C(O)C(O)C2O)ccc1O,sweet,flavor_db,"1-[2,4-dihydroxy-6-[3,4,5-trihydroxy-6-(hydroxymethyl)oxan-2-yl]oxyphenyl]-3-(4-hydroxy-3-methoxyphenyl)prop-2-en-1-one"
COC(=O)C(Cc1ccccc1)NC(=O)CC(=O)O,COC(=O)C(Cc1ccccc1)NC(=O)CC(=O)O,sweet,flavor_db,3-[(1-methoxy-1-oxo-3-phenylpropan-2-yl)amino]-3-oxopropanoic acid
CC1OC(O)CCC1O,CC1OC(O)CCC1O,sweet,flavor_db,"6-methyloxane-2,5-diol"
COc1cc(O)c2c(=O)c3cc(OC4OC(CO)C(O)C(O)C4O)c(O)c(OC)c3oc2c1,COc1cc(O)c2c(=O)c3cc(OC4OC(CO)C(O)C(O)C4O)c(O)c(OC)c3oc2c1,sweet,flavor_db,"1,6-dihydroxy-3,5-dimethoxy-7-[3,4,5-trihydroxy-6-(hydroxymethyl)oxan-2-yl]oxyxanthen-9-one"
CC(=O)OCC1OC(Oc2cc(O)c3c(=O)cc(-c4ccc(O)c(O)c4)oc3c2)C(O)C(O)C1O,CC(=O)OCC1OC(Oc2cc(O)c3c(=O)cc(-c4ccc(O)c(O)c4)oc3c2)C(O)C(O)C1O,sweet,flavor_db,"[6-[2-(3,4-dihydroxyphenyl)-5-hydroxy-4-oxochromen-7-yl]oxy-3,4,5-trihydroxyoxan-2-yl]methyl acetate"
Nc1ncnc2c1ncn2C1OC(COP(=O)(O)OP(=O)=O)C(O)C1O,Nc1ncnc2c1ncn2C1OC(COP(=O)(O)O[P+](=O)[O-])C(O)C1O,sweet,flavor_db,"[[5-(6-aminopurin-9-yl)-3,4-dihydroxyoxolan-2-yl]methoxy-hydroxyphosphoryl]oxy-oxido-oxophosphanium"
COC(=O)C(Cc1cccc(CC(NC(C)=O)C(=O)O)c1)NC(=O)CN,COC(=O)C(Cc1cccc(CC(NC(C)=O)C(=O)O)c1)NC(=O)CN,sweet,flavor_db,2-acetamido-3-[3-[2-[(2-aminoacetyl)amino]-3-methoxy-3-oxopropyl]phenyl]propanoic acid
COC(=O)Cc1ccccc1,COC(=O)Cc1ccccc1,sweet,flavor_db,methyl 2-phenylacetate
CCC(C)C(N)C(=O)NC(CC(N)=O)C(=O)NC(CC(=O)O)C(=O)NC(Cc1ccccc1)C(=O)O,CCC(C)C(N)C(=O)NC(CC(N)=O)C(=O)NC(CC(=O)O)C(=O)NC(Cc1ccccc1)C(=O)O,sweet,flavor_db,3-[[4-amino-2-[(2-amino-3-methylpentanoyl)amino]-4-oxobutanoyl]amino]-4-[(1-carboxy-2-phenylethyl)amino]-4-oxobutanoic acid
NC(=O)CC(NC(=O)C(N)CC(=O)O)C(=O)NCC(=O)NC(Cc1ccccc1)C(=O)O,NC(=O)CC(NC(=O)C(N)CC(=O)O)C(=O)NCC(=O)NC(Cc1ccccc1)C(=O)O,sweet,flavor_db,"3-amino-4-[[4-amino-1-[[2-[(1-carboxy-2-phenylethyl)amino]-2-oxoethyl]amino]-1,4-dioxobutan-2-yl]amino]-4-oxobutanoic acid"
OCC1OC(OC2C(CBr)OC(O)(CO)C2O)C(O)C(O)C1O,OCC1OC(OC2C(CBr)OC(O)(CO)C2O)C(O)C(O)C1O,sweet,flavor_db,"2-[2-(bromomethyl)-4,5-dihydroxy-5-(hydroxymethyl)oxolan-3-yl]oxy-6-(hydroxymethyl)oxane-3,4,5-triol"
NC(=O)CCC(NC(=O)C(CC(N)=O)NC(=O)C(N)CC(=O)O)C(=O)NC(Cc1ccccc1)C(=O)O,NC(=O)CCC(NC(=O)C(CC(N)=O)NC(=O)C(N)CC(=O)O)C(=O)NC(Cc1ccccc1)C(=O)O,sweet,flavor_db,"3-amino-4-[[4-amino-1-[[5-amino-1-[(1-carboxy-2-phenylethyl)amino]-1,5-dioxopentan-2-yl]amino]-1,4-dioxobutan-2-yl]amino]-4-oxobutanoic acid"
CCCCCC1OCC(O)C(C(O)C(O)CO)O1,CCCCCC1OCC(O)C(C(O)C(O)CO)O1,sweet,flavor_db,"1-(5-hydroxy-2-pentyl-1,3-dioxan-4-yl)propane-1,2,3-triol"
CCOC1OC(C)C(O)C(OC)C1OC,CCOC1OC(C)C(O)C(OC)C1OC,sweet,flavor_db,"6-ethoxy-4,5-dimethoxy-2-methyloxan-3-ol"
COc1cc(O)c(C(=O)C=Cc2ccc(OC3OC(CO)C(O)C(O)C3O)c(OC)c2)c(OC)c1,COc1cc(O)c(C(=O)C=Cc2ccc(OC3OC(CO)C(O)C(O)C3O)c(OC)c2)c(OC)c1,sweet,flavor_db,"1-(2-hydroxy-4,6-dimethoxyphenyl)-3-[3-methoxy-4-[3,4,5-trihydroxy-6-(hydroxymethyl)oxan-2-yl]oxyphenyl]prop-2-en-1-one"
CC(O)C(O)C(O)CCO,CC(O)C(O)C(O)CCO,sweet,flavor_db,"hexane-1,3,4,5-tetrol"
CC(COC(=O)C(C)(C)C)NC(=O)C(N)CC(=O)O,CC(COC(=O)C(C)(C)C)NC(=O)C(N)CC(=O)O,sweet,chemtastes_db,"3-amino-4-[1-(2,2-dimethylpropanoyloxy)propan-2-ylamino]-4-oxobutanoic acid"
CC(C)C(NC(=O)C(Cc1ccccc1)NC(=O)C(CC(=O)O)NC(=O)CN)C(=O)O,CC(C)C(NC(=O)C(Cc1ccccc1)NC(=O)C(CC(=O)O)NC(=O)CN)C(=O)O,sweet,flavor_db,2-[[2-[[2-[(2-aminoacetyl)amino]-3-carboxypropanoyl]amino]-3-phenylpropanoyl]amino]-3-methylbutanoic acid
CC(C)CC(NC(=O)C(Cc1ccccc1)NC(=O)C(CC(=O)O)NC(=O)C(N)CCC(N)=O)C(=O)O,CC(C)CC(NC(=O)C(Cc1ccccc1)NC(=O)C(CC(=O)O)NC(=O)C(N)CCC(N)=O)C(=O)O,sweet,flavor_db,"2-[[2-[[3-carboxy-2-[(2,5-diamino-5-oxopentanoyl)amino]propanoyl]amino]-3-phenylpropanoyl]amino]-4-methylpentanoic acid"
CC(NC(=O)CN)C(=O)NC(Cc1ccccc1)C(=O)NC(CC(=O)O)C(=O)O,CC(NC(=O)CN)C(=O)NC(Cc1ccccc1)C(=O)NC(CC(=O)O)C(=O)O,sweet,flavor_db,2-[[2-[2-[(2-aminoacetyl)amino]propanoylamino]-3-phenylpropanoyl]amino]butanedioic acid
OCC1OC(OC2COC(O)C(O)C2)C(O)C(O)C1O,OCC1OC(OC2COC(O)C(O)C2)C(O)C(O)C1O,sweet,flavor_db,"2-(5,6-dihydroxyoxan-3-yl)oxy-6-(hydroxymethyl)oxane-3,4,5-triol"
COc1cc(O)c(C(=O)c2ccc(O)c(OC)c2)c(OC2OC(CO)C(O)C(O)C2O)c1,COc1cc(O)c(C(=O)c2ccc(O)c(OC)c2)c(OC2OC(CO)C(O)C(O)C2O)c1,sweet,flavor_db,"(4-hydroxy-3-methoxyphenyl)-[2-hydroxy-4-methoxy-6-[3,4,5-trihydroxy-6-(hydroxymethyl)oxan-2-yl]oxyphenyl]methanone"
CC(NC(=O)C(N)Cc1ccccc1)C(=O)NC(C)C(=O)NC(CC(N)=O)C(=O)O,CC(NC(=O)C(N)Cc1ccccc1)C(=O)NC(C)C(=O)NC(CC(N)=O)C(=O)O,sweet,flavor_db,4-amino-2-[2-[2-[(2-amino-3-phenylpropanoyl)amino]propanoylamino]propanoylamino]-4-oxobutanoic acid
OCC1OC(OC2OC(O)C(O)C(O)C2O)C(O)C(O)C1O,OCC1OC(OC2OC(O)C(O)C(O)C2O)C(O)C(O)C1O,sweet,flavor_db,"6-[3,4,5-trihydroxy-6-(hydroxymethyl)oxan-2-yl]oxyoxane-2,3,4,5-tetrol"
CC(N)C(=O)NC(Cc1ccccc1)C(=O)NC(CC(=O)O)C(=O)NC(C)C(=O)O,CC(N)C(=O)NC(Cc1ccccc1)C(=O)NC(CC(=O)O)C(=O)NC(C)C(=O)O,sweet,flavor_db,3-[[2-(2-aminopropanoylamino)-3-phenylpropanoyl]amino]-4-(1-carboxyethylamino)-4-oxobutanoic acid
NC(=O)CC(NC(=O)C(CC(=O)O)NC(=O)C(N)Cc1ccccc1)C(=O)O,NC(=O)CC(NC(=O)C(CC(=O)O)NC(=O)C(N)Cc1ccccc1)C(=O)O,sweet,flavor_db,4-amino-2-[[2-[(2-amino-3-phenylpropanoyl)amino]-3-carboxypropanoyl]amino]-4-oxobutanoic acid
OCC(O)C1OC(O)C(O)C(O)C1O,OCC(O)C1OC(O)C(O)C(O)C1O,sweet,flavor_db,"6-(1,2-dihydroxyethyl)oxane-2,3,4,5-tetrol"
CC1(C)CC2C3=CCC4C5(C)CCC(OC6OC(C(=O)O)C(O)C(O)C6O)C(C)(C)C5CCC4(C)C3(C)CCC2(C(=O)OC2OC(CO)C(O)C(O)C2O)CC1O,CC1(C)CC2C3=CCC4C5(C)CCC(OC6OC(C(=O)O)C(O)C(O)C6O)C(C)(C)C5CCC4(C)C3(C)CCC2(C(=O)OC2OC(CO)C(O)C(O)C2O)CC1O,sweet,flavor_db,"3,4,5-trihydroxy-6-[[10-hydroxy-4,4,6a,6b,11,11,14b-heptamethyl-8a-[3,4,5-trihydroxy-6-(hydroxymethyl)oxan-2-yl]oxycarbonyl-1,2,3,4a,5,6,7,8,9,10,12,12a,14,14a-tetradecahydropicen-3-yl]oxy]oxane-2-carboxylic acid"
OC1OC(C(O)(O)O)C(O)C(O)C1O,OC1OC(C(O)(O)O)C(O)C(O)C1O,sweet,flavor_db,"6-(trihydroxymethyl)oxane-2,3,4,5-tetrol"
COC(=O)C1OC(OC2CCC3(C)C(CCC4(C)C3CC=C3C5CC(C)(C)CCC5(C(=O)O)CCC34C)C2(C)C)C(OC2OC(C(=O)OO)C(O)C(O)C2O)C(O)C1O,COC(=O)C1OC(OC2CCC3(C)C(CCC4(C)C3CC=C3C5CC(C)(C)CCC5(C(=O)O)CCC34C)C2(C)C)C(OC2OC(C(=O)OO)C(O)C(O)C2O)C(O)C1O,sweet,flavor_db,"10-[3-(6-carbonoperoxoyl-3,4,5-trihydroxyoxan-2-yl)oxy-4,5-dihydroxy-6-methoxycarbonyloxan-2-yl]oxy-2,2,6a,6b,9,9,12a-heptamethyl-1,3,4,5,6,6a,7,8,8a,10,11,12,13,14b-tetradecahydropicene-4a-carboxylic acid"
COC1(O)C(O)C(O)OC(CO)C1O,COC1(O)C(O)C(O)OC(CO)C1O,sweet,flavor_db,"6-(hydroxymethyl)-4-methoxyoxane-2,3,4,5-tetrol"
COC1OC(O)C(OCC2OC(O)C(O)C(O)C2O)C(O)C1O,COC1OC(O)C(OCC2OC(O)C(O)C(O)C2O)C(O)C1O,sweet,flavor_db,"6-[(2,4,5-trihydroxy-6-methoxyoxan-3-yl)oxymethyl]oxane-2,3,4,5-tetrol"
CC=C(C)C(=O)OCC=C(C)CCC=C(C)C,CC=C(C)C(=O)OCC=C(C)CCC=C(C)C,sweet,flavor_db,"3,7-dimethylocta-2,6-dienyl 2-methylbut-2-enoate"
CCCCCCCCCCCC(=O)Oc1ccc(C)cc1,CCCCCCCCCCCC(=O)Oc1ccc(C)cc1,sweet,flavor_db,(4-methylphenyl) dodecanoate
CC1OC(Oc2cc(-c3cc(=O)c4c(O)c(OC5OC(CO)C(O)C(O)C5O)c(O)cc4o3)ccc2O)C(O)C(O)C1O,CC1OC(Oc2cc(-c3cc(=O)c4c(O)c(OC5OC(CO)C(O)C(O)C5O)c(O)cc4o3)ccc2O)C(O)C(O)C1O,sweet,flavor_db,"5,7-dihydroxy-2-[4-hydroxy-3-(3,4,5-trihydroxy-6-methyloxan-2-yl)oxyphenyl]-6-[3,4,5-trihydroxy-6-(hydroxymethyl)oxan-2-yl]oxychromen-4-one"
CCOC(C)=O,CCOC(C)=O,sweet,flavor_db,ethyl acetate
Nc1ncnc2c1ncn2C1OC(COP(=S)(S)OP(=O)(O)OP(=O)(O)O)C(O)C1O,Nc1ncnc2c1ncn2C1OC(COP(=S)(S)OP(=O)(O)OP(=O)(O)O)C(O)C1O,sweet,flavor_db,"[[5-(6-aminopurin-9-yl)-3,4-dihydroxyoxolan-2-yl]methoxy-sulfanylphosphinothioyl] phosphono hydrogen phosphate"
COc1ccc(C=CC(=O)c2ccc(OC3OC(CO)C(O)C(O)C3O)c(O)c2O)cc1O,COc1ccc(C=CC(=O)c2ccc(OC3OC(CO)C(O)C(O)C3O)c(O)c2O)cc1O,sweet,flavor_db,"1-[2,3-dihydroxy-4-[3,4,5-trihydroxy-6-(hydroxymethyl)oxan-2-yl]oxyphenyl]-3-(3-hydroxy-4-methoxyphenyl)prop-2-en-1-one"
CC(N)C(=O)NC(C)C(=O)NCC(=O)NC(Cc1ccccc1)C(=O)O,CC(N)C(=O)NC(C)C(=O)NCC(=O)NC(Cc1ccccc1)C(=O)O,sweet,flavor_db,2-[[2-[2-(2-aminopropanoylamino)propanoylamino]acetyl]amino]-3-phenylpropanoic acid
COC(=O)C1OC(OC2C(OC3CCC4(C)C(CCC5(C)C4C(=O)C=C4C6CC(C)(C(=O)OC)CCC6(C)CCC45C)C3(C)C)OC(C(=O)OC)C(OC(C)=O)C2OC(C)=O)C(OC(C)=O)C(OC(C)=O)C1OC(C)=O,COC(=O)C1OC(OC2C(OC3CCC4(C)C(CCC5(C)C4C(=O)C=C4C6CC(C)(C(=O)OC)CCC6(C)CCC45C)C3(C)C)OC(C(=O)OC)C(OC(C)=O)C2OC(C)=O)C(OC(C)=O)C(OC(C)=O)C1OC(C)=O,sweet,flavor_db,"methyl 3,4-diacetyloxy-6-[(11-methoxycarbonyl-4,4,6a,6b,8a,11,14b-heptamethyl-14-oxo-2,3,4a,5,6,7,8,9,10,12,12a,14a-dodecahydro-1H-picen-3-yl)oxy]-5-(3,4,5-triacetyloxy-6-methoxycarbonyloxan-2-yl)oxyoxane-2-carboxylate"
CCCCCCC,CCCCCCC,sweet,flavor_db,heptane
COC(=O)C(Cc1ccccc1)NC(=O)CC(NC(=O)C(N)CO)C(=O)O,COC(=O)C(Cc1ccccc1)NC(=O)CC(NC(=O)C(N)CO)C(=O)O,sweet,flavor_db,2-[(2-amino-3-hydroxypropanoyl)amino]-4-[(1-methoxy-1-oxo-3-phenylpropan-2-yl)amino]-4-oxobutanoic acid
CC1CC(O)C(O)C(OCC2OC(Oc3c(-c4ccc(O)c(O)c4)oc4cc(O)cc(O)c4c3=O)C(O)C(O)C2O)O1,CC1CC(O)C(O)C(OCC2OC(Oc3c(-c4ccc(O)c(O)c4)oc4cc(O)cc(O)c4c3=O)C(O)C(O)C2O)O1,sweet,flavor_db,"3-[6-[(3,4-dihydroxy-6-methyloxan-2-yl)oxymethyl]-3,4,5-trihydroxyoxan-2-yl]oxy-2-(3,4-dihydroxyphenyl)-5,7-dihydroxychromen-4-one"
C=C1CC23CCC4C(C)(C(=O)OC5CC(O)C(O)C(CO)O5)CCCC4(C)C2CCC1(OC1OC(CO)C(O)C(OC2OC(CO)C(O)C(O)C2O)C1OC1(C)OC(CO)C(O)C(O)C1O)C3,C=C1CC23CCC4C(C)(C(=O)OC5CC(O)C(O)C(CO)O5)CCCC4(C)C2CCC1(OC1OC(CO)C(O)C(OC2OC(CO)C(O)C(O)C2O)C1OC1(C)OC(CO)C(O)C(O)C1O)C3,sweet,flavor_db,"[4,5-dihydroxy-6-(hydroxymethyl)oxan-2-yl] 13-[5-hydroxy-6-(hydroxymethyl)-3-[3,4,5-trihydroxy-6-(hydroxymethyl)-2-methyloxan-2-yl]oxy-4-[3,4,5-trihydroxy-6-(hydroxymethyl)oxan-2-yl]oxyoxan-2-yl]oxy-5,9-dimethyl-14-methylidenetetracyclo[11.2.1.01,10.04,9]hexadecane-5-carboxylate"
COC1CC(OC(C)C)OC(C)C1O,COC1CC(OC(C)C)OC(C)C1O,sweet,flavor_db,4-methoxy-2-methyl-6-propan-2-yloxyoxan-3-ol
CC(=O)OC1C(OC2CCC3(C)C(CCC4(C)C3CC=C3C5CC(C)(C)CCC5(C(=O)OC5OC(CO)C(O)C(O)C5O)CCC34C)C2(C)C)OC(C(=O)O)C(OC2OCC(O)C(O)C2O)C1OC(C)=O,CC(=O)OC1C(OC2CCC3(C)C(CCC4(C)C3CC=C3C5CC(C)(C)CCC5(C(=O)OC5OC(CO)C(O)C(O)C5O)CCC34C)C2(C)C)OC(C(=O)O)C(OC2OCC(O)C(O)C2O)C1OC(C)=O,sweet,flavor_db,"6-[[4,4,6a,6b,11,11,14b-heptamethyl-8a-[3,4,5-trihydroxy-6-(hydroxymethyl)oxan-2-yl]oxycarbonyl-1,2,3,4a,5,6,7,8,9,10,12,12a,14,14a-tetradecahydropicen-3-yl]oxy]-4,5-diacetyloxy-3-(3,4,5-trihydroxyoxan-2-yl)oxyoxane-2-carboxylic acid"
CC1(C)OCC2(OCC(O)C(O)C2O)O1,CC1(C)OCC2(OCC(O)C(O)C2O)O1,sweet,flavor_db,"2,2-dimethyl-1,3,10-trioxaspiro[4.5]decane-6,7,8-triol"
CCC1C(OC2(C)CCC(C)CO2)CC2C3CCC4CC(OC5OC(CO)C(OC6OC(CO)C(O)C(OC7OCC(O)C(O)C7O)C6OC6OC(CO)C(O)C(OC7OC(C)C(O)C(O)C7O)C6O)C(O)C5O)CCC4(C)C3CC(=O)C12C,CCC1C(OC2(C)CCC(C)CO2)CC2C3CCC4CC(OC5OC(CO)C(OC6OC(CO)C(O)C(OC7OCC(O)C(O)C7O)C6OC6OC(CO)C(O)C(OC7OC(C)C(O)C(O)C7O)C6O)C(O)C5O)CCC4(C)C3CC(=O)C12C,sweet,flavor_db,"3-[5-[3-[3,5-dihydroxy-6-(hydroxymethyl)-4-(3,4,5-trihydroxy-6-methyloxan-2-yl)oxyoxan-2-yl]oxy-5-hydroxy-6-(hydroxymethyl)-4-(3,4,5-trihydroxyoxan-2-yl)oxyoxan-2-yl]oxy-3,4-dihydroxy-6-(hydroxymethyl)oxan-2-yl]oxy-16-(2,5-dimethyloxan-2-yl)oxy-17-ethyl-10,13-dimethyl-1,2,3,4,5,6,7,8,9,11,14,15,16,17-tetradecahydrocyclopenta[a]phenanthren-12-one"
CN(C(=O)C(N)CC(N)=O)C(C)(Cc1ccccc1)C(=O)O,CN(C(=O)C(N)CC(N)=O)C(C)(Cc1ccccc1)C(=O)O,sweet,flavor_db,"2-[(2,4-diamino-4-oxobutanoyl)-methylamino]-2-methyl-3-phenylpropanoic acid"
COc1ccc(C2Sc3ccccc3S2)cc1O,COc1ccc(C2Sc3ccccc3S2)cc1O,sweet,chemtastes_db,"5-(1,3-benzodithiol-2-yl)-2-methoxyphenol"
OCC1(O)SCC(O)C(O)C1O,OCC1(O)SCC(O)C(O)C1O,sweet,chemtastes_db,"2-(hydroxymethyl)thiane-2,3,4,5-tetrol"
COC1OC(COS(=O)(=O)O)C(OC2OC(CO)C(O)C(O)C2O)C(O)C1O,COC1OC(COS(=O)(=O)O)C(OC2OC(CO)C(O)C(O)C2O)C(O)C1O,sweet,flavor_db,"[4,5-dihydroxy-6-methoxy-3-[3,4,5-trihydroxy-6-(hydroxymethyl)oxan-2-yl]oxyoxan-2-yl]methyl hydrogen sulfate"
CC(NC(=O)C(N)CC(N)=O)C(=O)NC(Cc1ccccc1)C(=O)NC(CC(=O)O)C(=O)O,CC(NC(=O)C(N)CC(N)=O)C(=O)NC(Cc1ccccc1)C(=O)NC(CC(=O)O)C(=O)O,sweet,flavor_db,"2-[[2-[2-[(2,4-diamino-4-oxobutanoyl)amino]propanoylamino]-3-phenylpropanoyl]amino]butanedioic acid"
COc1cc(O)c2c(=O)c(OC3OC(CO)C(O)C(O)C3OC3OC(CO)C(O)C(O)C3O)c(-c3ccc(O)c(OC)c3)oc2c1,COc1cc(O)c2c(=O)c(OC3OC(CO)C(O)C(O)C3OC3OC(CO)C(O)C(O)C3O)c(-c3ccc(O)c(OC)c3)oc2c1,sweet,flavor_db,"3-[4,5-dihydroxy-6-(hydroxymethyl)-3-[3,4,5-trihydroxy-6-(hydroxymethyl)oxan-2-yl]oxyoxan-2-yl]oxy-5-hydroxy-2-(4-hydroxy-3-methoxyphenyl)-7-methoxychromen-4-one"
NC(=O)CC(N)C(=O)NC(Cc1ccccc1)C(=O)NC(CC(=O)O)C(=O)O,NC(=O)CC(N)C(=O)NC(Cc1ccccc1)C(=O)NC(CC(=O)O)C(=O)O,sweet,flavor_db,"2-[[2-[(2,4-diamino-4-oxobutanoyl)amino]-3-phenylpropanoyl]amino]butanedioic acid"
CCC(C)C(N)C(=O)N1CCCC1C(=O)NC(CC(=O)O)C(=O)NC(Cc1ccccc1)C(=O)O,CCC(C)C(N)C(=O)N1CCCC1C(=O)NC(CC(=O)O)C(=O)NC(Cc1ccccc1)C(=O)O,sweet,flavor_db,3-[[1-(2-amino-3-methylpentanoyl)pyrrolidine-2-carbonyl]amino]-4-[(1-carboxy-2-phenylethyl)amino]-4-oxobutanoic acid
CN(CN)P(=O)(O)OP(=O)(O)OP(=O)(O)OCC1OC(n2cnc3c(N)ncnc32)C(O)C1O,CN(CN)P(=O)(O)OP(=O)(O)OP(=O)(O)OCC1OC(n2cnc3c(N)ncnc32)C(O)C1O,sweet,flavor_db,"N-(aminomethyl)-[[[5-(6-aminopurin-9-yl)-3,4-dihydroxyoxolan-2-yl]methoxy-hydroxyphosphoryl]oxy-hydroxyphosphoryl]oxy-N-methylphosphonamidic acid"
NCCCCC(NC(=O)C(CC(N)=O)NC(=O)C(N)CC(N)=O)C(=O)NC(Cc1ccccc1)C(=O)O,NCCCCC(NC(=O)C(CC(N)=O)NC(=O)C(N)CC(N)=O)C(=O)NC(Cc1ccccc1)C(=O)O,sweet,flavor_db,"2-[[6-amino-2-[[4-amino-2-[(2,4-diamino-4-oxobutanoyl)amino]-4-oxobutanoyl]amino]hexanoyl]amino]-3-phenylpropanoic acid"
CCC=CCC=CCCOC(C)=O,CCC=CCC=CCCOC(C)=O,sweet,flavor_db,"nona-3,6-dienyl acetate"
O=CC(=O)C(O)C(O)C(O)C(O)C(O)C(O)C(O)C(O)C(O)C=O,O=CC(=O)C(O)C(O)C(O)C(O)C(O)C(O)C(O)C(O)C(O)C=O,sweet,flavor_db,"2,3,4,5,6,7,8,9,10-nonahydroxy-11-oxododecanedial"
COc1ccc(NC(=O)N[SeH])cc1,COc1ccc(NC(=O)N[SeH])cc1,sweet,flavor_db,1-(4-methoxyphenyl)-3-selanylurea
OCOCC1OC(O)C(OC2OC(CO)C(O)C(O)C2O)C(O)C1O,OCOCC1OC(O)C(OC2OC(CO)C(O)C(O)C2O)C(O)C1O,sweet,flavor_db,"2-(hydroxymethyl)-6-[2,4,5-trihydroxy-6-(hydroxymethoxymethyl)oxan-3-yl]oxyoxane-3,4,5-triol"
CC1(C)CCC2(C(=O)OC3OC(CO)C(O)C(O)C3O)CCC3(C)C(=CCC4C5(C)CCC(OC6OC(C(=O)O)C(OC7OC(CO)C(O)C7O)C(O)C6O)C(C)(C)C5CCC43C)C2C1,CC1(C)CCC2(C(=O)OC3OC(CO)C(O)C(O)C3O)CCC3(C)C(=CCC4C5(C)CCC(OC6OC(C(=O)O)C(OC7OC(CO)C(O)C7O)C(O)C6O)C(C)(C)C5CCC43C)C2C1,sweet,flavor_db,"6-[[4,4,6a,6b,11,11,14b-heptamethyl-8a-[3,4,5-trihydroxy-6-(hydroxymethyl)oxan-2-yl]oxycarbonyl-1,2,3,4a,5,6,7,8,9,10,12,12a,14,14a-tetradecahydropicen-3-yl]oxy]-3-[3,4-dihydroxy-5-(hydroxymethyl)oxolan-2-yl]oxy-4,5-dihydroxyoxane-2-carboxylic acid"
CC(O)CC(C)OC1OC(COC2OCC(O)C(O)C2O)C(O)C(O)C1O,CC(O)CC(C)OC1OC(COC2OCC(O)C(O)C2O)C(O)C(O)C1O,sweet,flavor_db,"2-(4-hydroxypentan-2-yloxy)-6-[(3,4,5-trihydroxyoxan-2-yl)oxymethyl]oxane-3,4,5-triol"
CCOC1(OCC)COC(CO)C(O)C1O,CCOC1(OCC)COC(CO)C(O)C1O,sweet,flavor_db,"5,5-diethoxy-2-(hydroxymethyl)oxane-3,4-diol"
CCC(=O)Oc1c(C)occc1=O,CCC(=O)Oc1c(C)occc1=O,sweet,flavor_db,(2-methyl-4-oxopyran-3-yl) propanoate
C[CH][CH][CH][CH]C(=O)NC(Cc1ccccc1)C(=O)OC,C[CH][CH][CH][CH]C(=O)NC(Cc1ccccc1)C(=O)OC,sweet,flavor_db,methyl 2-(hexanoylamino)-3-phenylpropanoate
C=C1CC23CCC4C(C)(C(=O)OC5OC(CO)C(O)C(O)C5O)CCCC4(C)C2CC(OC2OC(CO)C(O)C(O)C2O)C1C3,C=C1CC23CCC4C(C)(C(=O)OC5OC(CO)C(O)C(O)C5O)CCCC4(C)C2CC(OC2OC(CO)C(O)C(O)C2O)C1C3,sweet,flavor_db,"[3,4,5-trihydroxy-6-(hydroxymethyl)oxan-2-yl] 5,9-dimethyl-14-methylidene-12-[3,4,5-trihydroxy-6-(hydroxymethyl)oxan-2-yl]oxytetracyclo[11.2.1.01,10.04,9]hexadecane-5-carboxylate"
CC(=O)NC(Cc1ccccc1)C(=O)NC(CCCC[NH3+])C(=O)[O-],CC(=O)NC(Cc1ccccc1)C(=O)NC(CCCC[NH3+])C(=O)[O-],sweet,flavor_db,2-[(2-acetamido-3-phenylpropanoyl)amino]-6-azaniumylhexanoate
CSC,CSC,sweet,flavor_db,methylsulfanylmethane
CC(C)C(N)C(=O)NC(C(=O)NC(Cc1ccccc1)C(=O)NC(CC(N)=O)C(=O)O)C(C)C,CC(C)C(N)C(=O)NC(C(=O)NC(Cc1ccccc1)C(=O)NC(CC(N)=O)C(=O)O)C(C)C,sweet,flavor_db,4-amino-2-[[2-[[2-[(2-amino-3-methylbutanoyl)amino]-3-methylbutanoyl]amino]-3-phenylpropanoyl]amino]-4-oxobutanoic acid
OCC1OC(OC2(CBr)OC(CBr)C(O)C2O)C(O)C(O)C1Br,OCC1OC(OC2(CBr)OC(CBr)C(O)C2O)C(O)C(O)C1Br,sweet,chemtastes_db,"2-[2,5-bis(bromomethyl)-3,4-dihydroxyoxolan-2-yl]oxy-5-bromo-6-(hydroxymethyl)oxane-3,4-diol"
COc1cc2oc(-c3c(O)cccc3OC3OC(CO)C(O)C(O)C3O)cc(=O)c2c(O)c1OC,COc1cc2oc(-c3c(O)cccc3OC3OC(CO)C(O)C(O)C3O)cc(=O)c2c(O)c1OC,sweet,flavor_db,"5-hydroxy-2-[2-hydroxy-6-[3,4,5-trihydroxy-6-(hydroxymethyl)oxan-2-yl]oxyphenyl]-6,7-dimethoxychromen-4-one"
CC(C)CC(NC(=O)C(N)CC(=O)O)C(=O)NC(Cc1ccccc1)C(=O)NC(CCCCN)C(=O)O,CC(C)CC(NC(=O)C(N)CC(=O)O)C(=O)NC(Cc1ccccc1)C(=O)NC(CCCCN)C(=O)O,sweet,flavor_db,6-amino-2-[[2-[[2-[(2-amino-3-carboxypropanoyl)amino]-4-methylpentanoyl]amino]-3-phenylpropanoyl]amino]hexanoic acid
CC1=CC2OC(=O)C(C)C2CC1,CC1=CC2OC(=O)C(C)C2CC1,sweet,flavor_db,"3,6-dimethyl-3a,4,5,7a-tetrahydro-3H-1-benzofuran-2-one"
Nc1ncnc2c1ncn2C1OC(CO)C(F)C1OP(=O)(O)O,Nc1ncnc2c1ncn2C1OC(CO)C(F)C1OP(=O)(O)O,sweet,flavor_db,[2-(6-aminopurin-9-yl)-4-fluoro-5-(hydroxymethyl)oxolan-3-yl] dihydrogen phosphate
CCC(C)C(N)C(=O)NC(Cc1ccccc1)C(=O)NC(CC(=O)O)C(=O)NC(Cc1ccccc1)C(=O)O,CCC(C)C(N)C(=O)NC(Cc1ccccc1)C(=O)NC(CC(=O)O)C(=O)NC(Cc1ccccc1)C(=O)O,sweet,flavor_db,3-[[2-[(2-amino-3-methylpentanoyl)amino]-3-phenylpropanoyl]amino]-4-[(1-carboxy-2-phenylethyl)amino]-4-oxobutanoic acid
CCC(=O)OCCNC(=O)C(N)CC(=O)O,CCC(=O)OCCNC(=O)C(N)CC(=O)O,sweet,chemtastes_db,3-amino-4-oxo-4-(2-propanoyloxyethylamino)butanoic acid
CC1(C)CC(O)C2(C)CCC3(C)C(=CCC4C5(C)CCC(OC6OC(C(=O)O)C(O)C(O)C6OC6OC(CO)C(O)C(O)C6O)C(C)(C)C5CCC43C)C2C1,CC1(C)CC(O)C2(C)CCC3(C)C(=CCC4C5(C)CCC(OC6OC(C(=O)O)C(O)C(O)C6OC6OC(CO)C(O)C(O)C6O)C(C)(C)C5CCC43C)C2C1,sweet,flavor_db,"3,4-dihydroxy-6-[(9-hydroxy-4,4,6a,6b,8a,11,11,14b-octamethyl-1,2,3,4a,5,6,7,8,9,10,12,12a,14,14a-tetradecahydropicen-3-yl)oxy]-5-[3,4,5-trihydroxy-6-(hydroxymethyl)oxan-2-yl]oxyoxane-2-carboxylic acid"
Nc1ncnc2c1ncn2C1OC(CO)C(N)C1OP(O)(O)=S,Nc1ncnc2c1ncn2C1OC(CO)C(N)C1OP(O)(O)=S,sweet,flavor_db,[3-amino-5-(6-aminopurin-9-yl)-4-dihydroxyphosphinothioyloxyoxolan-2-yl]methanol
CC1OC(Oc2c(O)c(O)cc3oc(-c4cc(O)c(O)c(O)c4)cc(=O)c23)C(O)C(O)C1O,CC1OC(Oc2c(O)c(O)cc3oc(-c4cc(O)c(O)c(O)c4)cc(=O)c23)C(O)C(O)C1O,sweet,flavor_db,"6,7-dihydroxy-5-(3,4,5-trihydroxy-6-methyloxan-2-yl)oxy-2-(3,4,5-trihydroxyphenyl)chromen-4-one"
COC(=O)CCN(C(=O)C(N)CC(C)C)C(Cc1ccccc1)C(=O)O,COC(=O)CCN(C(=O)C(N)CC(C)C)C(Cc1ccccc1)C(=O)O,sweet,flavor_db,2-[(2-amino-4-methylpentanoyl)-(3-methoxy-3-oxopropyl)amino]-3-phenylpropanoic acid
COC1OC2(CCCO2)C(O)C(O)C1O,COC1OC2(CCCO2)C(O)C(O)C1O,sweet,flavor_db,"7-methoxy-1,6-dioxaspiro[4.5]decane-8,9,10-triol"
Nc1ncnc2c1ncn2C1OC(COP(=O)(O)CP(=O)(O)OP(=O)(O)O)C(O)C1O,Nc1ncnc2c1ncn2C1OC(COP(=O)(O)CP(=O)(O)OP(=O)(O)O)C(O)C1O,sweet,flavor_db,"[5-(6-aminopurin-9-yl)-3,4-dihydroxyoxolan-2-yl]methoxy-[[hydroxy(phosphonooxy)phosphoryl]methyl]phosphinic acid"
COCOC1C(CO)OC(OC)C(O)C1O,COCOC1C(CO)OC(OC)C(O)C1O,sweet,flavor_db,"6-(hydroxymethyl)-2-methoxy-5-(methoxymethoxy)oxane-3,4-diol"
CC1OC(Oc2cc3oc(-c4ccccc4)cc(=O)c3c(O)c2O)C(O)C(O)C1O,CC1OC(Oc2cc3oc(-c4ccccc4)cc(=O)c3c(O)c2O)C(O)C(O)C1O,sweet,flavor_db,"5,6-dihydroxy-2-phenyl-7-(3,4,5-trihydroxy-6-methyloxan-2-yl)oxychromen-4-one"
CC1OC(Oc2cc(-c3coc4cc(O)ccc4c3=O)ccc2O)C(O)C(O)C1O,CC1OC(Oc2cc(-c3coc4cc(O)ccc4c3=O)ccc2O)C(O)C(O)C1O,sweet,flavor_db,"7-hydroxy-3-[4-hydroxy-3-(3,4,5-trihydroxy-6-methyloxan-2-yl)oxyphenyl]chromen-4-one"
NCCCCCOP(=O)(O)OCC1OC(n2cnc3c(N)ncnc32)C(O)C1O,NCCCCCOP(=O)(O)OCC1OC(n2cnc3c(N)ncnc32)C(O)C1O,sweet,flavor_db,"5-aminopentyl [5-(6-aminopurin-9-yl)-3,4-dihydroxyoxolan-2-yl]methyl hydrogen phosphate"
OCCOC(CO)C(O)C1(OC2OC(CO)C(O)C(O)C2O)OC(CO)C(O)C1O,OCCOC(CO)C(O)C1(OC2OC(CO)C(O)C(O)C2O)OC(CO)C(O)C1O,sweet,flavor_db,"2-[2-[1,3-dihydroxy-2-(2-hydroxyethoxy)propyl]-3,4-dihydroxy-5-(hydroxymethyl)oxolan-2-yl]oxy-6-(hydroxymethyl)oxane-3,4,5-triol"
CC(=O)C(=O)C(C)C,CC(=O)C(=O)C(C)C,sweet,flavor_db,"4-methylpentane-2,3-dione"
COC(=O)C1OC(OC2CCC3(C)C(CCC4(C)C3C(=O)C=C3C5CC(C)(C(=O)OC)CCC5(C)CCC34C)C2(C)C)C(OC2OCC(CO)(OC)C2O)C(O)C1O,COC(=O)C1OC(OC2CCC3(C)C(CCC4(C)C3C(=O)C=C3C5CC(C)(C(=O)OC)CCC5(C)CCC34C)C2(C)C)C(OC2OCC(CO)(OC)C2O)C(O)C1O,sweet,flavor_db,"methyl 3,4-dihydroxy-5-[3-hydroxy-4-(hydroxymethyl)-4-methoxyoxolan-2-yl]oxy-6-[(11-methoxycarbonyl-4,4,6a,6b,8a,11,14b-heptamethyl-14-oxo-2,3,4a,5,6,7,8,9,10,12,12a,14a-dodecahydro-1H-picen-3-yl)oxy]oxane-2-carboxylate"
NC(=O)CC(N)C(=O)NCC(=O)NC(CC(N)=O)C(=O)NC(Cc1ccccc1)C(=O)O,NC(=O)CC(N)C(=O)NCC(=O)NC(CC(N)=O)C(=O)NC(Cc1ccccc1)C(=O)O,sweet,flavor_db,"2-[[4-amino-2-[[2-[(2,4-diamino-4-oxobutanoyl)amino]acetyl]amino]-4-oxobutanoyl]amino]-3-phenylpropanoic acid"
C[N+]1(C)CCCC1C(=O)[O-],C[N+]1(C)CCCC1C(=O)[O-],sweet,phytocompounds_db,"1,1-dimethylpyrrolidin-1-ium-2-carboxylate"
CCOC1OC(C(O)CO)C(O)C1O,CCOC1OC(C(O)CO)C(O)C1O,sweet,flavor_db,"2-(1,2-dihydroxyethyl)-5-ethoxyoxolane-3,4-diol"
NCCCCC(NC(=O)C(Cc1ccccc1)NC(=O)CN)C(=O)NC(CC(N)=O)C(=O)O,NCCCCC(NC(=O)C(Cc1ccccc1)NC(=O)CN)C(=O)NC(CC(N)=O)C(=O)O,sweet,flavor_db,4-amino-2-[[6-amino-2-[[2-[(2-aminoacetyl)amino]-3-phenylpropanoyl]amino]hexanoyl]amino]-4-oxobutanoic acid
CCC(C)C(NC(=O)C(Cc1ccccc1)NC(=O)C(CCCCN)NC(=O)C(N)CC(=O)O)C(=O)O,CCC(C)C(NC(=O)C(Cc1ccccc1)NC(=O)C(CCCCN)NC(=O)C(N)CC(=O)O)C(=O)O,sweet,flavor_db,2-[[2-[[6-amino-2-[(2-amino-3-carboxypropanoyl)amino]hexanoyl]amino]-3-phenylpropanoyl]amino]-3-methylpentanoic acid
OC1C(CCl)OC(OC2(CCl)OC(CCl)C(O)C2O)C(O)C1O,OC1C(CCl)OC(OC2(CCl)OC(CCl)C(O)C2O)C(O)C1O,sweet,chemtastes_db,"2-[2,5-bis(chloromethyl)-3,4-dihydroxyoxolan-2-yl]oxy-6-(chloromethyl)oxane-3,4,5-triol"
COc1ccc(C2OCc3ccccc3S2)cc1OC(=O)Nc1ccccc1,COc1ccc(C2OCc3ccccc3S2)cc1OC(=O)Nc1ccccc1,sweet,chemtastes_db,"[5-(4H-3,1-benzoxathiin-2-yl)-2-methoxyphenyl] N-phenylcarbamate"
CCCOc1ccc(N)cc1[N+](=O)[O-],CCCOc1ccc(N)cc1[N+](=O)[O-],sweet,flavor_db,3-nitro-4-propoxyaniline
OCOC1C(O)OC(CO)C(O)C1O,OCOC1C(O)OC(CO)C(O)C1O,sweet,flavor_db,"3-(hydroxymethoxy)-6-(hydroxymethyl)oxane-2,4,5-triol"
COc1cc(-c2cc(=O)c3c(O)cc(O)c(C4OC(CO)C(O)C(O)C4OC4OC(CO)C(O)C(O)C4O)c3o2)ccc1O,COc1cc(-c2cc(=O)c3c(O)cc(O)c(C4OC(CO)C(O)C(O)C4OC4OC(CO)C(O)C(O)C4O)c3o2)ccc1O,sweet,flavor_db,"8-[4,5-dihydroxy-6-(hydroxymethyl)-3-[3,4,5-trihydroxy-6-(hydroxymethyl)oxan-2-yl]oxyoxan-2-yl]-5,7-dihydroxy-2-(4-hydroxy-3-methoxyphenyl)chromen-4-one"
CC1OC(OCC(O)CO)C(O)C(O)C1O,CC1OC(OCC(O)CO)C(O)C(O)C1O,sweet,flavor_db,"2-(2,3-dihydroxypropoxy)-6-methyloxane-3,4,5-triol"
OC(F)C1OC(O)C(O)C(O)C1O,OC(F)C1OC(O)C(O)C(O)C1O,sweet,flavor_db,"6-[fluoro(hydroxy)methyl]oxane-2,3,4,5-tetrol"
CCCCCCCCCCCOCCCCOC1OC(C(O)CO)C(O)C(O)C1O,CCCCCCCCCCCOCCCCOC1OC(C(O)CO)C(O)C(O)C1O,sweet,flavor_db,"2-(1,2-dihydroxyethyl)-6-(4-undecoxybutoxy)oxane-3,4,5-triol"
NCCCCC(N)C(=O)NC(Cc1ccccc1)C(=O)NC(CC(N)=O)C(=O)NC(CCCCN)C(=O)O,NCCCCC(N)C(=O)NC(Cc1ccccc1)C(=O)NC(CC(N)=O)C(=O)NC(CCCCN)C(=O)O,sweet,flavor_db,"6-amino-2-[[4-amino-2-[[2-(2,6-diaminohexanoylamino)-3-phenylpropanoyl]amino]-4-oxobutanoyl]amino]hexanoic acid"
Nc1ncnc2c1ncn2C1OC(COP(=O)(O)O)C(O)C1OP(=O)(O)O,Nc1ncnc2c1ncn2C1OC(COP(=O)(O)O)C(O)C1OP(=O)(O)O,sweet,flavor_db,[2-(6-aminopurin-9-yl)-4-hydroxy-5-(phosphonooxymethyl)oxolan-3-yl] dihydrogen phosphate
C=C1CC23CCC4C(C)(C(=O)OC5OC(CO)C(O)C(O)C5O)CCCC4(C)C2CCC1(OC1OC(CO)C(O)C(OC2OC(CO)C(O)C(O)C2O)C1OC1OC(C)C(O)C(OC2OC(CO)C(O)C(O)C2O)C1O)C3,C=C1CC23CCC4C(C)(C(=O)OC5OC(CO)C(O)C(O)C5O)CCCC4(C)C2CCC1(OC1OC(CO)C(O)C(OC2OC(CO)C(O)C(O)C2O)C1OC1OC(C)C(O)C(OC2OC(CO)C(O)C(O)C2O)C1O)C3,sweet,chemtastes_db,"[3,4,5-trihydroxy-6-(hydroxymethyl)oxan-2-yl] 13-[3-[3,5-dihydroxy-6-methyl-4-[3,4,5-trihydroxy-6-(hydroxymethyl)oxan-2-yl]oxyoxan-2-yl]oxy-5-hydroxy-6-(hydroxymethyl)-4-[3,4,5-trihydroxy-6-(hydroxymethyl)oxan-2-yl]oxyoxan-2-yl]oxy-5,9-dimethyl-14-methylidenetetracyclo[11.2.1.01,10.04,9]hexadecane-5-carboxylate"
COC(CO)C(OC1OC(CO)C(O)C(O)C1O)C(O)CO,COC(CO)C(OC1OC(CO)C(O)C(O)C1O)C(O)CO,sweet,flavor_db,"2-(hydroxymethyl)-6-(1,2,5-trihydroxy-4-methoxypentan-3-yl)oxyoxane-3,4,5-triol"
NC(Cc1ccccc1)C(=O)NC(CC(=O)O)C(=O)NCC(=O)NC(CCC(=O)O)C(=O)O,NC(Cc1ccccc1)C(=O)NC(CC(=O)O)C(=O)NCC(=O)NC(CCC(=O)O)C(=O)O,sweet,flavor_db,2-[[2-[[2-[(2-amino-3-phenylpropanoyl)amino]-3-carboxypropanoyl]amino]acetyl]amino]pentanedioic acid
CCC(C)C(N)C(=O)NC(C(=O)NC(C(=O)NC(Cc1ccccc1)C(=O)NC(CC(=O)O)C(N)=O)C(C)CC)C(C)C,CCC(C)C(N)C(=O)NC(C(=O)NC(C(=O)NC(Cc1ccccc1)C(=O)NC(CC(=O)O)C(N)=O)C(C)CC)C(C)C,sweet,flavor_db,4-amino-3-[[2-[[2-[[2-[(2-amino-3-methylpentanoyl)amino]-3-methylbutanoyl]amino]-3-methylpentanoyl]amino]-3-phenylpropanoyl]amino]-4-oxobutanoic acid
CC(C)CC(NC(=O)C(N)CC(=O)O)C(=O)NC(Cc1ccccc1)C(=O)NC(CC(C)C)C(=O)NCC(=O)O,CC(C)CC(NC(=O)C(N)CC(=O)O)C(=O)NC(Cc1ccccc1)C(=O)NC(CC(C)C)C(=O)NCC(=O)O,sweet,flavor_db,3-amino-4-[[1-[[1-[[1-(carboxymethylamino)-4-methyl-1-oxopentan-2-yl]amino]-1-oxo-3-phenylpropan-2-yl]amino]-4-methyl-1-oxopentan-2-yl]amino]-4-oxobutanoic acid
CCCCCCCCCCCCCC(=O)NCC(=O)NC(Cc1ccccc1)C(=O)O,CCCCCCCCCCCCCC(=O)NCC(=O)NC(Cc1ccccc1)C(=O)O,sweet,flavor_db,3-phenyl-2-[[2-(tetradecanoylamino)acetyl]amino]propanoic acid
CC1(C)OC2OC(C(O)CO)C(O1)C2O,CC1(C)OC2OC(C(O)CO)C(O1)C2O,sweet,flavor_db,"1-(8-hydroxy-3,3-dimethyl-2,4,6-trioxabicyclo[3.2.1]octan-7-yl)ethane-1,2-diol"
COc1c(-c2ccc(O)c(O)c2)oc2cc(OC3OC(CO)C(O)C(O)C3O)cc(O)c2c1=O,COc1c(-c2ccc(O)c(O)c2)oc2cc(OC3OC(CO)C(O)C(O)C3O)cc(O)c2c1=O,sweet,flavor_db,"2-(3,4-dihydroxyphenyl)-5-hydroxy-3-methoxy-7-[3,4,5-trihydroxy-6-(hydroxymethyl)oxan-2-yl]oxychromen-4-one"
COP1(=S)OCC2OC(n3cnc4c(N)ncnc43)C(O)C2O1,COP1(=S)OCC2OC(n3cnc4c(N)ncnc43)C(O)C2O1,sweet,flavor_db,"6-(6-aminopurin-9-yl)-2-methoxy-2-sulfanylidene-4a,6,7,7a-tetrahydro-4H-furo[3,2-d][1,3,2]dioxaphosphinin-7-ol"
CC(N)C(=O)NC(CO)C(=O)NC(CC(N)=O)C(=O)NC(Cc1ccccc1)C(=O)O,CC(N)C(=O)NC(CO)C(=O)NC(CC(N)=O)C(=O)NC(Cc1ccccc1)C(=O)O,sweet,flavor_db,2-[[4-amino-2-[[2-(2-aminopropanoylamino)-3-hydroxypropanoyl]amino]-4-oxobutanoyl]amino]-3-phenylpropanoic acid
C[Se]c1ncnc2c1ncn2C1OC(COP(=O)(O)O)C(O)C1O,C[Se]c1ncnc2c1ncn2C1OC(COP(=O)(O)O)C(O)C1O,sweet,flavor_db,"[3,4-dihydroxy-5-(6-methylselanylpurin-9-yl)oxolan-2-yl]methyl dihydrogen phosphate"
CC1(C)CCC2(C)CCC3(C)C(=CCC4C5(C)CCC(OC6OC(C(=O)O)C(O)C(OC7OCC(O)C(O)C7O)C6OC6OC(CO)C(O)C(O)C6O)C(C)(C)C5CCC43C)C2C1,CC1(C)CCC2(C)CCC3(C)C(=CCC4C5(C)CCC(OC6OC(C(=O)O)C(O)C(OC7OCC(O)C(O)C7O)C6OC6OC(CO)C(O)C(O)C6O)C(C)(C)C5CCC43C)C2C1,sweet,flavor_db,"6-[(4,4,6a,6b,8a,11,11,14b-octamethyl-1,2,3,4a,5,6,7,8,9,10,12,12a,14,14a-tetradecahydropicen-3-yl)oxy]-3-hydroxy-5-[3,4,5-trihydroxy-6-(hydroxymethyl)oxan-2-yl]oxy-4-(3,4,5-trihydroxyoxan-2-yl)oxyoxane-2-carboxylic acid"
CC=CC(C)C(=O)OCCCCCC,CC=CC(C)C(=O)OCCCCCC,sweet,flavor_db,hexyl 2-methylpent-3-enoate
COC(=O)COC(OC1C(O)C(C(=O)OC)OC(OC2CCC3(C)C(CCC4(C)C3CC=C3C5CC(C)(C)CCC5(C(=O)OC5OC(CO)C(O)C(O)C5O)CCC34C)C2(C)C)C1OC1OC(CO)C(O)C(O)C1O)C(O)C(=O)OC,COC(=O)COC(OC1C(O)C(C(=O)OC)OC(OC2CCC3(C)C(CCC4(C)C3CC=C3C5CC(C)(C)CCC5(C(=O)OC5OC(CO)C(O)C(O)C5O)CCC34C)C2(C)C)C1OC1OC(CO)C(O)C(O)C1O)C(O)C(=O)OC,sweet,flavor_db,"methyl 6-[[4,4,6a,6b,11,11,14b-heptamethyl-8a-[3,4,5-trihydroxy-6-(hydroxymethyl)oxan-2-yl]oxycarbonyl-1,2,3,4a,5,6,7,8,9,10,12,12a,14,14a-tetradecahydropicen-3-yl]oxy]-3-hydroxy-4-[2-hydroxy-3-methoxy-1-(2-methoxy-2-oxoethoxy)-3-oxopropoxy]-5-[3,4,5-trihydroxy-6-(hydroxymethyl)oxan-2-yl]oxyoxane-2-carboxylate"
CCCCC(=O)NC(Cc1ccccc1)C(=O)OC,CCCCC(=O)NC(Cc1ccccc1)C(=O)OC,sweet,flavor_db,methyl 2-(pentanoylamino)-3-phenylpropanoate
OCC1OC(OC2(CCl)OC(CCl)C(O)C2O)C(O)C(O)C1O,OCC1OC(OC2(CCl)OC(CCl)C(O)C2O)C(O)C(O)C1O,sweet,chemtastes_db,"2-[2,5-bis(chloromethyl)-3,4-dihydroxyoxolan-2-yl]oxy-6-(hydroxymethyl)oxane-3,4,5-triol"
COC1C(CO)OCCC1OC1OC(CO)C(O)C(O)C1O,COC1C(CO)OCCC1OC1OC(CO)C(O)C(O)C1O,sweet,flavor_db,"2-(hydroxymethyl)-6-[2-(hydroxymethyl)-3-methoxyoxan-4-yl]oxyoxane-3,4,5-triol"
CC(C)CC1OCC(C)O1,CC(C)CC1OCC(C)O1,sweet,flavor_db,"4-methyl-2-(2-methylpropyl)-1,3-dioxolane"
OCCC1OC(OC2OC(C(O)CO)C(O)C(O)C2O)C(O)C(O)C1O,OCCC1OC(OC2OC(C(O)CO)C(O)C(O)C2O)C(O)C(O)C1O,sweet,flavor_db,"2-[6-(1,2-dihydroxyethyl)-3,4,5-trihydroxyoxan-2-yl]oxy-6-(2-hydroxyethyl)oxane-3,4,5-triol"
CC(C)CC(NC(=O)C(CC(=O)O)NC(=O)CCc1ccccc1)C(=O)O,CC(C)CC(NC(=O)C(CC(=O)O)NC(=O)CCc1ccccc1)C(=O)O,sweet,flavor_db,2-[[3-carboxy-2-(3-phenylpropanoylamino)propanoyl]amino]-4-methylpentanoic acid
COc1ccc(C(C)=O)cc1,COc1ccc(C(C)=O)cc1,sweet,flavor_db,1-(4-methoxyphenyl)ethanone
CC1OC2OC(C)(C)OC2C(O)C1O,CC1OC2OC(C)(C)OC2C(O)C1O,sweet,flavor_db,"2,2,5-trimethyl-5,6,7,7a-tetrahydro-3aH-[1,3]dioxolo[4,5-b]pyran-6,7-diol"
Nc1ncnc2c1nc(Cl)n2C1OC(COP(=O)(O)O)C(O)C1O,Nc1ncnc2c1nc(Cl)n2C1OC(COP(=O)(O)O)C(O)C1O,sweet,flavor_db,"[5-(6-amino-8-chloropurin-9-yl)-3,4-dihydroxyoxolan-2-yl]methyl dihydrogen phosphate"
CC(C)OC1OCC(O)C(O)C1OC1OC(C)C(O)C(O)C1O,CC(C)OC1OCC(O)C(O)C1OC1OC(C)C(O)C(O)C1O,sweet,flavor_db,"2-(4,5-dihydroxy-2-propan-2-yloxyoxan-3-yl)oxy-6-methyloxane-3,4,5-triol"
CC1OC(OCC2OC(Oc3cc(O)c4c(=O)cc(-c5ccc(OC6OC(CO)C(O)C(O)C6O)c(O)c5)oc4c3)C(O)C(O)C2O)C(O)C(O)C1O,CC1OC(OCC2OC(Oc3cc(O)c4c(=O)cc(-c5ccc(OC6OC(CO)C(O)C(O)C6O)c(O)c5)oc4c3)C(O)C(O)C2O)C(O)C(O)C1O,sweet,flavor_db,"5-hydroxy-2-[3-hydroxy-4-[3,4,5-trihydroxy-6-(hydroxymethyl)oxan-2-yl]oxyphenyl]-7-[3,4,5-trihydroxy-6-[(3,4,5-trihydroxy-6-methyloxan-2-yl)oxymethyl]oxan-2-yl]oxychromen-4-one"
OCCCOC1OC(CO)C(O)C(O)C1O,OCCCOC1OC(CO)C(O)C(O)C1O,sweet,flavor_db,"2-(hydroxymethyl)-6-(3-hydroxypropoxy)oxane-3,4,5-triol"
CC(C)CC(NC(=O)C(N)CO)C(=O)NC(CC(=O)O)C(=O)NC(Cc1ccccc1)C(=O)O,CC(C)CC(NC(=O)C(N)CO)C(=O)NC(CC(=O)O)C(=O)NC(Cc1ccccc1)C(=O)O,sweet,flavor_db,3-[[2-[(2-amino-3-hydroxypropanoyl)amino]-4-methylpentanoyl]amino]-4-[(1-carboxy-2-phenylethyl)amino]-4-oxobutanoic acid
CC(C)CC(NC(=O)C(N)CC(=O)O)C(=O)NCC(=O)NC(Cc1ccccc1)C(=O)O,CC(C)CC(NC(=O)C(N)CC(=O)O)C(=O)NCC(=O)NC(Cc1ccccc1)C(=O)O,sweet,flavor_db,3-amino-4-[[1-[[2-[(1-carboxy-2-phenylethyl)amino]-2-oxoethyl]amino]-4-methyl-1-oxopentan-2-yl]amino]-4-oxobutanoic acid
COc1ccc(-c2coc3cc(O)ccc3c2=O)cc1OC1OC(CO)C(O)C(O)C1O,COc1ccc(-c2coc3cc(O)ccc3c2=O)cc1OC1OC(CO)C(O)C(O)C1O,sweet,flavor_db,"7-hydroxy-3-[4-methoxy-3-[3,4,5-trihydroxy-6-(hydroxymethyl)oxan-2-yl]oxyphenyl]chromen-4-one"
CC(=O)C(C)(O)O,CC(=O)C(C)(O)O,sweet,chemtastes_db,"3,3-dihydroxybutan-2-one"
COC(=O)C1OC(OC2CCC3(C)C(CCC4(C)C3CC=C3C5C(C)C(C)CCC5(C(=O)OC5OC(CO)C(O)C(O)C5O)CCC34C)C2(C)CO)C(O)C(O)C1O,COC(=O)C1OC(OC2CCC3(C)C(CCC4(C)C3CC=C3C5C(C)C(C)CCC5(C(=O)OC5OC(CO)C(O)C(O)C5O)CCC34C)C2(C)CO)C(O)C(O)C1O,sweet,flavor_db,"methyl 3,4,5-trihydroxy-6-[[4-(hydroxymethyl)-4,6a,6b,11,12,14b-hexamethyl-8a-[3,4,5-trihydroxy-6-(hydroxymethyl)oxan-2-yl]oxycarbonyl-2,3,4a,5,6,7,8,9,10,11,12,12a,14,14a-tetradecahydro-1H-picen-3-yl]oxy]oxane-2-carboxylate"
COC(=O)C(NC(=O)C(N)CC(=O)O)C(=O)OC(C)(C)C,COC(=O)C(NC(=O)C(N)CC(=O)O)C(=O)OC(C)(C)C,sweet,chemtastes_db,"3-amino-4-[[1-methoxy-3-[(2-methylpropan-2-yl)oxy]-1,3-dioxopropan-2-yl]amino]-4-oxobutanoic acid"
CCCCOC(=O)C1OC(OC2CCC3(C)C(CCC4(C)C3CC=C3C5CC(C)(C)CCC5(C(=O)OC5OC(CO)C(O)C(O)C5O)CCC34C)C2(C)C)C(O)C(O)C1O,CCCCOC(=O)C1OC(OC2CCC3(C)C(CCC4(C)C3CC=C3C5CC(C)(C)CCC5(C(=O)OC5OC(CO)C(O)C(O)C5O)CCC34C)C2(C)C)C(O)C(O)C1O,sweet,flavor_db,"butyl 6-[[4,4,6a,6b,11,11,14b-heptamethyl-8a-[3,4,5-trihydroxy-6-(hydroxymethyl)oxan-2-yl]oxycarbonyl-1,2,3,4a,5,6,7,8,9,10,12,12a,14,14a-tetradecahydropicen-3-yl]oxy]-3,4,5-trihydroxyoxane-2-carboxylate"
COc1cc(-c2cc(=O)c3c(O)c(OC)c(OC)c(OC)c3o2)ccc1OC1OC(O)C(O)C(O)C1O,COc1cc(-c2cc(=O)c3c(O)c(OC)c(OC)c(OC)c3o2)ccc1OC1OC(O)C(O)C(O)C1O,sweet,flavor_db,"5-hydroxy-6,7,8-trimethoxy-2-[3-methoxy-4-(3,4,5,6-tetrahydroxyoxan-2-yl)oxyphenyl]chromen-4-one"
COc1ccc(-c2cc(=O)c3c(O)cc(OC4OC(C(O)C5OC(C)C(O)C(O)C5O)C(O)C(O)C4O)cc3o2)cc1O,COc1ccc(-c2cc(=O)c3c(O)cc(OC4OC(C(O)C5OC(C)C(O)C(O)C5O)C(O)C(O)C4O)cc3o2)cc1O,sweet,flavor_db,"5-hydroxy-2-(3-hydroxy-4-methoxyphenyl)-7-[3,4,5-trihydroxy-6-[hydroxy-(3,4,5-trihydroxy-6-methyloxan-2-yl)methyl]oxan-2-yl]oxychromen-4-one"
COc1c(O)c(OC2OC(CO)C(O)C(O)C2O)cc2oc(-c3ccccc3)cc(=O)c12,COc1c(O)c(OC2OC(CO)C(O)C(O)C2O)cc2oc(-c3ccccc3)cc(=O)c12,sweet,flavor_db,"6-hydroxy-5-methoxy-2-phenyl-7-[3,4,5-trihydroxy-6-(hydroxymethyl)oxan-2-yl]oxychromen-4-one"
C=C1CC23CCC4C(C)(C(=O)OC5OC(CO)C(O)C(O)C5O)CCCC4(C)C2CCC1(OC1OC(CO)C(O)C(OC2CC(O)C(O)C(CO)O2)C1OC1OC(CO)C(O)C(O)C1O)C3,C=C1CC23CCC4C(C)(C(=O)OC5OC(CO)C(O)C(O)C5O)CCCC4(C)C2CCC1(OC1OC(CO)C(O)C(OC2CC(O)C(O)C(CO)O2)C1OC1OC(CO)C(O)C(O)C1O)C3,sweet,flavor_db,"[3,4,5-trihydroxy-6-(hydroxymethyl)oxan-2-yl] 13-[4-[4,5-dihydroxy-6-(hydroxymethyl)oxan-2-yl]oxy-5-hydroxy-6-(hydroxymethyl)-3-[3,4,5-trihydroxy-6-(hydroxymethyl)oxan-2-yl]oxyoxan-2-yl]oxy-5,9-dimethyl-14-methylidenetetracyclo[11.2.1.01,10.04,9]hexadecane-5-carboxylate"
C=C1C2CCC3C4(C)CC(OC5OC(CO)C(O)C(O)C5OC(=O)CC(C)C)CC(C(=O)O)C4CCC3(C2)C1O,C=C1C2CCC3C4(C)CC(OC5OC(CO)C(O)C(O)C5OC(=O)CC(C)C)CC(C(=O)O)C4CCC3(C2)C1O,sweet,flavor_db,"7-[4,5-dihydroxy-6-(hydroxymethyl)-3-(3-methylbutanoyloxy)oxan-2-yl]oxy-15-hydroxy-9-methyl-14-methylidenetetracyclo[11.2.1.01,10.04,9]hexadecane-5-carboxylic acid"
Nc1ncnc2c1ncn2C1OC(COP(=O)(O)OOS(=O)(=O)OO)C(O)C1O,Nc1ncnc2c1ncn2C1OC(COP(=O)(O)OOS(=O)(=O)OO)C(O)C1O,sweet,flavor_db,"[5-(6-aminopurin-9-yl)-3,4-dihydroxyoxolan-2-yl]methyl hydroperoxysulfonyloxy hydrogen phosphate"
CC(C)=CCc1cc(-c2oc3cc(OC4OC(CO)C(O)C(O)C4O)cc(O)c3c(=O)c2CO)cc(O)c1OC1OC(CO)C(O)C(O)C1O,CC(C)=CCc1cc(-c2oc3cc(OC4OC(CO)C(O)C(O)C4O)cc(O)c3c(=O)c2CO)cc(O)c1OC1OC(CO)C(O)C(O)C1O,sweet,flavor_db,"5-hydroxy-3-(hydroxymethyl)-2-[3-hydroxy-5-(3-methylbut-2-enyl)-4-[3,4,5-trihydroxy-6-(hydroxymethyl)oxan-2-yl]oxyphenyl]-7-[3,4,5-trihydroxy-6-(hydroxymethyl)oxan-2-yl]oxychromen-4-one"
NC(CC(=O)O)C(=O)NCCc1ccc(O)cc1,NC(CC(=O)O)C(=O)NCCc1ccc(O)cc1,sweet,chemtastes_db,3-amino-4-[2-(4-hydroxyphenyl)ethylamino]-4-oxobutanoic acid
OCC1OC(O)C(O)C(O)C1OC1OC(COCF)C(O)C(O)C1O,OCC1OC(O)C(O)C(O)C1OC1OC(COCF)C(O)C(O)C1O,sweet,flavor_db,"5-[6-(fluoromethoxymethyl)-3,4,5-trihydroxyoxan-2-yl]oxy-6-(hydroxymethyl)oxane-2,3,4-triol"
OCC1OC(OC2CCCC2)C(O)C(O)C1O,OCC1OC(OC2CCCC2)C(O)C(O)C1O,sweet,flavor_db,"2-cyclopentyloxy-6-(hydroxymethyl)oxane-3,4,5-triol"
NCC(=O)NC(CC(N)=O)C(=O)NC(CO)C(=O)NC(Cc1ccccc1)C(=O)O,NCC(=O)NC(CC(N)=O)C(=O)NC(CO)C(=O)NC(Cc1ccccc1)C(=O)O,sweet,flavor_db,2-[[2-[[4-amino-2-[(2-aminoacetyl)amino]-4-oxobutanoyl]amino]-3-hydroxypropanoyl]amino]-3-phenylpropanoic acid
O=C1c2c(O)cc(O)cc2OC(c2ccc(O)c(OC3OC(CO)C(O)C(O)C3O)c2)C1O,O=C1c2c(O)cc(O)cc2OC(c2ccc(O)c(OC3OC(CO)C(O)C(O)C3O)c2)C1O,sweet,flavor_db,"3,5,7-trihydroxy-2-[4-hydroxy-3-[3,4,5-trihydroxy-6-(hydroxymethyl)oxan-2-yl]oxyphenyl]-2,3-dihydrochromen-4-one"
CCC(C)C(NC(=O)C(CC(=O)O)NC(=O)C(N)CC(C)C)C(=O)NC(Cc1ccccc1)C(=O)O,CCC(C)C(NC(=O)C(CC(=O)O)NC(=O)C(N)CC(C)C)C(=O)NC(Cc1ccccc1)C(=O)O,sweet,flavor_db,3-[(2-amino-4-methylpentanoyl)amino]-4-[[1-[(1-carboxy-2-phenylethyl)amino]-3-methyl-1-oxopentan-2-yl]amino]-4-oxobutanoic acid
CC(=O)OC1C(Oc2cc(O)cc3occ(-c4ccc(O)c(O)c4)c(=O)c23)OCC(O)C1O,CC(=O)OC1C(Oc2cc(O)cc3occ(-c4ccc(O)c(O)c4)c(=O)c23)OCC(O)C1O,sweet,flavor_db,"[2-[3-(3,4-dihydroxyphenyl)-7-hydroxy-4-oxochromen-5-yl]oxy-4,5-dihydroxyoxan-3-yl] acetate"
C=C1CC23CCC4C(C)(C(=O)OC5OC(CO)C(O)C(O)C5O)CCCC4(C)C2CCC1(OC1OC(CO)C(O)C(OC2OC(CO)C(O)C(O)C2O)C1O)C3,C=C1CC23CCC4C(C)(C(=O)OC5OC(CO)C(O)C(O)C5O)CCCC4(C)C2CCC1(OC1OC(CO)C(O)C(OC2OC(CO)C(O)C(O)C2O)C1O)C3,sweet,chemtastes_db,"[3,4,5-trihydroxy-6-(hydroxymethyl)oxan-2-yl] 13-[3,5-dihydroxy-6-(hydroxymethyl)-4-[3,4,5-trihydroxy-6-(hydroxymethyl)oxan-2-yl]oxyoxan-2-yl]oxy-5,9-dimethyl-14-methylidenetetracyclo[11.2.1.01,10.04,9]hexadecane-5-carboxylate"
CC(NC(=O)C(N)Cc1ccccc1)C(=O)NC(CC(N)=O)C(=O)NC(CCCCN)C(=O)O,CC(NC(=O)C(N)Cc1ccccc1)C(=O)NC(CC(N)=O)C(=O)NC(CCCCN)C(=O)O,sweet,flavor_db,6-amino-2-[[4-amino-2-[2-[(2-amino-3-phenylpropanoyl)amino]propanoylamino]-4-oxobutanoyl]amino]hexanoic acid
CC1OC(OC2C(OC3C(OC4CCC5(C)C(CCC6(C)C5CC=C5C7CC(C)(C)CC(O)C7(C)C(=O)CC56C)C4(C)C)OC(C(=O)O)C(O)C3O)OCC(O)C2O)C(O)C(O)C1O,CC1OC(OC2C(OC3C(OC4CCC5(C)C(CCC6(C)C5CC=C5C7CC(C)(C)CC(O)C7(C)C(=O)CC56C)C4(C)C)OC(C(=O)O)C(O)C3O)OCC(O)C2O)C(O)C(O)C1O,sweet,flavor_db,"5-[4,5-dihydroxy-3-(3,4,5-trihydroxy-6-methyloxan-2-yl)oxyoxan-2-yl]oxy-3,4-dihydroxy-6-[(9-hydroxy-4,4,6a,6b,8a,11,11,14b-octamethyl-8-oxo-2,3,4a,5,6,7,9,10,12,12a,14,14a-dodecahydro-1H-picen-3-yl)oxy]oxane-2-carboxylic acid"
NC(CO)C(=O)NCC(=O)NC(CC(=O)O)C(=O)NC(Cc1ccccc1)C(=O)O,NC(CO)C(=O)NCC(=O)NC(CC(=O)O)C(=O)NC(Cc1ccccc1)C(=O)O,sweet,flavor_db,3-[[2-[(2-amino-3-hydroxypropanoyl)amino]acetyl]amino]-4-[(1-carboxy-2-phenylethyl)amino]-4-oxobutanoic acid
CC(=O)CCc1ccc2c(c1)OCO2,CC(=O)CCc1ccc2c(c1)OCO2,sweet,flavor_db,"4-(1,3-benzodioxol-5-yl)butan-2-one"
CC(C)CCOC(=O)CC(C)C,CC(C)CCOC(=O)CC(C)C,sweet,flavor_db,3-methylbutyl 3-methylbutanoate
CC1OC(OC2C(OC3CCC4(C)C(CCC5(C)C4CC=C4C6CC(C)(CO)CCC6(C(=O)O)CCC45C)C3(C)CO)OC(CO)C(O)C2O)C(O)C(OC2OC(C(=O)O)C(O)C(O)C2O)C1O,CC1OC(OC2C(OC3CCC4(C)C(CCC5(C)C4CC=C4C6CC(C)(CO)CCC6(C(=O)O)CCC45C)C3(C)CO)OC(CO)C(O)C2O)C(O)C(OC2OC(C(=O)O)C(O)C(O)C2O)C1O,sweet,flavor_db,"6-[2-[2-[[8a-carboxy-4,11-bis(hydroxymethyl)-4,6a,6b,11,14b-pentamethyl-1,2,3,4a,5,6,7,8,9,10,12,12a,14,14a-tetradecahydropicen-3-yl]oxy]-4,5-dihydroxy-6-(hydroxymethyl)oxan-3-yl]oxy-3,5-dihydroxy-6-methyloxan-4-yl]oxy-3,4,5-trihydroxyoxane-2-carboxylic acid"
COc1ccc(C2Cc3cccc(OC(C)=O)c3C(=O)O2)cc1OC(C)=O,COc1ccc(C2Cc3cccc(OC(C)=O)c3C(=O)O2)cc1OC(C)=O,sweet,chemtastes_db,"[3-(3-acetyloxy-4-methoxyphenyl)-1-oxo-3,4-dihydroisochromen-8-yl] acetate"
O=c1c(CO)c(-c2ccc(OC3OC(CO)C(O)C(O)C3O)c(O)c2)oc2cc(OC3OC(CO)C(O)C(O)C3O)cc(O)c12,O=c1c(CO)c(-c2ccc(OC3OC(CO)C(O)C(O)C3O)c(O)c2)oc2cc(OC3OC(CO)C(O)C(O)C3O)cc(O)c12,sweet,flavor_db,"5-hydroxy-3-(hydroxymethyl)-2-[3-hydroxy-4-[3,4,5-trihydroxy-6-(hydroxymethyl)oxan-2-yl]oxyphenyl]-7-[3,4,5-trihydroxy-6-(hydroxymethyl)oxan-2-yl]oxychromen-4-one"
CC(O)C(O)COP(=O)(O)OP(=O)(O)OCC1OC(n2cnc3c(N)ncnc32)C(OP(=O)(O)O)C1O,CC(O)C(O)COP(=O)(O)OP(=O)(O)OCC1OC(n2cnc3c(N)ncnc32)C(OP(=O)(O)O)C1O,sweet,flavor_db,"[[5-(6-aminopurin-9-yl)-3-hydroxy-4-phosphonooxyoxolan-2-yl]methoxy-hydroxyphosphoryl] 2,3-dihydroxybutyl hydrogen phosphate"
COC(=O)C1(C)CCC2(C(=O)OC3OC(CO)C(O)C(O)C3O)CCC3(C)C(=CCC4C5(C)CCC(OC6OC(C(=O)O)C(O)C(O)C6OC6OC(CO)C(O)C(O)C6O)C(C)(C)C5CCC43C)C2C1,COC(=O)C1(C)CCC2(C(=O)OC3OC(CO)C(O)C(O)C3O)CCC3(C)C(=CCC4C5(C)CCC(OC6OC(C(=O)O)C(O)C(O)C6OC6OC(CO)C(O)C(O)C6O)C(C)(C)C5CCC43C)C2C1,sweet,flavor_db,"3,4-dihydroxy-6-[[11-methoxycarbonyl-4,4,6a,6b,11,14b-hexamethyl-8a-[3,4,5-trihydroxy-6-(hydroxymethyl)oxan-2-yl]oxycarbonyl-1,2,3,4a,5,6,7,8,9,10,12,12a,14,14a-tetradecahydropicen-3-yl]oxy]-5-[3,4,5-trihydroxy-6-(hydroxymethyl)oxan-2-yl]oxyoxane-2-carboxylic acid"
O=C(CO)C(O)CC(O)CO,O=C(CO)C(O)CC(O)CO,sweet,flavor_db,"1,3,5,6-tetrahydroxyhexan-2-one"
CCCCc1nc(N)c2ncn(C3OC(COP(=O)(O)O)C(O)C3O)c2n1,CCCCc1nc(N)c2ncn(C3OC(COP(=O)(O)O)C(O)C3O)c2n1,sweet,flavor_db,"[5-(6-amino-2-butylpurin-9-yl)-3,4-dihydroxyoxolan-2-yl]methyl dihydrogen phosphate"
Nc1ncnc2c1ncn2C1OC(CO)C(OP(=O)(O)OP(=O)(O)OP(=O)(O)O)C1O,Nc1ncnc2c1ncn2C1OC(CO)C(OP(=O)(O)OP(=O)(O)OP(=O)(O)O)C1O,sweet,flavor_db,[5-(6-aminopurin-9-yl)-4-hydroxy-2-(hydroxymethyl)oxolan-3-yl] [hydroxy(phosphonooxy)phosphoryl] hydrogen phosphate
COC(=O)C(Cc1ccccc1)NC(=O)C(C)NC(=O)Cc1ccccc1,COC(=O)C(Cc1ccccc1)NC(=O)C(C)NC(=O)Cc1ccccc1,sweet,flavor_db,methyl 3-phenyl-2-[2-[(2-phenylacetyl)amino]propanoylamino]propanoate
COC1(C)OCC2OC(OC3(CO)OC(CO)C(O)C3O)C(O)C(O)C2O1,COC1(C)OCC2OC(OC3(CO)OC(CO)C(O)C3O)C(O)C(O)C2O1,sweet,flavor_db,"6-[3,4-dihydroxy-2,5-bis(hydroxymethyl)oxolan-2-yl]oxy-2-methoxy-2-methyl-4,4a,6,7,8,8a-hexahydropyrano[3,2-d][1,3]dioxine-7,8-diol"
CCOP(=O)(O)c1nc(N)nc2c1ncn2C1OC(CO)C(O)C1(C)O,CCOP(=O)(O)c1nc(N)nc2c1ncn2C1OC(CO)C(O)C1(C)O,sweet,flavor_db,"[2-amino-9-[3,4-dihydroxy-5-(hydroxymethyl)-3-methyloxolan-2-yl]purin-6-yl]-ethoxyphosphinic acid"
CCC(C)C(N)C(=O)NC(CC(N)=O)C(=O)NC(CC(C)C)C(=O)NC(Cc1ccccc1)C(=O)O,CCC(C)C(N)C(=O)NC(CC(N)=O)C(=O)NC(CC(C)C)C(=O)NC(Cc1ccccc1)C(=O)O,sweet,flavor_db,2-[[2-[[4-amino-2-[(2-amino-3-methylpentanoyl)amino]-4-oxobutanoyl]amino]-4-methylpentanoyl]amino]-3-phenylpropanoic acid
CCOC1OC(C(O)CO)C(O)C(O)C1O,CCOC1OC(C(O)CO)C(O)C(O)C1O,sweet,flavor_db,"2-(1,2-dihydroxyethyl)-6-ethoxyoxane-3,4,5-triol"
COc1ccc(C(=O)c2ccccc2C(=O)O)cc1O,COc1ccc(C(=O)c2ccccc2C(=O)O)cc1O,sweet,chemtastes_db,2-(3-hydroxy-4-methoxybenzoyl)benzoic acid
CCC(C)C(NC(=O)C(CO)NC(=O)C(N)CC(=O)O)C(=O)NC(Cc1ccccc1)C(=O)O,CCC(C)C(NC(=O)C(CO)NC(=O)C(N)CC(=O)O)C(=O)NC(Cc1ccccc1)C(=O)O,sweet,flavor_db,3-amino-4-[[1-[[1-[(1-carboxy-2-phenylethyl)amino]-3-methyl-1-oxopentan-2-yl]amino]-3-hydroxy-1-oxopropan-2-yl]amino]-4-oxobutanoic acid
CC(NC(=O)C(CCCCN)NC(=O)C(N)CC(N)=O)C(=O)NC(Cc1ccccc1)C(=O)O,CC(NC(=O)C(CCCCN)NC(=O)C(N)CC(N)=O)C(=O)NC(Cc1ccccc1)C(=O)O,sweet,flavor_db,"2-[2-[[6-amino-2-[(2,4-diamino-4-oxobutanoyl)amino]hexanoyl]amino]propanoylamino]-3-phenylpropanoic acid"
O=c1c(CO)c(-c2ccc(OC3OC(CO)C(O)C(O)C3O)c(O)c2)oc2cc(OC3OC(CO)C(O)C(O)C3OC3OC(CO)C(O)C(O)C3O)cc(O)c12,O=c1c(CO)c(-c2ccc(OC3OC(CO)C(O)C(O)C3O)c(O)c2)oc2cc(OC3OC(CO)C(O)C(O)C3OC3OC(CO)C(O)C(O)C3O)cc(O)c12,sweet,flavor_db,"7-[4,5-dihydroxy-6-(hydroxymethyl)-3-[3,4,5-trihydroxy-6-(hydroxymethyl)oxan-2-yl]oxyoxan-2-yl]oxy-5-hydroxy-3-(hydroxymethyl)-2-[3-hydroxy-4-[3,4,5-trihydroxy-6-(hydroxymethyl)oxan-2-yl]oxyphenyl]chromen-4-one"
CCCOCC1(O)OCC(O)C(O)C1O,CCCOCC1(O)OCC(O)C(O)C1O,sweet,flavor_db,"2-(propoxymethyl)oxane-2,3,4,5-tetrol"
NC(=O)CC(N)C(=O)NC(Cc1ccccc1)C(=O)O,NC(=O)CC(N)C(=O)NC(Cc1ccccc1)C(=O)O,sweet,flavor_db,"2-[(2,4-diamino-4-oxobutanoyl)amino]-3-phenylpropanoic acid"
COc1cc(-c2oc3cc(O)cc(O)c3c(=O)c2OC2OC(COC3OC(CO)C(O)C(O)C3O)C(O)C(O)C2O)cc(OC)c1O,COc1cc(-c2oc3cc(O)cc(O)c3c(=O)c2OC2OC(COC3OC(CO)C(O)C(O)C3O)C(O)C(O)C2O)cc(OC)c1O,sweet,flavor_db,"5,7-dihydroxy-2-(4-hydroxy-3,5-dimethoxyphenyl)-3-[3,4,5-trihydroxy-6-[[3,4,5-trihydroxy-6-(hydroxymethyl)oxan-2-yl]oxymethyl]oxan-2-yl]oxychromen-4-one"
COc1ccc2c(c1O)c(=O)oc1ccccc12,COc1ccc2c(c1O)c(=O)oc1ccccc12,sweet,flavor_db,7-hydroxy-8-methoxybenzo[c]chromen-6-one
NCCCCC(NC(=O)C(Cc1ccccc1)NC(=O)CNC(=O)C(N)CC(N)=O)C(=O)O,NCCCCC(NC(=O)C(Cc1ccccc1)NC(=O)CNC(=O)C(N)CC(N)=O)C(=O)O,sweet,flavor_db,"6-amino-2-[[2-[[2-[(2,4-diamino-4-oxobutanoyl)amino]acetyl]amino]-3-phenylpropanoyl]amino]hexanoic acid"
CCCNP1(=O)OCC2OC(n3cnc4c(N)ncnc43)C(O)C2O1,CCCNP1(=O)OCC2OC(n3cnc4c(N)ncnc43)C(O)C2O1,sweet,flavor_db,"6-(6-aminopurin-9-yl)-2-oxo-2-(propylamino)-4a,6,7,7a-tetrahydro-4H-furo[3,2-d][1,3,2]dioxaphosphinin-7-ol"
Nc1ncnc2c1ncn2C1OC(COP(=O)(O)OP(=O)(O)C(Cl)(P(=O)(O)O)P(=O)(O)O)C(O)C1O,Nc1ncnc2c1ncn2C1OC(COP(=O)(O)OP(=O)(O)C(Cl)(P(=O)(O)O)P(=O)(O)O)C(O)C1O,sweet,flavor_db,"[[[[5-(6-aminopurin-9-yl)-3,4-dihydroxyoxolan-2-yl]methoxy-hydroxyphosphoryl]oxy-hydroxyphosphoryl]-chloro-phosphonomethyl]phosphonic acid"
CC(=O)OCC1OC(Oc2ccc3c(c2O)OC(c2ccc(O)c(O)c2)CC3=O)C(OC(C)=O)C(O)C1OC(C)=O,CC(=O)OCC1OC(Oc2ccc3c(c2O)OC(c2ccc(O)c(O)c2)CC3=O)C(OC(C)=O)C(O)C1OC(C)=O,sweet,flavor_db,"[3,5-diacetyloxy-6-[[2-(3,4-dihydroxyphenyl)-8-hydroxy-4-oxo-2,3-dihydrochromen-7-yl]oxy]-4-hydroxyoxan-2-yl]methyl acetate"
CC(C)CC(NC(=O)CNC(=O)C(Cc1ccccc1)NC(=O)C(N)CC(N)=O)C(=O)O,CC(C)CC(NC(=O)CNC(=O)C(Cc1ccccc1)NC(=O)C(N)CC(N)=O)C(=O)O,sweet,flavor_db,"2-[[2-[[2-[(2,4-diamino-4-oxobutanoyl)amino]-3-phenylpropanoyl]amino]acetyl]amino]-4-methylpentanoic acid"
CCOC1OC(CO)C(OC)C(O)C1O,CCOC1OC(CO)C(OC)C(O)C1O,sweet,flavor_db,"2-ethoxy-6-(hydroxymethyl)-5-methoxyoxane-3,4-diol"
CCCCCCCCCC(=O)OCC,CCCCCCCCCC(=O)OCC,sweet,flavor_db,ethyl decanoate
CCCCCCCCOCC1OC(COCCCCCCCC)(OC2OC(CO)C(O)C(O)C2O)C(OCCCCCCCC)C1OCCCCCCCC,CCCCCCCCOCC1OC(COCCCCCCCC)(OC2OC(CO)C(O)C(O)C2O)C(OCCCCCCCC)C1OCCCCCCCC,sweet,flavor_db,"2-[3,4-dioctoxy-2,5-bis(octoxymethyl)oxolan-2-yl]oxy-6-(hydroxymethyl)oxane-3,4,5-triol"
CCCCCCCC1OCC(O)C(C(O)C(O)CO)O1,CCCCCCCC1OCC(O)C(C(O)C(O)CO)O1,sweet,flavor_db,"1-(2-heptyl-5-hydroxy-1,3-dioxan-4-yl)propane-1,2,3-triol"
NC(=O)CC(N)C(=O)NCC(=O)NC(CO)C(=O)NC(Cc1ccccc1)C(=O)O,NC(=O)CC(N)C(=O)NCC(=O)NC(CO)C(=O)NC(Cc1ccccc1)C(=O)O,sweet,flavor_db,"2-[[2-[[2-[(2,4-diamino-4-oxobutanoyl)amino]acetyl]amino]-3-hydroxypropanoyl]amino]-3-phenylpropanoic acid"
COC(=O)C(Cc1ccccc1)NC(=O)C(C)NC(=O)CC1CCCC1,COC(=O)C(Cc1ccccc1)NC(=O)C(C)NC(=O)CC1CCCC1,sweet,flavor_db,methyl 2-[2-[(2-cyclopentylacetyl)amino]propanoylamino]-3-phenylpropanoate
O=c1cc(-c2ccc(OC3OC(CO)C(O)C(O)C3O)c(O)c2)oc2cc(O)c(C3OC(CO)C(O)C(O)C3O)c(O)c12,O=c1cc(-c2ccc(OC3OC(CO)C(O)C(O)C3O)c(O)c2)oc2cc(O)c(C3OC(CO)C(O)C(O)C3O)c(O)c12,sweet,flavor_db,"5,7-dihydroxy-2-[3-hydroxy-4-[3,4,5-trihydroxy-6-(hydroxymethyl)oxan-2-yl]oxyphenyl]-6-[3,4,5-trihydroxy-6-(hydroxymethyl)oxan-2-yl]chromen-4-one"
CCCCC(NC(=O)C(N)CC(=O)O)C(=O)OCC,CCCCC(NC(=O)C(N)CC(=O)O)C(=O)OCC,sweet,chemtastes_db,3-amino-4-[(1-ethoxy-1-oxohexan-2-yl)amino]-4-oxobutanoic acid
OCC1OC(OC2C(O)OC(CO)C(O)C2O)C(O)C1O,OCC1OC(OC2C(O)OC(CO)C(O)C2O)C(O)C1O,sweet,flavor_db,"3-[3,4-dihydroxy-5-(hydroxymethyl)oxolan-2-yl]oxy-6-(hydroxymethyl)oxane-2,4,5-triol"
OCC1OC(OC2C(CO)OC(OC3C(CO)OC(O)C(F)C3O)C(O)C2O)C(O)C(O)C1O,OCC1OC(OC2C(CO)OC(OC3C(CO)OC(O)C(F)C3O)C(O)C2O)C(O)C(O)C1O,sweet,flavor_db,"2-[6-[5-fluoro-4,6-dihydroxy-2-(hydroxymethyl)oxan-3-yl]oxy-4,5-dihydroxy-2-(hydroxymethyl)oxan-3-yl]oxy-6-(hydroxymethyl)oxane-3,4,5-triol"
CC(C)OP1(=S)OCC2OC(n3cnc4c(N)nc(N)nc43)C(O)C2O1,CC(C)OP1(=S)OCC2OC(n3cnc4c(N)nc(N)nc43)C(O)C2O1,sweet,flavor_db,"6-(2,6-diaminopurin-9-yl)-2-propan-2-yloxy-2-sulfanylidene-4a,6,7,7a-tetrahydro-4H-furo[3,2-d][1,3,2]dioxaphosphinin-7-ol"
O=C(COc1cccc(C2OCc3ccccc3S2)c1)c1ccc([N+](=O)[O-])cc1,O=C(COc1cccc(C2OCc3ccccc3S2)c1)c1ccc([N+](=O)[O-])cc1,sweet,chemtastes_db,"2-[3-(4H-3,1-benzoxathiin-2-yl)phenoxy]-1-(4-nitrophenyl)ethanone"
CCCCCCOCC(O)COC1OC(CO)C(O)C(O)C1O,CCCCCCOCC(O)COC1OC(CO)C(O)C(O)C1O,sweet,flavor_db,"2-(3-hexoxy-2-hydroxypropoxy)-6-(hydroxymethyl)oxane-3,4,5-triol"
O=c1cc(-c2ccc(O)c(OC3OC(CO)C(O)C(O)C3O)c2)oc2cc(O)c(C3OC(OC4OC(CO)C(O)C(O)C4O)C(O)C(O)C3O)c(O)c12,O=c1cc(-c2ccc(O)c(OC3OC(CO)C(O)C(O)C3O)c2)oc2cc(O)c(C3OC(OC4OC(CO)C(O)C(O)C4O)C(O)C(O)C3O)c(O)c12,sweet,flavor_db,"5,7-dihydroxy-2-[4-hydroxy-3-[3,4,5-trihydroxy-6-(hydroxymethyl)oxan-2-yl]oxyphenyl]-6-[3,4,5-trihydroxy-6-[3,4,5-trihydroxy-6-(hydroxymethyl)oxan-2-yl]oxyoxan-2-yl]chromen-4-one"
CCC(C)C(NC(=O)C(N)CC(=O)O)C(=O)NC(Cc1ccccc1)C(=O)NC(CC(=O)O)C(=O)O,CCC(C)C(NC(=O)C(N)CC(=O)O)C(=O)NC(Cc1ccccc1)C(=O)NC(CC(=O)O)C(=O)O,sweet,flavor_db,2-[[2-[[2-[(2-amino-3-carboxypropanoyl)amino]-3-methylpentanoyl]amino]-3-phenylpropanoyl]amino]butanedioic acid
C=CCOC(=O)CCCCCCC,C=CCOC(=O)CCCCCCC,sweet,flavor_db,prop-2-enyl octanoate
CC(N)C(=O)NC(Cc1ccccc1)C(=O)O,CC(N)C(=O)NC(Cc1ccccc1)C(=O)O,sweet,flavor_db,2-(2-aminopropanoylamino)-3-phenylpropanoic acid
CC(O)C(NC(=O)C(CC(=O)O)NC(=O)C(N)CC(N)=O)C(=O)NC(Cc1ccccc1)C(=O)O,CC(O)C(NC(=O)C(CC(=O)O)NC(=O)C(N)CC(N)=O)C(=O)NC(Cc1ccccc1)C(=O)O,sweet,flavor_db,"4-[[1-[(1-carboxy-2-phenylethyl)amino]-3-hydroxy-1-oxobutan-2-yl]amino]-3-[(2,4-diamino-4-oxobutanoyl)amino]-4-oxobutanoic acid"
NCCCCC(NC(=O)C(CCCCN)NC(=O)C(CC(N)=O)NC(=O)C(N)Cc1ccccc1)C(=O)O,NCCCCC(NC(=O)C(CCCCN)NC(=O)C(CC(N)=O)NC(=O)C(N)Cc1ccccc1)C(=O)O,sweet,flavor_db,6-amino-2-[[6-amino-2-[[4-amino-2-[(2-amino-3-phenylpropanoyl)amino]-4-oxobutanoyl]amino]hexanoyl]amino]hexanoic acid
CCCCOC(=O)C1OC(OC2CCC3(C)C(CCC4(C)C3C(=O)C=C3C5CC(C)(C(=O)O)CCC5(C)CCC34C)C2(C)C)C(OC2OC(C(=O)OCC)C(O)C(O)C2O)C(O)C1O,CCCCOC(=O)C1OC(OC2CCC3(C)C(CCC4(C)C3C(=O)C=C3C5CC(C)(C(=O)O)CCC5(C)CCC34C)C2(C)C)C(OC2OC(C(=O)OCC)C(O)C(O)C2O)C(O)C1O,sweet,flavor_db,"10-[6-butoxycarbonyl-3-(6-ethoxycarbonyl-3,4,5-trihydroxyoxan-2-yl)oxy-4,5-dihydroxyoxan-2-yl]oxy-2,4a,6a,6b,9,9,12a-heptamethyl-13-oxo-3,4,5,6,6a,7,8,8a,10,11,12,14b-dodecahydro-1H-picene-2-carboxylic acid"
COC1OC(C(O)C(O)CO)C(O)C(O)C1O,COC1OC(C(O)C(O)CO)C(O)C(O)C1O,sweet,flavor_db,"2-methoxy-6-(1,2,3-trihydroxypropyl)oxane-3,4,5-triol"
CC(C)CC(NC(=O)C(Cc1ccccc1)NC(=O)C(CC(=O)O)NC(=O)CN)C(=O)O,CC(C)CC(NC(=O)C(Cc1ccccc1)NC(=O)C(CC(=O)O)NC(=O)CN)C(=O)O,sweet,flavor_db,2-[[2-[[2-[(2-aminoacetyl)amino]-3-carboxypropanoyl]amino]-3-phenylpropanoyl]amino]-4-methylpentanoic acid
O=CC(O)C(O)C(=O)C(O)CO,O=CC(O)C(O)C(=O)C(O)CO,sweet,flavor_db,"2,3,5,6-tetrahydroxy-4-oxohexanal"
NCCCCC(NC(=O)C(CC(=O)O)NC(=O)C(CC(=O)O)NC(=O)C(N)Cc1ccccc1)C(=O)O,NCCCCC(NC(=O)C(CC(=O)O)NC(=O)C(CC(=O)O)NC(=O)C(N)Cc1ccccc1)C(=O)O,sweet,flavor_db,6-amino-2-[[2-[[2-[(2-amino-3-phenylpropanoyl)amino]-3-carboxypropanoyl]amino]-3-carboxypropanoyl]amino]hexanoic acid
COc1ccc(C2CSc3ccccc3O2)cc1O,COc1ccc(C2CSc3ccccc3O2)cc1O,sweet,chemtastes_db,"5-(2,3-dihydro-1,4-benzoxathiin-2-yl)-2-methoxyphenol"
COc1ccc(C2Cc3ccccc3CO2)cc1O,COc1ccc(C2Cc3ccccc3CO2)cc1O,sweet,chemtastes_db,"5-(3,4-dihydro-1H-isochromen-3-yl)-2-methoxyphenol"
NCCCCOP(N)(=O)OCC1OC(n2cnc3c(N)ncnc32)C(O)C1O,NCCCCOP(N)(=O)OCC1OC(n2cnc3c(N)ncnc32)C(O)C1O,sweet,flavor_db,"2-[[amino(4-aminobutoxy)phosphoryl]oxymethyl]-5-(6-aminopurin-9-yl)oxolane-3,4-diol"
CCCOc1nc(N)c2ncn(C3OC(COP(=O)(O)O)C(O)C3O)c2n1,CCCOc1nc(N)c2ncn(C3OC(COP(=O)(O)O)C(O)C3O)c2n1,sweet,flavor_db,"[5-(6-amino-2-propoxypurin-9-yl)-3,4-dihydroxyoxolan-2-yl]methyl dihydrogen phosphate"
Nc1ncnc2c1ncn2C1OC(COP(=O)(O)O)C(OCC(O)CO)C1O,Nc1ncnc2c1ncn2C1OC(COP(=O)(O)O)C(OCC(O)CO)C1O,sweet,flavor_db,"[5-(6-aminopurin-9-yl)-3-(2,3-dihydroxypropoxy)-4-hydroxyoxolan-2-yl]methyl dihydrogen phosphate"
COC1CC(O)OC(C)C1OC1OC(C)C(OC2OC(CO)C(O)C(O)C2O)C(OC)C1O,COC1CC(O)OC(C)C1OC1OC(C)C(OC2OC(CO)C(O)C(O)C2O)C(OC)C1O,sweet,flavor_db,"2-[5-hydroxy-6-(6-hydroxy-4-methoxy-2-methyloxan-3-yl)oxy-4-methoxy-2-methyloxan-3-yl]oxy-6-(hydroxymethyl)oxane-3,4,5-triol"
COC(=O)C1(C)CCC2(C)CCC3(C)C(=CC(=O)C4C5(C)CCC(OC6OC(COC7OC(C(=O)O)C(O)C(O)C7O)C(O)C(O)C6O)C(C)(C)C5CCC43C)C2C1,COC(=O)C1(C)CCC2(C)CCC3(C)C(=CC(=O)C4C5(C)CCC(OC6OC(COC7OC(C(=O)O)C(O)C(O)C7O)C(O)C(O)C6O)C(C)(C)C5CCC43C)C2C1,sweet,flavor_db,"3,4,5-trihydroxy-6-[[3,4,5-trihydroxy-6-[(11-methoxycarbonyl-4,4,6a,6b,8a,11,14b-heptamethyl-14-oxo-2,3,4a,5,6,7,8,9,10,12,12a,14a-dodecahydro-1H-picen-3-yl)oxy]oxan-2-yl]methoxy]oxane-2-carboxylic acid"
OCC(O)C(O)C(OC1OC(CO)C(OC2OC(CO)C(OC3OC(CO)C(O)C(O)C3O)C(O)C2O)C(O)C1O)C(O)CO,OCC(O)C(O)C(OC1OC(CO)C(OC2OC(CO)C(OC3OC(CO)C(O)C(O)C3O)C(O)C2O)C(O)C1O)C(O)CO,sweet,flavor_db,"4-[5-[3,4-dihydroxy-6-(hydroxymethyl)-5-[3,4,5-trihydroxy-6-(hydroxymethyl)oxan-2-yl]oxyoxan-2-yl]oxy-3,4-dihydroxy-6-(hydroxymethyl)oxan-2-yl]oxyhexane-1,2,3,5,6-pentol"
CC1OC(OC2CC3C(=O)CC4(C)C(=CCC5C6(C)CCC(OC7OCC(O)C(O)C7O)C(C)(C=O)C6CCC54C)C3CC2(C)C)C(O)C(O)C1OC1OC(C(=O)O)C(O)C(O)C1O,CC1OC(OC2CC3C(=O)CC4(C)C(=CCC5C6(C)CCC(OC7OCC(O)C(O)C7O)C(C)(C=O)C6CCC54C)C3CC2(C)C)C(O)C(O)C1OC1OC(C(=O)O)C(O)C(O)C1O,sweet,flavor_db,"6-[6-[[9-formyl-2,2,6a,6b,9,12a-hexamethyl-5-oxo-10-(3,4,5-trihydroxyoxan-2-yl)oxy-1,3,4,4a,6,6a,7,8,8a,10,11,12,13,14b-tetradecahydropicen-3-yl]oxy]-4,5-dihydroxy-2-methyloxan-3-yl]oxy-3,4,5-trihydroxyoxane-2-carboxylic acid"
CC(C)C(NC(=O)C(CC(=O)O)NC(=O)C(CC(=O)O)NC(=O)C(N)Cc1ccccc1)C(=O)O,CC(C)C(NC(=O)C(CC(=O)O)NC(=O)C(CC(=O)O)NC(=O)C(N)Cc1ccccc1)C(=O)O,sweet,flavor_db,2-[[2-[[2-[(2-amino-3-phenylpropanoyl)amino]-3-carboxypropanoyl]amino]-3-carboxypropanoyl]amino]-3-methylbutanoic acid
COc1ccc(-c2coc3cc(OC4OC(CO)C(O)C(O)C4O)ccc3c2=O)cc1OC,COc1ccc(-c2coc3cc(OC4OC(CO)C(O)C(O)C4O)ccc3c2=O)cc1OC,sweet,flavor_db,"3-(3,4-dimethoxyphenyl)-7-[3,4,5-trihydroxy-6-(hydroxymethyl)oxan-2-yl]oxychromen-4-one"
Nc1ncnc2c1ncn2C1OC(CO)C(O)C1OP(N)O,Nc1ncnc2c1ncn2C1OC(CO)C(O)C1OP(N)O,sweet,flavor_db,[2-(6-aminopurin-9-yl)-4-hydroxy-5-(hydroxymethyl)oxolan-3-yl]oxyphosphonamidous acid
CC(C)CC(N)C(=O)NC(CC(=O)O)C(=O)NC(CC(=O)O)C(=O)NC(Cc1ccccc1)C(=O)O,CC(C)CC(N)C(=O)NC(CC(=O)O)C(=O)NC(CC(=O)O)C(=O)NC(Cc1ccccc1)C(=O)O,sweet,flavor_db,3-[(2-amino-4-methylpentanoyl)amino]-4-[[3-carboxy-1-[(1-carboxy-2-phenylethyl)amino]-1-oxopropan-2-yl]amino]-4-oxobutanoic acid
CC(C)CC(NC(=O)C(Cc1ccccc1)NC(=O)C(CC(=O)O)NC(=O)C(N)Cc1ccccc1)C(=O)O,CC(C)CC(NC(=O)C(Cc1ccccc1)NC(=O)C(CC(=O)O)NC(=O)C(N)Cc1ccccc1)C(=O)O,sweet,flavor_db,2-[[2-[[2-[(2-amino-3-phenylpropanoyl)amino]-3-carboxypropanoyl]amino]-3-phenylpropanoyl]amino]-4-methylpentanoic acid
CCC(C)C(NC(=O)C(Cc1ccccc1)NC(=O)C(CCC(N)=O)NC(=O)C(N)CC(=O)O)C(=O)O,CCC(C)C(NC(=O)C(Cc1ccccc1)NC(=O)C(CCC(N)=O)NC(=O)C(N)CC(=O)O)C(=O)O,sweet,flavor_db,2-[[2-[[5-amino-2-[(2-amino-3-carboxypropanoyl)amino]-5-oxopentanoyl]amino]-3-phenylpropanoyl]amino]-3-methylpentanoic acid
COC1OC(C(O)O)CC(O)C1O,COC1OC(C(O)O)CC(O)C1O,sweet,flavor_db,"6-(dihydroxymethyl)-2-methoxyoxane-3,4-diol"
COC1OCC(O)C(O)C1O,COC1OCC(O)C(O)C1O,sweet,chemtastes_db,"2-methoxyoxane-3,4,5-triol"
CC(C)C(NC(=O)C(CC(=O)O)NC(=O)C(CCCCN)NC(=O)C(N)Cc1ccccc1)C(=O)O,CC(C)C(NC(=O)C(CC(=O)O)NC(=O)C(CCCCN)NC(=O)C(N)Cc1ccccc1)C(=O)O,sweet,flavor_db,2-[[2-[[6-amino-2-[(2-amino-3-phenylpropanoyl)amino]hexanoyl]amino]-3-carboxypropanoyl]amino]-3-methylbutanoic acid
CCCCCCCCCCC(OC1OC(CO)C(O)C(O)C1O)C(O)CO,CCCCCCCCCCC(OC1OC(CO)C(O)C(O)C1O)C(O)CO,sweet,flavor_db,"2-(1,2-dihydroxytridecan-3-yloxy)-6-(hydroxymethyl)oxane-3,4,5-triol"
CC(=O)C1CCC2C3CCC4CC(OC5OC(COC6OC(CO)C(O)C(O)C6O)C(O)C(O)C5OC5OC(CO)C(O)C(O)C5O)CCC4(C)C3CCC12C,CC(=O)C1CCC2C3CCC4CC(OC5OC(COC6OC(CO)C(O)C(O)C6O)C(O)C(O)C5OC5OC(CO)C(O)C(O)C5O)CCC4(C)C3CCC12C,sweet,flavor_db,"1-[3-[4,5-dihydroxy-3-[3,4,5-trihydroxy-6-(hydroxymethyl)oxan-2-yl]oxy-6-[[3,4,5-trihydroxy-6-(hydroxymethyl)oxan-2-yl]oxymethyl]oxan-2-yl]oxy-10,13-dimethyl-2,3,4,5,6,7,8,9,11,12,14,15,16,17-tetradecahydro-1H-cyclopenta[a]phenanthren-17-yl]ethanone"
CC(C)CC(NC(=O)C(N)CC(=O)O)C(=O)NC(CC(C)C)C(=O)NC(Cc1ccccc1)C(=O)O,CC(C)CC(NC(=O)C(N)CC(=O)O)C(=O)NC(CC(C)C)C(=O)NC(Cc1ccccc1)C(=O)O,sweet,flavor_db,3-amino-4-[[1-[[1-[(1-carboxy-2-phenylethyl)amino]-4-methyl-1-oxopentan-2-yl]amino]-4-methyl-1-oxopentan-2-yl]amino]-4-oxobutanoic acid
CC(C)CC(NC(=O)C(CC(=O)O)NC(=O)C1CCCN1)C(=O)NC(Cc1ccccc1)C(=O)O,CC(C)CC(NC(=O)C(CC(=O)O)NC(=O)C1CCCN1)C(=O)NC(Cc1ccccc1)C(=O)O,sweet,flavor_db,4-[[1-[(1-carboxy-2-phenylethyl)amino]-4-methyl-1-oxopentan-2-yl]amino]-4-oxo-3-(pyrrolidine-2-carbonylamino)butanoic acid
CCCCOP(=O)(O)OP(=O)(OCCCC)OCC1OC(n2cnc3c(N)ncnc32)C(O)C1O,CCCCOP(=O)(O)OP(=O)(OCCCC)OCC1OC(n2cnc3c(N)ncnc32)C(O)C1O,sweet,flavor_db,"[5-(6-aminopurin-9-yl)-3,4-dihydroxyoxolan-2-yl]methyl [butoxy(hydroxy)phosphoryl] butyl phosphate"
CC1CCC(C(C)C2CCC3C4CC(=O)C5CC(OC6OC(CO)C(O)C(O)C6OC6OC(C)C(O)C(O)C6O)CCC5(C)C4CCC23C)OC1OC1OC(C)C(O)C(O)C1O,CC1CCC(C(C)C2CCC3C4CC(=O)C5CC(OC6OC(CO)C(O)C(O)C6OC6OC(C)C(O)C(O)C6O)CCC5(C)C4CCC23C)OC1OC1OC(C)C(O)C(O)C1O,sweet,chemtastes_db,"3-[4,5-dihydroxy-6-(hydroxymethyl)-3-(3,4,5-trihydroxy-6-methyloxan-2-yl)oxyoxan-2-yl]oxy-10,13-dimethyl-17-[1-[5-methyl-6-(3,4,5-trihydroxy-6-methyloxan-2-yl)oxyoxan-2-yl]ethyl]-1,2,3,4,5,7,8,9,11,12,14,15,16,17-tetradecahydrocyclopenta[a]phenanthren-6-one"
CC(NC(=O)C(N)CO)C(=O)NC(CC(=O)O)C(=O)NC(Cc1ccccc1)C(=O)O,CC(NC(=O)C(N)CO)C(=O)NC(CC(=O)O)C(=O)NC(Cc1ccccc1)C(=O)O,sweet,flavor_db,3-[2-[(2-amino-3-hydroxypropanoyl)amino]propanoylamino]-4-[(1-carboxy-2-phenylethyl)amino]-4-oxobutanoic acid
CC1(C(=O)O)CCC2(C(=O)O)C(O)CC3(C)C(=CCC4C5(C)CCC(OC6OC(C(=O)O)C(O)C(OC7OCC(O)C(O)C7O)C6OC6OCC(O)C(O)C6O)C(C)(C)C5CCC43C)C2C1,CC1(C(=O)O)CCC2(C(=O)O)C(O)CC3(C)C(=CCC4C5(C)CCC(OC6OC(C(=O)O)C(O)C(OC7OCC(O)C(O)C7O)C6OC6OCC(O)C(O)C6O)C(C)(C)C5CCC43C)C2C1,sweet,flavor_db,"10-[6-carboxy-5-hydroxy-3,4-bis[(3,4,5-trihydroxyoxan-2-yl)oxy]oxan-2-yl]oxy-5-hydroxy-2,6a,6b,9,9,12a-hexamethyl-1,3,4,5,6,6a,7,8,8a,10,11,12,13,14b-tetradecahydropicene-2,4a-dicarboxylic acid"
CC(=O)OC1OC(C)C(O)C(OC(C)=O)C1OC(C)=O,CC(=O)OC1OC(C)C(O)C(OC(C)=O)C1OC(C)=O,sweet,flavor_db,"(2,3-diacetyloxy-5-hydroxy-6-methyloxan-4-yl) acetate"
CC1(C(=O)OC2OC(CO)C(O)C(O)C2O)CC(O)C2(C)CCC3(C)C(=CCC4C5(C)CCC(OC6OC(C(=O)O)C(O)C(O)C6OC6OC(CO)C(O)C(O)C6O)C(C)(CO)C5CCC43C)C2C1,CC1(C(=O)OC2OC(CO)C(O)C(O)C2O)CC(O)C2(C)CCC3(C)C(=CCC4C5(C)CCC(OC6OC(C(=O)O)C(O)C(O)C6OC6OC(CO)C(O)C(O)C6O)C(C)(CO)C5CCC43C)C2C1,sweet,flavor_db,"3,4-dihydroxy-6-[[9-hydroxy-4-(hydroxymethyl)-4,6a,6b,8a,11,14b-hexamethyl-11-[3,4,5-trihydroxy-6-(hydroxymethyl)oxan-2-yl]oxycarbonyl-1,2,3,4a,5,6,7,8,9,10,12,12a,14,14a-tetradecahydropicen-3-yl]oxy]-5-[3,4,5-trihydroxy-6-(hydroxymethyl)oxan-2-yl]oxyoxane-2-carboxylic acid"
CC(NC(=O)C(Cc1ccccc1)NC(=O)C(N)CCCCN)C(=O)NC(CC(=O)O)C(=O)O,CC(NC(=O)C(Cc1ccccc1)NC(=O)C(N)CCCCN)C(=O)NC(CC(=O)O)C(=O)O,sweet,flavor_db,"2-[2-[[2-(2,6-diaminohexanoylamino)-3-phenylpropanoyl]amino]propanoylamino]butanedioic acid"
Nc1ncnc2c1ncn2C1OC(COP(=O)(O)C(=O)O)C(O)C1O,Nc1ncnc2c1ncn2C1OC(COP(=O)(O)C(=O)O)C(O)C1O,sweet,flavor_db,"[[5-(6-aminopurin-9-yl)-3,4-dihydroxyoxolan-2-yl]methoxy-hydroxyphosphoryl]formic acid"
COc1cc(-c2oc3cc(O)cc(O)c3c(=O)c2OC2OCC(O)C(O)C2O)ccc1O,COc1cc(-c2oc3cc(O)cc(O)c3c(=O)c2OC2OCC(O)C(O)C2O)ccc1O,sweet,flavor_db,"5,7-dihydroxy-2-(4-hydroxy-3-methoxyphenyl)-3-(3,4,5-trihydroxyoxan-2-yl)oxychromen-4-one"
O=C(O)CNC(=Nc1cc(Cl)cc(Cl)c1)NCc1ccccc1,O=C(O)CNC(=Nc1cc(Cl)cc(Cl)c1)NCc1ccccc1,sweet,chemtastes_db,"2-[[N'-benzyl-N-(3,5-dichlorophenyl)carbamimidoyl]amino]acetic acid"
NCCOCCOCCNc1ncnc2c1ncn2C1OC(COP(=O)(O)O)C(O)C1O,NCCOCCOCCNc1ncnc2c1ncn2C1OC(COP(=O)(O)O)C(O)C1O,sweet,flavor_db,"[5-[6-[2-[2-(2-aminoethoxy)ethoxy]ethylamino]purin-9-yl]-3,4-dihydroxyoxolan-2-yl]methyl dihydrogen phosphate"
CCC1CCC(CC)O1,CCC1CCC(CC)O1,sweet,flavor_db,"2,5-diethyloxolane"
OCC1OC(O)C(O)C(O)C1OC1(CO)OCC(O)C(O)C1O,OCC1OC(O)C(O)C(O)C1OC1(CO)OCC(O)C(O)C1O,sweet,flavor_db,"2-(hydroxymethyl)-2-[4,5,6-trihydroxy-2-(hydroxymethyl)oxan-3-yl]oxyoxane-3,4,5-triol"
NCCCCC(N)C(=O)NC(Cc1ccccc1)C(=O)NC(CCCCN)C(=O)NC(CC(N)=O)C(=O)O,NCCCCC(N)C(=O)NC(Cc1ccccc1)C(=O)NC(CCCCN)C(=O)NC(CC(N)=O)C(=O)O,sweet,flavor_db,"4-amino-2-[[6-amino-2-[[2-(2,6-diaminohexanoylamino)-3-phenylpropanoyl]amino]hexanoyl]amino]-4-oxobutanoic acid"
NOCC1OC(O)C(O)C(O)C1O,NOCC1OC(O)C(O)C(O)C1O,sweet,flavor_db,"6-(aminooxymethyl)oxane-2,3,4,5-tetrol"
COC(=O)c1ccco1,COC(=O)c1ccco1,sweet,flavor_db,methyl furan-2-carboxylate
COc1cc(-c2oc3cc(O)cc(O)c3c(=O)c2OC2OC(C)C(O)C(O)C2O)cc(O)c1OC,COc1cc(-c2oc3cc(O)cc(O)c3c(=O)c2OC2OC(C)C(O)C(O)C2O)cc(O)c1OC,sweet,flavor_db,"5,7-dihydroxy-2-(3-hydroxy-4,5-dimethoxyphenyl)-3-(3,4,5-trihydroxy-6-methyloxan-2-yl)oxychromen-4-one"
COC1C(O)C(C)OC(O)C1O,COC1C(O)C(C)OC(O)C1O,sweet,flavor_db,"4-methoxy-6-methyloxane-2,3,5-triol"
CC1OC(OCC2OC(Cc3c(-c4ccc(O)c(O)c4)oc4cc(O)cc(O)c4c3=O)C(O)C(O)C2O)C(O)C(O)C1O,CC1OC(OCC2OC(Cc3c(-c4ccc(O)c(O)c4)oc4cc(O)cc(O)c4c3=O)C(O)C(O)C2O)C(O)C(O)C1O,sweet,flavor_db,"2-(3,4-dihydroxyphenyl)-5,7-dihydroxy-3-[[3,4,5-trihydroxy-6-[(3,4,5-trihydroxy-6-methyloxan-2-yl)oxymethyl]oxan-2-yl]methyl]chromen-4-one"
CC1OC(OCCOCCOCCO)C(O)C(O)C1O,CC1OC(OCCOCCOCCO)C(O)C(O)C1O,sweet,flavor_db,"2-[2-[2-(2-hydroxyethoxy)ethoxy]ethoxy]-6-methyloxane-3,4,5-triol"
C=C1CC23CCC4C(C)(C(=O)OC5OC(CO)C(OC6OC(CO)C(OC7OC(CO)C(OC8OC(CO)C(O)C(O)C8O)C(O)C7O)C(O)C6O)C(O)C5O)CCCC4(C)C2CCC1(OC1OC(CO)C(OC2OC(CO)C(O)C(O)C2O)C(O)C1O)C3,C=C1CC23CCC4C(C)(C(=O)OC5OC(CO)C(OC6OC(CO)C(OC7OC(CO)C(OC8OC(CO)C(O)C(O)C8O)C(O)C7O)C(O)C6O)C(O)C5O)CCCC4(C)C2CCC1(OC1OC(CO)C(OC2OC(CO)C(O)C(O)C2O)C(O)C1O)C3,sweet,flavor_db,"[5-[5-[3,4-dihydroxy-6-(hydroxymethyl)-5-[3,4,5-trihydroxy-6-(hydroxymethyl)oxan-2-yl]oxyoxan-2-yl]oxy-3,4-dihydroxy-6-(hydroxymethyl)oxan-2-yl]oxy-3,4-dihydroxy-6-(hydroxymethyl)oxan-2-yl] 13-[3,4-dihydroxy-6-(hydroxymethyl)-5-[3,4,5-trihydroxy-6-(hydroxymethyl)oxan-2-yl]oxyoxan-2-yl]oxy-5,9-dimethyl-14-methylidenetetracyclo[11.2.1.01,10.04,9]hexadecane-5-carboxylate"
CC(NC(=O)C(CCC(N)=O)NC(=O)CN)C(=O)NC(Cc1ccccc1)C(=O)O,CC(NC(=O)C(CCC(N)=O)NC(=O)CN)C(=O)NC(Cc1ccccc1)C(=O)O,sweet,flavor_db,2-[2-[[5-amino-2-[(2-aminoacetyl)amino]-5-oxopentanoyl]amino]propanoylamino]-3-phenylpropanoic acid
O=C1c2c(O)cc(OC3OC(O)C(O)C(O)C3O)cc2OC(c2ccc(O)c(O)c2)C1O,O=C1c2c(O)cc(OC3OC(O)C(O)C(O)C3O)cc2OC(c2ccc(O)c(O)c2)C1O,sweet,flavor_db,"2-(3,4-dihydroxyphenyl)-3,5-dihydroxy-7-(3,4,5,6-tetrahydroxyoxan-2-yl)oxy-2,3-dihydrochromen-4-one"
COC1(C)CC(O)OC(C)C1O,COC1(C)CC(O)OC(C)C1O,sweet,flavor_db,"4-methoxy-4,6-dimethyloxane-2,5-diol"
COC1C2OCC(O2)C(O)C1OC,COC1C2OCC(O2)C(O)C1OC,sweet,flavor_db,"3,4-dimethoxy-6,8-dioxabicyclo[3.2.1]octan-2-ol"
[CH2]C(O)C(O)C(O)CO,[CH2]C(O)C(O)C(O)CO,sweet,flavor_db,"pentane-1,2,3,4-tetrol"
Nc1ncnc2c1ncn2C1OC(COP(=O)(O)O)C(OP(=O)(O)OP(=O)(O)OP(=O)(O)O)C1O,Nc1ncnc2c1ncn2C1OC(COP(=O)(O)O)C(OP(=O)(O)OP(=O)(O)OP(=O)(O)O)C1O,sweet,flavor_db,[5-(6-aminopurin-9-yl)-4-hydroxy-2-(phosphonooxymethyl)oxolan-3-yl] [hydroxy(phosphonooxy)phosphoryl] hydrogen phosphate
CCCCNC(=O)CCC(=O)NC(Cc1ccccc1)C(=O)OC,CCCCNC(=O)CCC(=O)NC(Cc1ccccc1)C(=O)OC,sweet,flavor_db,methyl 2-[[4-(butylamino)-4-oxobutanoyl]amino]-3-phenylpropanoate
CC(C)CC(NC(=O)C[NH3+])C(=O)NC(Cc1ccccc1)C(=O)[O-],CC(C)CC(NC(=O)C[NH3+])C(=O)NC(Cc1ccccc1)C(=O)[O-],sweet,flavor_db,2-[[2-[(2-azaniumylacetyl)amino]-4-methylpentanoyl]amino]-3-phenylpropanoate
CCC(C)C(NC(=O)C(CC(=O)O)NC(=O)CNC(=O)C(N)Cc1ccccc1)C(=O)O,CCC(C)C(NC(=O)C(CC(=O)O)NC(=O)CNC(=O)C(N)Cc1ccccc1)C(=O)O,sweet,flavor_db,2-[[2-[[2-[(2-amino-3-phenylpropanoyl)amino]acetyl]amino]-3-carboxypropanoyl]amino]-3-methylpentanoic acid
OCC1OC(OC2COCC(O)C2O)C(O)C(O)C1O,OCC1OC(OC2COCC(O)C2O)C(O)C(O)C1O,sweet,flavor_db,"2-(4,5-dihydroxyoxan-3-yl)oxy-6-(hydroxymethyl)oxane-3,4,5-triol"
CC1OC(OC2C(OC3OC(CO)C(O)C(O)C3O)OC(C(=O)OC3CCC4(C)C(CCC5(C)C4CC=C4C6CC(C)(C)C(O)CC6(C)CCC45C)C3(C)CO)C(O)C2O)C(O)C(O)C1O,CC1OC(OC2C(OC3OC(CO)C(O)C(O)C3O)OC(C(=O)OC3CCC4(C)C(CCC5(C)C4CC=C4C6CC(C)(C)C(O)CC6(C)CCC45C)C3(C)CO)C(O)C2O)C(O)C(O)C1O,sweet,flavor_db,"[10-hydroxy-4-(hydroxymethyl)-4,6a,6b,8a,11,11,14b-heptamethyl-1,2,3,4a,5,6,7,8,9,10,12,12a,14,14a-tetradecahydropicen-3-yl] 3,4-dihydroxy-6-[3,4,5-trihydroxy-6-(hydroxymethyl)oxan-2-yl]oxy-5-(3,4,5-trihydroxy-6-methyloxan-2-yl)oxyoxane-2-carboxylate"
COc1ccc(C2CC(=O)c3c(O)cc(OC4OC(COC5OC(C)C(O)C(O)C5O)C(O)C(O)C4O)cc3O2)cc1OC,COc1ccc(C2CC(=O)c3c(O)cc(OC4OC(COC5OC(C)C(O)C(O)C5O)C(O)C(O)C4O)cc3O2)cc1OC,sweet,flavor_db,"2-(3,4-dimethoxyphenyl)-5-hydroxy-7-[3,4,5-trihydroxy-6-[(3,4,5-trihydroxy-6-methyloxan-2-yl)oxymethyl]oxan-2-yl]oxy-2,3-dihydrochromen-4-one"
CC(=O)c1ccc(C)cc1C,CC(=O)c1ccc(C)cc1C,sweet,flavor_db,"1-(2,4-dimethylphenyl)ethanone"
COC(=O)C(Cc1ccccc1)NC(=O)C(CC(=O)O)NC(=S)Nc1ccc([N+](=O)[O-])cc1,COC(=O)C(Cc1ccccc1)NC(=O)C(CC(=O)O)NC(=S)Nc1ccc([N+](=O)[O-])cc1,sweet,chemtastes_db,4-[(1-methoxy-1-oxo-3-phenylpropan-2-yl)amino]-3-[(4-nitrophenyl)carbamothioylamino]-4-oxobutanoic acid
Nc1ccc(OC2CC2)c([N+](=O)[O-])c1,Nc1ccc(OC2CC2)c([N+](=O)[O-])c1,sweet,flavor_db,4-cyclopropyloxy-3-nitroaniline
OCC(O)C(O)C(OC1(CO)OC(COC2OC(CO)C(O)C(O)C2O)C(O)C1O)C(O)COC1OC(CO)C(O)C(O)C1O,OCC(O)C(O)C(OC1(CO)OC(COC2OC(CO)C(O)C(O)C2O)C(O)C1O)C(O)COC1OC(CO)C(O)C(O)C1O,sweet,flavor_db,"4-[3,4-dihydroxy-2-(hydroxymethyl)-5-[[3,4,5-trihydroxy-6-(hydroxymethyl)oxan-2-yl]oxymethyl]oxolan-2-yl]oxy-6-[3,4,5-trihydroxy-6-(hydroxymethyl)oxan-2-yl]oxyhexane-1,2,3,5-tetrol"
NC(Cc1ccccc1)C(=O)NC(CC(=O)O)C(=O)NC(CC(=O)O)C(=O)NCC(=O)O,NC(Cc1ccccc1)C(=O)NC(CC(=O)O)C(=O)NC(CC(=O)O)C(=O)NCC(=O)O,sweet,flavor_db,3-[(2-amino-3-phenylpropanoyl)amino]-4-[[3-carboxy-1-(carboxymethylamino)-1-oxopropan-2-yl]amino]-4-oxobutanoic acid
COc1cc(-c2oc3cc(O)cc(O)c3c(=O)c2OC2OC(COC3OC(C)C(O)C(O)C3O)C(O)C(O)C2O)ccc1O,COc1cc(-c2oc3cc(O)cc(O)c3c(=O)c2OC2OC(COC3OC(C)C(O)C(O)C3O)C(O)C(O)C2O)ccc1O,sweet,flavor_db,"5,7-dihydroxy-2-(4-hydroxy-3-methoxyphenyl)-3-[3,4,5-trihydroxy-6-[(3,4,5-trihydroxy-6-methyloxan-2-yl)oxymethyl]oxan-2-yl]oxychromen-4-one"
NC(CC(=O)O)C(=O)NCC(=O)NC(CCC(=O)O)C(=O)NC(Cc1ccccc1)C(=O)O,NC(CC(=O)O)C(=O)NCC(=O)NC(CCC(=O)O)C(=O)NC(Cc1ccccc1)C(=O)O,sweet,flavor_db,4-[[2-[(2-amino-3-carboxypropanoyl)amino]acetyl]amino]-5-[(1-carboxy-2-phenylethyl)amino]-5-oxopentanoic acid
O=C(C=Cc1ccccc1)OCCCc1ccccc1,O=C(C=Cc1ccccc1)OCCCc1ccccc1,sweet,flavor_db,3-phenylpropyl 3-phenylprop-2-enoate
CCC(C)C(NC(=O)C(Cc1ccccc1)NC(=O)C(N)CC(=O)O)C(=O)NC(C(=O)O)C(C)C,CCC(C)C(NC(=O)C(Cc1ccccc1)NC(=O)C(N)CC(=O)O)C(=O)NC(C(=O)O)C(C)C,sweet,flavor_db,2-[[2-[[2-[(2-amino-3-carboxypropanoyl)amino]-3-phenylpropanoyl]amino]-3-methylpentanoyl]amino]-3-methylbutanoic acid
CC(NC(=O)C(N)Cc1ccccc1)C(=O)NCC(=O)NC(CC(=O)O)C(=O)O,CC(NC(=O)C(N)Cc1ccccc1)C(=O)NCC(=O)NC(CC(=O)O)C(=O)O,sweet,flavor_db,2-[[2-[2-[(2-amino-3-phenylpropanoyl)amino]propanoylamino]acetyl]amino]butanedioic acid
COC(=O)C(Cc1ccccc1)NC(=O)C(C)NC(=O)CNC(=O)OC(C)(C)C,COC(=O)C(Cc1ccccc1)NC(=O)C(C)NC(=O)CNC(=O)OC(C)(C)C,sweet,flavor_db,methyl 2-[2-[[2-[(2-methylpropan-2-yl)oxycarbonylamino]acetyl]amino]propanoylamino]-3-phenylpropanoate
COc1ccc(C=O)cc1OC,COc1ccc(C=O)cc1OC,sweet,flavor_db,"3,4-dimethoxybenzaldehyde"
COC1OC(CO)C(OC(C)=O)C(OC(C)=O)C1OC(C)=O,COC1OC(CO)C(OC(C)=O)C(OC(C)=O)C1OC(C)=O,sweet,flavor_db,"[4,5-diacetyloxy-2-(hydroxymethyl)-6-methoxyoxan-3-yl] acetate"
O=c1cc(-c2ccc(O)cc2)oc2c(OC3OCC(O)C(O)C3O)c(O)c(OC3OCC(O)C(O)C3O)c(O)c12,O=c1cc(-c2ccc(O)cc2)oc2c(OC3OCC(O)C(O)C3O)c(O)c(OC3OCC(O)C(O)C3O)c(O)c12,sweet,flavor_db,"5,7-dihydroxy-2-(4-hydroxyphenyl)-6,8-bis[(3,4,5-trihydroxyoxan-2-yl)oxy]chromen-4-one"
COC1C(O)C(COP(=O)(O)O)OC1n1cnc2c(N)ncnc21,COC1C(O)C(COP(=O)(O)O)OC1n1cnc2c(N)ncnc21,sweet,flavor_db,[5-(6-aminopurin-9-yl)-3-hydroxy-4-methoxyoxolan-2-yl]methyl dihydrogen phosphate
CC1(C(=O)O)CCC2(C)CCC3(C)C(=CC(=O)C4C5(C)CCC(OC6OC(C(=O)O)C(O)C(O)C6O)C(C)(C)C5CCC43C)C2C1,CC1(C(=O)O)CCC2(C)CCC3(C)C(=CC(=O)C4C5(C)CCC(OC6OC(C(=O)O)C(O)C(O)C6O)C(C)(C)C5CCC43C)C2C1,sweet,chemtastes_db,"6-[(11-carboxy-4,4,6a,6b,8a,11,14b-heptamethyl-14-oxo-2,3,4a,5,6,7,8,9,10,12,12a,14a-dodecahydro-1H-picen-3-yl)oxy]-3,4,5-trihydroxyoxane-2-carboxylic acid"
CCOC(=O)C(Cc1ccccc1)NC(=O)CNC(=O)C(C)N,CCOC(=O)C(Cc1ccccc1)NC(=O)CNC(=O)C(C)N,sweet,flavor_db,ethyl 2-[[2-(2-aminopropanoylamino)acetyl]amino]-3-phenylpropanoate
CCCC(=O)CC(=O)OCC,CCCC(=O)CC(=O)OCC,sweet,flavor_db,ethyl 3-oxohexanoate
OCC1OC(OCCCCOC2CC(O)C(O)C(CO)O2)CC(O)C1O,OCC1OC(OCCCCOC2CC(O)C(O)C(CO)O2)CC(O)C1O,sweet,flavor_db,"6-[4-[4,5-dihydroxy-6-(hydroxymethyl)oxan-2-yl]oxybutoxy]-2-(hydroxymethyl)oxane-3,4-diol"
CC(C)=CCc1cc(-c2oc3cc(OC4OC(CO)C(O)C(O)C4OC4OC(CO)C(O)C(O)C4O)cc(O)c3c(=O)c2CO)cc(O)c1OC1OC(CO)C(O)C(O)C1O,CC(C)=CCc1cc(-c2oc3cc(OC4OC(CO)C(O)C(O)C4OC4OC(CO)C(O)C(O)C4O)cc(O)c3c(=O)c2CO)cc(O)c1OC1OC(CO)C(O)C(O)C1O,sweet,flavor_db,"7-[4,5-dihydroxy-6-(hydroxymethyl)-3-[3,4,5-trihydroxy-6-(hydroxymethyl)oxan-2-yl]oxyoxan-2-yl]oxy-5-hydroxy-3-(hydroxymethyl)-2-[3-hydroxy-5-(3-methylbut-2-enyl)-4-[3,4,5-trihydroxy-6-(hydroxymethyl)oxan-2-yl]oxyphenyl]chromen-4-one"
Nc1ccccc1C(=O)O,Nc1ccccc1C(=O)O,sweet,chemtastes_db,2-aminobenzoic acid
CC(N)C(=O)NC(C(=O)NC(Cc1ccccc1)C(=O)O)C(C)C,CC(N)C(=O)NC(C(=O)NC(Cc1ccccc1)C(=O)O)C(C)C,sweet,flavor_db,2-[[2-(2-aminopropanoylamino)-3-methylbutanoyl]amino]-3-phenylpropanoic acid
CCCCCOC1C(O)C(COP(N)O)OC1n1cnc2c(N)ncnc21,CCCCCOC1C(O)C(COP(N)O)OC1n1cnc2c(N)ncnc21,sweet,flavor_db,[5-(6-aminopurin-9-yl)-3-hydroxy-4-pentoxyoxolan-2-yl]methoxyphosphonamidous acid
COC1OC(CO)C(O)C(O)C1OC1C(O)C(O)OC(CO)C1O,COC1OC(CO)C(O)C(O)C1OC1C(O)C(O)OC(CO)C1O,sweet,flavor_db,"4-[4,5-dihydroxy-6-(hydroxymethyl)-2-methoxyoxan-3-yl]oxy-6-(hydroxymethyl)oxane-2,3,5-triol"
CCOC(=O)c1ccccc1NC,CCOC(=O)c1ccccc1NC,sweet,flavor_db,ethyl 2-(methylamino)benzoate
CC(O)C(NC(=O)C(N)CC(=O)O)C(=O)NC(C(=O)NC(Cc1ccccc1)C(=O)O)C(C)O,CC(O)C(NC(=O)C(N)CC(=O)O)C(=O)NC(C(=O)NC(Cc1ccccc1)C(=O)O)C(C)O,sweet,flavor_db,3-amino-4-[[1-[[1-[(1-carboxy-2-phenylethyl)amino]-3-hydroxy-1-oxobutan-2-yl]amino]-3-hydroxy-1-oxobutan-2-yl]amino]-4-oxobutanoic acid
COCC1OC(OC2OCC(O)C(O)C2OC)C(OC)C(O)C1O,COCC1OC(OC2OCC(O)C(O)C2OC)C(OC)C(O)C1O,sweet,flavor_db,"6-(4,5-dihydroxy-3-methoxyoxan-2-yl)oxy-5-methoxy-2-(methoxymethyl)oxane-3,4-diol"
CC(NC(=O)C(N)CC(=O)O)C(=O)NC1C(C)(C)S(=O)(=O)C1(C)C,CC(NC(=O)C(N)CC(=O)O)C(=O)NC1C(C)(C)S(=O)(=O)C1(C)C,sweet,chemtastes_db,"3-amino-4-oxo-4-[[1-oxo-1-[(2,2,4,4-tetramethyl-1,1-dioxothietan-3-yl)amino]propan-2-yl]amino]butanoic acid"
OCC1OC(OCC2OCC(O)C(O)C2O)C(O)C1O,OCC1OC(OCC2OCC(O)C(O)C2O)C(O)C1O,sweet,flavor_db,"2-[[3,4-dihydroxy-5-(hydroxymethyl)oxolan-2-yl]oxymethyl]oxane-3,4,5-triol"
CC(NC(=O)C(Cc1ccccc1)NC(=O)C(N)CC(N)=O)C(=O)NC(CC(N)=O)C(=O)O,CC(NC(=O)C(Cc1ccccc1)NC(=O)C(N)CC(N)=O)C(=O)NC(CC(N)=O)C(=O)O,sweet,flavor_db,"4-amino-2-[2-[[2-[(2,4-diamino-4-oxobutanoyl)amino]-3-phenylpropanoyl]amino]propanoylamino]-4-oxobutanoic acid"
CCCCCOC1C(O)OC(C)C(O)C1O,CCCCCOC1C(O)OC(C)C(O)C1O,sweet,flavor_db,"6-methyl-3-pentoxyoxane-2,4,5-triol"
O=C(C(O)CO)C(O)C(O)C(O)CO,O=C(C(O)CO)C(O)C(O)C(O)CO,sweet,flavor_db,"1,2,4,5,6,7-hexahydroxyheptan-3-one"
Nc1ncnc2c1ncn2C1OC(C(O)OP(=O)(O)OP(=O)(O)OP(=O)(O)O)C(O)C1O,Nc1ncnc2c1ncn2C1OC(C(O)OP(=O)(O)OP(=O)(O)OP(=O)(O)O)C(O)C1O,sweet,flavor_db,"[[[5-(6-aminopurin-9-yl)-3,4-dihydroxyoxolan-2-yl]-hydroxymethoxy]-hydroxyphosphoryl] phosphono hydrogen phosphate"
OCC1OC(O)(CO)C(O)C1O,OCC1OC(O)(CO)C(O)C1O,sweet,chemtastes_db,"2,5-bis(hydroxymethyl)oxolane-2,3,4-triol"
CCCCC(=O)c1ccco1,CCCCC(=O)c1ccco1,sweet,flavor_db,1-(furan-2-yl)pentan-1-one
COC(=O)C1OC(OC2C(O)C(CO)OC(OC3CCC4(C)C(CCC5(C)C4CC=C4C6CC(C)(C)CCC6(C(=O)OC6OC(CO)C(O)C(O)C6O)CCC45C)C3(C)CO)C2O)C(O)C(O)C1O,COC(=O)C1OC(OC2C(O)C(CO)OC(OC3CCC4(C)C(CCC5(C)C4CC=C4C6CC(C)(C)CCC6(C(=O)OC6OC(CO)C(O)C(O)C6O)CCC45C)C3(C)CO)C2O)C(O)C(O)C1O,sweet,flavor_db,"methyl 6-[3,5-dihydroxy-2-(hydroxymethyl)-6-[[4-(hydroxymethyl)-4,6a,6b,11,11,14b-hexamethyl-8a-[3,4,5-trihydroxy-6-(hydroxymethyl)oxan-2-yl]oxycarbonyl-1,2,3,4a,5,6,7,8,9,10,12,12a,14,14a-tetradecahydropicen-3-yl]oxy]oxan-4-yl]oxy-3,4,5-trihydroxyoxane-2-carboxylate"
O=C(O)OC1OC(CO)C(O)C(O)C1O,O=C(O)OC1OC(CO)C(O)C(O)C1O,sweet,flavor_db,"[3,4,5-trihydroxy-6-(hydroxymethyl)oxan-2-yl] hydrogen carbonate"
CC1OC(OC2C(O)C(O)OC(CO)C2O)C(O)CC1O,CC1OC(OC2C(O)C(O)OC(CO)C2O)C(O)CC1O,sweet,flavor_db,"4-(3,5-dihydroxy-6-methyloxan-2-yl)oxy-6-(hydroxymethyl)oxane-2,3,5-triol"
CC(NC(=O)C(Cc1ccccc1)NC(=O)C(CC(=O)O)NC(=O)C(N)CCCCN)C(=O)O,CC(NC(=O)C(Cc1ccccc1)NC(=O)C(CC(=O)O)NC(=O)C(N)CCCCN)C(=O)O,sweet,flavor_db,"4-[[1-(1-carboxyethylamino)-1-oxo-3-phenylpropan-2-yl]amino]-3-(2,6-diaminohexanoylamino)-4-oxobutanoic acid"
OCC(O)COC1OCC(O)C(O)C1O,OCC(O)COC1OCC(O)C(O)C1O,sweet,flavor_db,"2-(2,3-dihydroxypropoxy)oxane-3,4,5-triol"
CCCCCC(C=O)=Cc1ccccc1,CCCCCC(C=O)=Cc1ccccc1,sweet,flavor_db,2-benzylideneheptanal
COc1cc(C2CC(=O)c3c(O)cc(OC4OC(CO)C(O)C(O)C4O)cc3O2)cc(OC)c1O,COc1cc(C2CC(=O)c3c(O)cc(OC4OC(CO)C(O)C(O)C4O)cc3O2)cc(OC)c1O,sweet,flavor_db,"5-hydroxy-2-(4-hydroxy-3,5-dimethoxyphenyl)-7-[3,4,5-trihydroxy-6-(hydroxymethyl)oxan-2-yl]oxy-2,3-dihydrochromen-4-one"
COC1C(O)C(COP(=O)(O)OP(=O)(O)OP(=O)(O)O)OC1n1cnc2c(N)ncnc21,COC1C(O)C(COP(=O)(O)OP(=O)(O)OP(=O)(O)O)OC1n1cnc2c(N)ncnc21,sweet,flavor_db,[[5-(6-aminopurin-9-yl)-3-hydroxy-4-methoxyoxolan-2-yl]methoxy-hydroxyphosphoryl] phosphono hydrogen phosphate
COc1nc2c(N)ncnc2n1C1CC(O)C(COP(=O)(O)O)O1,COc1nc2c(N)ncnc2n1C1CC(O)C(COP(=O)(O)O)O1,sweet,flavor_db,[5-(6-amino-8-methoxypurin-9-yl)-3-hydroxyoxolan-2-yl]methyl dihydrogen phosphate
OCC(O)C(O)C(CO)OC1OCC(O)C(O)C1O,OCC(O)C(O)C(CO)OC1OCC(O)C(O)C1O,sweet,flavor_db,"4-(3,4,5-trihydroxyoxan-2-yl)oxypentane-1,2,3,5-tetrol"
COc1ccc(-c2cc(=O)c3c(O)c(OC)c(OC4OC(CO)C(O)C(O)C4O)cc3o2)cc1O,COc1ccc(-c2cc(=O)c3c(O)c(OC)c(OC4OC(CO)C(O)C(O)C4O)cc3o2)cc1O,sweet,flavor_db,"5-hydroxy-2-(3-hydroxy-4-methoxyphenyl)-6-methoxy-7-[3,4,5-trihydroxy-6-(hydroxymethyl)oxan-2-yl]oxychromen-4-one"
COCCCOc1ccc([N+](=O)[O-])cc1N,COCCCOc1ccc([N+](=O)[O-])cc1N,sweet,flavor_db,2-(3-methoxypropoxy)-5-nitroaniline
COC(=O)C(NC(=O)C(N)CC(=O)O)C(=O)OC1CCCC(C)C1,COC(=O)C(NC(=O)C(N)CC(=O)O)C(=O)OC1CCCC(C)C1,sweet,chemtastes_db,"3-amino-4-[[1-methoxy-3-(3-methylcyclohexyl)oxy-1,3-dioxopropan-2-yl]amino]-4-oxobutanoic acid"
CCCOc1ccc([N+](=O)[O-])cc1[N+](=O)[O-],CCCOc1ccc([N+](=O)[O-])cc1[N+](=O)[O-],sweet,flavor_db,"2,4-dinitro-1-propoxybenzene"
Nc1ncnc2c1nc(N)n2C1OC2COP(=O)(O)OC2C1O,Nc1ncnc2c1nc(N)n2C1OC2COP(=O)(O)OC2C1O,sweet,flavor_db,"6-(6,8-diaminopurin-9-yl)-2-hydroxy-2-oxo-4a,6,7,7a-tetrahydro-4H-furo[3,2-d][1,3,2]dioxaphosphinin-7-ol"
COC(=O)CNC(=O)C(Cc1ccccc1)NC(=O)C(C)N,COC(=O)CNC(=O)C(Cc1ccccc1)NC(=O)C(C)N,sweet,flavor_db,methyl 2-[[2-(2-aminopropanoylamino)-3-phenylpropanoyl]amino]acetate
CCc1ccc(S(=O)(=O)C(C(=O)O)C(C)C)cc1,CCc1ccc(S(=O)(=O)C(C(=O)O)C(C)C)cc1,sweet,chemtastes_db,2-(4-ethylphenyl)sulfonyl-3-methylbutanoic acid
COCC1CC=C(C=NO)C1,COCC1CC=C(C=NO)C1,sweet,chemtastes_db,N-[[4-(methoxymethyl)cyclopenten-1-yl]methylidene]hydroxylamine
COC1(CO)OC(O)C(O)C(O)C1O,COC1(CO)OC(O)C(O)C(O)C1O,sweet,flavor_db,"6-(hydroxymethyl)-6-methoxyoxane-2,3,4,5-tetrol"
COc1cc(O)c2c(=O)c(OC3OC(COC4OC(CO)C(O)C(O)C4O)C(O)C(O)C3O)c(-c3ccc(O)c(O)c3)oc2c1,COc1cc(O)c2c(=O)c(OC3OC(COC4OC(CO)C(O)C(O)C4O)C(O)C(O)C3O)c(-c3ccc(O)c(O)c3)oc2c1,sweet,flavor_db,"2-(3,4-dihydroxyphenyl)-5-hydroxy-7-methoxy-3-[3,4,5-trihydroxy-6-[[3,4,5-trihydroxy-6-(hydroxymethyl)oxan-2-yl]oxymethyl]oxan-2-yl]oxychromen-4-one"
COC1CC(O)C(O)C(CO)O1,COC1CC(O)C(O)C(CO)O1,sweet,chemtastes_db,"2-(hydroxymethyl)-6-methoxyoxane-3,4-diol"
CCCCCCCCCCCCOC(=O)CC(NC(=O)C(NC(=O)C(C(C)C)N(C)C(=O)CCc1ccccc1)C(C)CC)C(=O)NC(CC(=O)O)C(=O)NC(CC(C)C)C(=O)O,CCCCCCCCCCCCOC(=O)CC(NC(=O)C(NC(=O)C(C(C)C)N(C)C(=O)CCc1ccccc1)C(C)CC)C(=O)NC(CC(=O)O)C(=O)NC(CC(C)C)C(=O)O,sweet,flavor_db,2-[[3-carboxy-2-[[4-dodecoxy-2-[[3-methyl-2-[[3-methyl-2-[methyl(3-phenylpropanoyl)amino]butanoyl]amino]pentanoyl]amino]-4-oxobutanoyl]amino]propanoyl]amino]-4-methylpentanoic acid
CCNc1ncnc2c1ncn2C1OC2COP(=O)(O)OC2C1O,CCNc1ncnc2c1ncn2C1OC2COP(=O)(O)OC2C1O,sweet,flavor_db,"6-[6-(ethylamino)purin-9-yl]-2-hydroxy-2-oxo-4a,6,7,7a-tetrahydro-4H-furo[3,2-d][1,3,2]dioxaphosphinin-7-ol"
COc1cc(O)c2c(=O)c3c(OC4OC(CO)C(O)C(O)C4O)c(O)ccc3oc2c1,COc1cc(O)c2c(=O)c3c(OC4OC(CO)C(O)C(O)C4O)c(O)ccc3oc2c1,sweet,flavor_db,"2,8-dihydroxy-6-methoxy-1-[3,4,5-trihydroxy-6-(hydroxymethyl)oxan-2-yl]oxyxanthen-9-one"
O=C1NS(=O)(=S)c2ccccc21,O=C1NS(=O)(=S)c2ccccc21,sweet,flavor_db,"1-oxo-1-sulfanylidene-1,2-benzothiazol-3-one"
CC(=O)C=O,CC(=O)C=O,sweet,flavor_db,2-oxopropanal
OCC1OC2OCCOC3C(OCCOC4C(OCCOC2C(O)C1O)OC(CO)C(O)C4O)OC(CO)C(O)C3O,OCC1OC2OCCOC3C(OCCOC4C(OCCOC2C(O)C1O)OC(CO)C(O)C4O)OC(CO)C(O)C3O,sweet,flavor_db,"8,18,28-tris(hydroxymethyl)-2,5,7,12,15,17,22,25,27-nonaoxatetracyclo[24.4.0.06,11.016,21]triacontane-9,10,19,20,29,30-hexol"
OCC1OC(OC2(C(O)F)OC(CO)C(O)C2O)C(O)C(O)C1O,OCC1OC(OC2(C(O)F)OC(CO)C(O)C2O)C(O)C(O)C1O,sweet,flavor_db,"2-[2-[fluoro(hydroxy)methyl]-3,4-dihydroxy-5-(hydroxymethyl)oxolan-2-yl]oxy-6-(hydroxymethyl)oxane-3,4,5-triol"
COC1C(O)C(CO)OC(O)(O)C1O,COC1C(O)C(CO)OC(O)(O)C1O,sweet,flavor_db,"6-(hydroxymethyl)-4-methoxyoxane-2,2,3,5-tetrol"
O=CC(O)(I)C(O)C(O)C(O)CO,O=CC(O)(I)C(O)C(O)C(O)CO,sweet,flavor_db,"2,3,4,5,6-pentahydroxy-2-iodohexanal"
CCOC(=O)CC(C)NC(=O)C(N)CC(=O)O,CCOC(=O)CC(C)NC(=O)C(N)CC(=O)O,sweet,chemtastes_db,3-amino-4-[(4-ethoxy-4-oxobutan-2-yl)amino]-4-oxobutanoic acid
Nc1ncnc2c1ncn2C1OC(COP2(=O)NCCCO2)C(O)C1O,Nc1ncnc2c1ncn2C1OC(COP2(=O)NCCCO2)C(O)C1O,sweet,flavor_db,"2-(6-aminopurin-9-yl)-5-[(2-oxo-1,3,2lambda5-oxazaphosphinan-2-yl)oxymethyl]oxolane-3,4-diol"
CCCCCCCCCCOCC(O)COC1OC(CO)C(O)C(O)C1O,CCCCCCCCCCOCC(O)COC1OC(CO)C(O)C(O)C1O,sweet,flavor_db,"2-(3-decoxy-2-hydroxypropoxy)-6-(hydroxymethyl)oxane-3,4,5-triol"
CC1OC(OC2C(OC3C(OC4CCC5(C)C(CCC6(C)C5CC=C5C7CC(C)(C)CC(=O)C7(C)CCC56C)C4(C)CO)OC(C(=O)O)C(O)C3O)OC(CO)C(O)C2O)C(O)C(O)C1O,CC1OC(OC2C(OC3C(OC4CCC5(C)C(CCC6(C)C5CC=C5C7CC(C)(C)CC(=O)C7(C)CCC56C)C4(C)CO)OC(C(=O)O)C(O)C3O)OC(CO)C(O)C2O)C(O)C(O)C1O,sweet,flavor_db,"5-[4,5-dihydroxy-6-(hydroxymethyl)-3-(3,4,5-trihydroxy-6-methyloxan-2-yl)oxyoxan-2-yl]oxy-3,4-dihydroxy-6-[[4-(hydroxymethyl)-4,6a,6b,8a,11,11,14b-heptamethyl-9-oxo-2,3,4a,5,6,7,8,10,12,12a,14,14a-dodecahydro-1H-picen-3-yl]oxy]oxane-2-carboxylic acid"
CC1=C(C)CC(C(=O)O)(S(=O)(=O)c2ccccc2)C(C)C1,CC1=C(C)CC(C(=O)O)(S(=O)(=O)c2ccccc2)C(C)C1,sweet,chemtastes_db,"1-(benzenesulfonyl)-3,4,6-trimethylcyclohex-3-ene-1-carboxylic acid"
Nc1ncnc2c1ncn2C1OC(COP(=O)=O)C(O)C1O,Nc1ncnc2c1ncn2C1OC(CO[P+](=O)[O-])C(O)C1O,sweet,flavor_db,"[5-(6-aminopurin-9-yl)-3,4-dihydroxyoxolan-2-yl]methoxy-oxido-oxophosphanium"
OCC1OC(OCCCCCCCl)C(O)C(O)C1O,OCC1OC(OCCCCCCCl)C(O)C(O)C1O,sweet,flavor_db,"2-(6-chlorohexoxy)-6-(hydroxymethyl)oxane-3,4,5-triol"
CCOC(=O)CC1NC(=O)C(Cc2ccccc2)NC1=O,CCOC(=O)CC1NC(=O)C(Cc2ccccc2)NC1=O,sweet,flavor_db,"ethyl 2-(5-benzyl-3,6-dioxopiperazin-2-yl)acetate"
COC1C(O)C(COP(=O)(O)CP(=O)(O)O)OC1n1cnc2c(N)ncnc21,COC1C(O)C(COP(=O)(O)CP(=O)(O)O)OC1n1cnc2c(N)ncnc21,sweet,flavor_db,[[5-(6-aminopurin-9-yl)-3-hydroxy-4-methoxyoxolan-2-yl]methoxy-hydroxyphosphoryl]methylphosphonic acid
CC(C)CC(N)C(=O)NC(CC(N)=O)C(=O)NC(Cc1ccccc1)C(=O)O,CC(C)CC(N)C(=O)NC(CC(N)=O)C(=O)NC(Cc1ccccc1)C(=O)O,sweet,flavor_db,2-[[4-amino-2-[(2-amino-4-methylpentanoyl)amino]-4-oxobutanoyl]amino]-3-phenylpropanoic acid
COc1ccc(C2Oc3cc(O)cc(O)c3C(=O)C2OC(C)=O)cc1O,COc1ccc(C2Oc3cc(O)cc(O)c3C(=O)C2OC(C)=O)cc1O,sweet,chemtastes_db,"[5,7-dihydroxy-2-(3-hydroxy-4-methoxyphenyl)-4-oxo-2,3-dihydrochromen-3-yl] acetate"
CC(C)C(N)C(=O)NC(CC(=O)O)C(=O)NC(Cc1ccccc1)C(=O)NC(CC(=O)O)C(=O)O,CC(C)C(N)C(=O)NC(CC(=O)O)C(=O)NC(Cc1ccccc1)C(=O)NC(CC(=O)O)C(=O)O,sweet,flavor_db,2-[[2-[[2-[(2-amino-3-methylbutanoyl)amino]-3-carboxypropanoyl]amino]-3-phenylpropanoyl]amino]butanedioic acid
CC(C)(C)CCC(CCC(C)(C)C)OC(=O)C(Cc1ccccc1)NC(=O)C(N)CC(=O)O,CC(C)(C)CCC(CCC(C)(C)C)OC(=O)C(Cc1ccccc1)NC(=O)C(N)CC(=O)O,sweet,flavor_db,"3-amino-4-oxo-4-[[1-oxo-3-phenyl-1-(2,2,8,8-tetramethylnonan-5-yloxy)propan-2-yl]amino]butanoic acid"
NC(CC(=O)O)C(=O)NC(CCC(=O)O)C(=O)NC(CC(=O)O)C(=O)NC(Cc1ccccc1)C(=O)O,NC(CC(=O)O)C(=O)NC(CCC(=O)O)C(=O)NC(CC(=O)O)C(=O)NC(Cc1ccccc1)C(=O)O,sweet,flavor_db,4-[(2-amino-3-carboxypropanoyl)amino]-5-[[3-carboxy-1-[(1-carboxy-2-phenylethyl)amino]-1-oxopropan-2-yl]amino]-5-oxopentanoic acid
CC1(C)CC(O)C2(CO)C(O)CC3(C)C(=CCC4C5(C)CCC(OC6OC(C(=O)O)C(O)C(OC7OC(CO)C(O)C(O)C7O)C6O)C(C)(CO)C5CCC43C)C2C1,CC1(C)CC(O)C2(CO)C(O)CC3(C)C(=CCC4C5(C)CCC(OC6OC(C(=O)O)C(O)C(OC7OC(CO)C(O)C(O)C7O)C6O)C(C)(CO)C5CCC43C)C2C1,sweet,flavor_db,"6-[[8,9-dihydroxy-4,8a-bis(hydroxymethyl)-4,6a,6b,11,11,14b-hexamethyl-1,2,3,4a,5,6,7,8,9,10,12,12a,14,14a-tetradecahydropicen-3-yl]oxy]-3,5-dihydroxy-4-[3,4,5-trihydroxy-6-(hydroxymethyl)oxan-2-yl]oxyoxane-2-carboxylic acid"
O=c1cc(-c2ccc(O)cc2)oc2c(O)c(OC3OCC(O)C(O)C3O)cc(O)c12,O=c1cc(-c2ccc(O)cc2)oc2c(O)c(OC3OCC(O)C(O)C3O)cc(O)c12,sweet,flavor_db,"5,8-dihydroxy-2-(4-hydroxyphenyl)-7-(3,4,5-trihydroxyoxan-2-yl)oxychromen-4-one"
OCC(O)COC1OC(COC2OC(CO)C(O)C(O)C2O)C(O)C(O)C1O,OCC(O)COC1OC(COC2OC(CO)C(O)C(O)C2O)C(O)C(O)C1O,sweet,flavor_db,"2-[[6-(2,3-dihydroxypropoxy)-3,4,5-trihydroxyoxan-2-yl]methoxy]-6-(hydroxymethyl)oxane-3,4,5-triol"
CCC(C)C(=O)OC(C)C1(O)CCC2(O)C3CCC4CC(OC5CC(O)C(OC6CC(OC)C(OC7CC(OC)C(OC8CC(OC)C(OC9OC(C)C(O)C(OC)C9O)C(C)O8)C(C)O7)C(C)O6)C(C)O5)CCC4(C)C3CC(OC(C)=O)C12C,CCC(C)C(=O)OC(C)C1(O)CCC2(O)C3CCC4CC(OC5CC(O)C(OC6CC(OC)C(OC7CC(OC)C(OC8CC(OC)C(OC9OC(C)C(O)C(OC)C9O)C(C)O8)C(C)O7)C(C)O6)C(C)O5)CCC4(C)C3CC(OC(C)=O)C12C,sweet,chemtastes_db,"1-[12-acetyloxy-3-[5-[5-[5-[5-(3,5-dihydroxy-4-methoxy-6-methyloxan-2-yl)oxy-4-methoxy-6-methyloxan-2-yl]oxy-4-methoxy-6-methyloxan-2-yl]oxy-4-methoxy-6-methyloxan-2-yl]oxy-4-hydroxy-6-methyloxan-2-yl]oxy-14,17-dihydroxy-10,13-dimethyl-2,3,4,5,6,7,8,9,11,12,15,16-dodecahydro-1H-cyclopenta[a]phenanthren-17-yl]ethyl 2-methylbutanoate"
COCC1OC(OC)C2OC(C)(C)OC2C1O,COCC1OC(OC)C2OC(C)(C)OC2C1O,sweet,flavor_db,"4-methoxy-6-(methoxymethyl)-2,2-dimethyl-4,6,7,7a-tetrahydro-3aH-[1,3]dioxolo[4,5-c]pyran-7-ol"
CC(NC(=O)C(N)CC(=O)O)C(=O)N1CCCC1C(=O)NC(Cc1ccccc1)C(=O)O,CC(NC(=O)C(N)CC(=O)O)C(=O)N1CCCC1C(=O)NC(Cc1ccccc1)C(=O)O,sweet,flavor_db,3-amino-4-[[1-[2-[(1-carboxy-2-phenylethyl)carbamoyl]pyrrolidin-1-yl]-1-oxopropan-2-yl]amino]-4-oxobutanoic acid
CC(N)C(=O)NC(CC(=O)O)C(=O)NC(CCCCN)C(=O)NC(Cc1ccccc1)C(=O)O,CC(N)C(=O)NC(CC(=O)O)C(=O)NC(CCCCN)C(=O)NC(Cc1ccccc1)C(=O)O,sweet,flavor_db,4-[[6-amino-1-[(1-carboxy-2-phenylethyl)amino]-1-oxohexan-2-yl]amino]-3-(2-aminopropanoylamino)-4-oxobutanoic acid
COc1c(O)cc(O)c2c(=O)cc(-c3ccccc3OC3OC(CO)C(O)C(O)C3O)oc12,COc1c(O)cc(O)c2c(=O)cc(-c3ccccc3OC3OC(CO)C(O)C(O)C3O)oc12,sweet,flavor_db,"5,7-dihydroxy-8-methoxy-2-[2-[3,4,5-trihydroxy-6-(hydroxymethyl)oxan-2-yl]oxyphenyl]chromen-4-one"
Nc1ncnc2c1ncn2C1OC(COP(=O)(O)OP(=O)(O)NP)C(O)C1O,Nc1ncnc2c1ncn2C1OC(COP(=O)(O)OP(=O)(O)NP)C(O)C1O,sweet,flavor_db,"[[5-(6-aminopurin-9-yl)-3,4-dihydroxyoxolan-2-yl]methoxy-hydroxyphosphoryl]oxy-N-phosphanylphosphonamidic acid"
O=S(=O)(O)OC1C(OC2OC(CO)C(O)C(O)C2O)OC(CO)C(O)C1O,O=S(=O)(O)OC1C(OC2OC(CO)C(O)C(O)C2O)OC(CO)C(O)C1O,sweet,flavor_db,"[4,5-dihydroxy-6-(hydroxymethyl)-2-[3,4,5-trihydroxy-6-(hydroxymethyl)oxan-2-yl]oxyoxan-3-yl] hydrogen sulfate"
C=CC(C)(CCC=C(C)C)OC(=O)Cc1ccccc1,C=CC(C)(CCC=C(C)C)OC(=O)Cc1ccccc1,sweet,flavor_db,"3,7-dimethylocta-1,6-dien-3-yl 2-phenylacetate"
CC(=O)NC(Cc1ccccc1)C(=O)NC(CCCCN)C(=O)O,CC(=O)NC(Cc1ccccc1)C(=O)NC(CCCCN)C(=O)O,sweet,flavor_db,2-[(2-acetamido-3-phenylpropanoyl)amino]-6-aminohexanoic acid
COc1c(OC2OC(CO)C(O)C(O)C2O)c(O)c2c(=O)cc(-c3ccc(O)c(O)c3)oc2c1OC,COc1c(OC2OC(CO)C(O)C(O)C2O)c(O)c2c(=O)cc(-c3ccc(O)c(O)c3)oc2c1OC,sweet,flavor_db,"2-(3,4-dihydroxyphenyl)-5-hydroxy-7,8-dimethoxy-6-[3,4,5-trihydroxy-6-(hydroxymethyl)oxan-2-yl]oxychromen-4-one"
CC(C)C(NC(=O)C(CC(N)=O)NC(=O)C(Cc1ccccc1)NC(=O)C(N)CC(=O)O)C(=O)O,CC(C)C(NC(=O)C(CC(N)=O)NC(=O)C(Cc1ccccc1)NC(=O)C(N)CC(=O)O)C(=O)O,sweet,flavor_db,2-[[4-amino-2-[[2-[(2-amino-3-carboxypropanoyl)amino]-3-phenylpropanoyl]amino]-4-oxobutanoyl]amino]-3-methylbutanoic acid
CC1OCC(O)CC1OC1OC(CO)C(O)C(O)C1O,CC1OCC(O)CC1OC1OC(CO)C(O)C(O)C1O,sweet,flavor_db,"2-(hydroxymethyl)-6-(5-hydroxy-2-methyloxan-3-yl)oxyoxane-3,4,5-triol"
COc1cc(O)c2c(=O)c(OC3OC(CO)C(O)C(O)C3O)c(-c3ccc(O)c(OC4OC(C)C(O)C(O)C4O)c3)oc2c1,COc1cc(O)c2c(=O)c(OC3OC(CO)C(O)C(O)C3O)c(-c3ccc(O)c(OC4OC(C)C(O)C(O)C4O)c3)oc2c1,sweet,flavor_db,"5-hydroxy-2-[4-hydroxy-3-(3,4,5-trihydroxy-6-methyloxan-2-yl)oxyphenyl]-7-methoxy-3-[3,4,5-trihydroxy-6-(hydroxymethyl)oxan-2-yl]oxychromen-4-one"
CC(NC(=O)C(CCC(N)=O)NC(=O)C(CC(=O)O)NC(=O)C(N)Cc1ccccc1)C(=O)O,CC(NC(=O)C(CCC(N)=O)NC(=O)C(CC(=O)O)NC(=O)C(N)Cc1ccccc1)C(=O)O,sweet,flavor_db,"4-[[5-amino-1-(1-carboxyethylamino)-1,5-dioxopentan-2-yl]amino]-3-[(2-amino-3-phenylpropanoyl)amino]-4-oxobutanoic acid"
Cc1ccc(N=NC(=NNc2ccccc2)c2ccccc2)cc1,Cc1ccc(N=NC(=NNc2ccccc2)c2ccccc2)cc1,sweet,flavor_db,N'-anilino-N-(4-methylphenyl)iminobenzenecarboximidamide
CCC(C)C(NC(=O)C(C)NC(=O)C(N)CC(=O)O)C(=O)NC(Cc1ccccc1)C(=O)O,CCC(C)C(NC(=O)C(C)NC(=O)C(N)CC(=O)O)C(=O)NC(Cc1ccccc1)C(=O)O,sweet,flavor_db,3-amino-4-[[1-[[1-[(1-carboxy-2-phenylethyl)amino]-3-methyl-1-oxopentan-2-yl]amino]-1-oxopropan-2-yl]amino]-4-oxobutanoic acid
CC(=O)OCC1OC(Oc2ccc(C(=O)C=Cc3ccc(O)c(O)c3)c(O)c2O)C(O)C(OC(C)=O)C1O,CC(=O)OCC1OC(Oc2ccc(C(=O)C=Cc3ccc(O)c(O)c3)c(O)c2O)C(O)C(OC(C)=O)C1O,sweet,flavor_db,"[4-acetyloxy-6-[4-[3-(3,4-dihydroxyphenyl)prop-2-enoyl]-2,3-dihydroxyphenoxy]-3,5-dihydroxyoxan-2-yl]methyl acetate"
CC(C)CC(NC(=O)C(Cc1ccccc1)NC(=O)CNC(=O)C(N)CC(N)=O)C(=O)O,CC(C)CC(NC(=O)C(Cc1ccccc1)NC(=O)CNC(=O)C(N)CC(N)=O)C(=O)O,sweet,flavor_db,"2-[[2-[[2-[(2,4-diamino-4-oxobutanoyl)amino]acetyl]amino]-3-phenylpropanoyl]amino]-4-methylpentanoic acid"
CC1OC(OCC2OC(Oc3cc(O)cc4c3C(=O)CC(c3ccc(O)c(O)c3)O4)C(O)C(O)C2O)C(O)C(O)C1O,CC1OC(OCC2OC(Oc3cc(O)cc4c3C(=O)CC(c3ccc(O)c(O)c3)O4)C(O)C(O)C2O)C(O)C(O)C1O,sweet,flavor_db,"2-(3,4-dihydroxyphenyl)-7-hydroxy-5-[3,4,5-trihydroxy-6-[(3,4,5-trihydroxy-6-methyloxan-2-yl)oxymethyl]oxan-2-yl]oxy-2,3-dihydrochromen-4-one"
COc1ccc(-c2coc3c(OC4OC(CO)C(O)C(O)C4O)c(OC)ccc3c2=O)cc1,COc1ccc(-c2coc3c(OC4OC(CO)C(O)C(O)C4O)c(OC)ccc3c2=O)cc1,sweet,flavor_db,"7-methoxy-3-(4-methoxyphenyl)-8-[3,4,5-trihydroxy-6-(hydroxymethyl)oxan-2-yl]oxychromen-4-one"
CC1OC(OC2C(O)C(CO)OC(OC3C(O)C(C(=O)O)OC(OC4CCC5(C)C(CCC6(C)C5CC=C5C7CC(C)(C)C(=O)CC7(CO)C(O)CC56C)C4(C)C)C3OC3OC(CO)C(O)C(O)C3O)C2O)C(O)C(O)C1O,CC1OC(OC2C(O)C(CO)OC(OC3C(O)C(C(=O)O)OC(OC4CCC5(C)C(CCC6(C)C5CC=C5C7CC(C)(C)C(=O)CC7(CO)C(O)CC56C)C4(C)C)C3OC3OC(CO)C(O)C(O)C3O)C2O)C(O)C(O)C1O,sweet,flavor_db,"4-[3,5-dihydroxy-6-(hydroxymethyl)-4-(3,4,5-trihydroxy-6-methyloxan-2-yl)oxyoxan-2-yl]oxy-3-hydroxy-6-[[8-hydroxy-8a-(hydroxymethyl)-4,4,6a,6b,11,11,14b-heptamethyl-10-oxo-2,3,4a,5,6,7,8,9,12,12a,14,14a-dodecahydro-1H-picen-3-yl]oxy]-5-[3,4,5-trihydroxy-6-(hydroxymethyl)oxan-2-yl]oxyoxane-2-carboxylic acid"
CC1OC(OCC2OC(Oc3c(-c4ccc(O)c(O)c4)oc4cc(O)cc(O)c4c3=O)CC(O)C2O)C(O)C(O)C1O,CC1OC(OCC2OC(Oc3c(-c4ccc(O)c(O)c4)oc4cc(O)cc(O)c4c3=O)CC(O)C2O)C(O)C(O)C1O,sweet,flavor_db,"2-(3,4-dihydroxyphenyl)-3-[4,5-dihydroxy-6-[(3,4,5-trihydroxy-6-methyloxan-2-yl)oxymethyl]oxan-2-yl]oxy-5,7-dihydroxychromen-4-one"
CCCCCCC1OCC(CO)O1,CCCCCCC1OCC(CO)O1,sweet,flavor_db,"(2-hexyl-1,3-dioxolan-4-yl)methanol"
CCC(C)C(NC(=O)C(CC(=O)O)NC(=O)C(C)N)C(=O)NC(Cc1ccccc1)C(=O)O,CCC(C)C(NC(=O)C(CC(=O)O)NC(=O)C(C)N)C(=O)NC(Cc1ccccc1)C(=O)O,sweet,flavor_db,3-(2-aminopropanoylamino)-4-[[1-[(1-carboxy-2-phenylethyl)amino]-3-methyl-1-oxopentan-2-yl]amino]-4-oxobutanoic acid
CC(O)CCOC1OC(CO)C(O)C(O)C1O,CC(O)CCOC1OC(CO)C(O)C(O)C1O,sweet,flavor_db,"2-(3-hydroxybutoxy)-6-(hydroxymethyl)oxane-3,4,5-triol"
CC(NC(=O)C(Cc1ccccc1)NC(=O)C(Cc1ccccc1)NC(=O)C(N)CC(=O)O)C(=O)O,CC(NC(=O)C(Cc1ccccc1)NC(=O)C(Cc1ccccc1)NC(=O)C(N)CC(=O)O)C(=O)O,sweet,flavor_db,3-amino-4-[[1-[[1-(1-carboxyethylamino)-1-oxo-3-phenylpropan-2-yl]amino]-1-oxo-3-phenylpropan-2-yl]amino]-4-oxobutanoic acid
O=C(O)CS(=O)(=O)c1cccc(Cl)c1,O=C(O)CS(=O)(=O)c1cccc(Cl)c1,sour,IUPAC Dissocation Constants,2-(3-chlorophenyl)sulfonylacetic acid
CC(C)=CCc1c(O)cc2c(c1O)C(=O)CC(c1ccc(O)cc1)O2,CC(C)=CCc1c(O)cc2c(c1O)C(=O)CC(c1ccc(O)cc1)O2,bitter,phytocompounds_db,"5,7-dihydroxy-2-(4-hydroxyphenyl)-6-(3-methylbut-2-enyl)-2,3-dihydrochromen-4-one"
O=C1c2ccc(O)cc2OC(c2ccc(O)c(O)c2)C1O,O=C1c2ccc(O)cc2OC(c2ccc(O)c(O)c2)C1O,bitter,chemtastes_db,"2-(3,4-dihydroxyphenyl)-3,7-dihydroxy-2,3-dihydrochromen-4-one"
O=C(O)Cc1ccc2ccccc2c1,O=C(O)Cc1ccc2ccccc2c1,sour,IUPAC Dissocation Constants,2-naphthalen-2-ylacetic acid
Cc1n[nH]c(N)nc1=O,Cc1n[nH]c(N)nc1=O,sour,IUPAC Dissocation Constants,"3-amino-6-methyl-4H-1,2,4-triazin-5-one"
CC1C(=O)OC2C3=C(C(O)CC3(C)O)C(C)(O)CCC12,CC1C(=O)OC2C3=C(C(O)CC3(C)O)C(C)(O)CCC12,bitter,phytocompounds_db,"6,7,9-trihydroxy-3,6,9-trimethyl-3a,4,5,7,8,9b-hexahydro-3H-azuleno[4,5-b]furan-2-one"
CC1CCC2(C(=O)OC3OC(CO)C(O)C(O)C3O)CCC3(C)C(=CCC4C5(C)CCC(OC6OCC(O)C(OC7OC(CO)C(O)C(O)C7O)C6O)C(C)(C)C5CCC43C)C2C1(C)O,CC1CCC2(C(=O)OC3OC(CO)C(O)C(O)C3O)CCC3(C)C(=CCC4C5(C)CCC(OC6OCC(O)C(OC7OC(CO)C(O)C(O)C7O)C6O)C(C)(C)C5CCC43C)C2C1(C)O,bitter,phytocompounds_db,"[3,4,5-trihydroxy-6-(hydroxymethyl)oxan-2-yl] 10-[3,5-dihydroxy-4-[3,4,5-trihydroxy-6-(hydroxymethyl)oxan-2-yl]oxyoxan-2-yl]oxy-1-hydroxy-1,2,6a,6b,9,9,12a-heptamethyl-2,3,4,5,6,6a,7,8,8a,10,11,12,13,14b-tetradecahydropicene-4a-carboxylate"
C=CC1C(OC2OC(CO)C(O)C(O)C2OC(=O)c2c(O)cc(O)cc2-c2cccc(O)c2)OC=C2C(=O)OCCC21O,C=CC1C(OC2OC(CO)C(O)C(O)C2OC(=O)c2c(O)cc(O)cc2-c2cccc(O)c2)OC=C2C(=O)OCCC21O,bitter,phytocompounds_db,"[2-[(4-ethenyl-4a-hydroxy-8-oxo-3,4,5,6-tetrahydropyrano[3,4-c]pyran-3-yl)oxy]-4,5-dihydroxy-6-(hydroxymethyl)oxan-3-yl] 2,4-dihydroxy-6-(3-hydroxyphenyl)benzoate"
O=C(O)c1cccc([N+](=O)[O-])c1,O=C(O)c1cccc([N+](=O)[O-])c1,sour,IUPAC Dissocation Constants,3-nitrobenzoic acid
Nc1nc(O)c2nn[nH]c2n1,Nc1nc(O)c2nn[nH]c2n1,sour,IUPAC Dissocation Constants,"5-amino-2,6-dihydrotriazolo[4,5-d]pyrimidin-7-one"
CC1C(=O)CC2(C(C)C)CC12,CC1C(=O)CC2(C(C)C)CC12,bitter,chemtastes_db,4-methyl-1-propan-2-ylbicyclo[3.1.0]hexan-3-one
COC(=O)C12OCC34C(CC5C(C)C(=O)C(OC6OC(CO)C(O)C(O)C6O)=CC5(C)C3C(O)C1O)OC(=O)C(OC(=O)CC(C)(C)O)C24,COC(=O)C12OCC34C(CC5C(C)C(=O)C(OC6OC(CO)C(O)C(O)C6O)=CC5(C)C3C(O)C1O)OC(=O)C(OC(=O)CC(C)(C)O)C24,bitter,phytocompounds_db,"methyl 15,16-dihydroxy-3-(3-hydroxy-3-methylbutanoyl)oxy-9,13-dimethyl-4,10-dioxo-11-[3,4,5-trihydroxy-6-(hydroxymethyl)oxan-2-yl]oxy-5,18-dioxapentacyclo[12.5.0.01,6.02,17.08,13]nonadec-11-ene-17-carboxylate"
CC(=O)OC1CC(C)OC2OC3CC4CCC5C(CCC6(C)C(C7=CC(=O)OC7)CCC56O)C4(C=O)CC3OC12O,CC(=O)OC1CC(C)OC2OC3CC4CCC5C(CCC6(C)C(C7=CC(=O)OC7)CCC56O)C4(C=O)CC3OC12O,bitter,phytocompounds_db,"[14-formyl-10,22-dihydroxy-7,18-dimethyl-19-(5-oxo-2H-furan-3-yl)-4,6,11-trioxahexacyclo[12.11.0.03,12.05,10.015,23.018,22]pentacosan-9-yl] acetate"
NCCCCC(N)C(=O)O,NCCCCC(N)C(=O)O,bitter,chemtastes_db,"2,6-diaminohexanoic acid"
CC(C)CC1NC(=O)CNC1=O,CC(C)CC1NC(=O)CNC1=O,bitter,chemtastes_db,"3-(2-methylpropyl)piperazine-2,5-dione"
Cc1ccccc1SCC(=O)O,Cc1ccccc1SCC(=O)O,sour,IUPAC Dissocation Constants,2-(2-methylphenyl)sulfanylacetic acid
CC1=CC(=O)C2=C(C)CC3OC(=O)C(C)=C3C=C12,CC1=CC(=O)C2=C(C)CC3OC(=O)C(C)=C3C=C12,bitter,phytocompounds_db,"1,5,8-trimethyl-3a,4-dihydroazuleno[6,5-b]furan-2,6-dione"
C=C1C(=O)OC2C1CC=C1CC(C)(CCC1OO)C2O,C=C1C(=O)OC2C1CC=C1CC(C)(CCC1OO)C2O,bitter,chemtastes_db,"11-hydroperoxy-2-hydroxy-1-methyl-6-methylidene-4-oxatricyclo[8.3.1.03,7]tetradec-9-en-5-one"
O=C(O)c1nc2ncncc2[nH]1,O=C(O)c1nc2ncncc2[nH]1,sour,IUPAC Dissocation Constants,7H-purine-8-carboxylic acid
CC(C)c1ccc(C(O)C(=O)O)cc1,CC(C)c1ccc(C(O)C(=O)O)cc1,sour,IUPAC Dissocation Constants,2-hydroxy-2-(4-propan-2-ylphenyl)acetic acid
O=COCCc1ccccc1,O=COCCc1ccccc1,bitter,flavor_db,2-phenylethyl formate
CC1NC(=O)C2CCCN2C1=O,CC1NC(=O)C2CCCN2C1=O,bitter,chemtastes_db,"3-methyl-2,3,6,7,8,8a-hexahydropyrrolo[1,2-a]pyrazine-1,4-dione"
CCOC(=O)c1ccccc1C(=O)OCC,CCOC(=O)c1ccccc1C(=O)OCC,bitter,chemtastes_db,"diethyl benzene-1,2-dicarboxylate"
O=[N+]([O-])c1cc(Br)cc(Br)c1O,O=[N+]([O-])c1cc(Br)cc(Br)c1O,sour,IUPAC Dissocation Constants,"2,4-dibromo-6-nitrophenol"
CCCCC[PH](=O)O,CCCCC[PH](=O)O,sour,IUPAC Dissocation Constants,hydroxy-oxo-pentylphosphanium
CCCCCCCCN(CCN(CC(=O)O)CC(=O)O)CC(=O)O,CCCCCCCCN(CCN(CC(=O)O)CC(=O)O)CC(=O)O,sour,IUPAC Dissocation Constants,2-[2-[bis(carboxymethyl)amino]ethyl-octylamino]acetic acid
CC1(C(=O)O)CC1(C)C(=O)O,CC1(C(=O)O)CC1(C)C(=O)O,sour,IUPAC Dissocation Constants,"1,2-dimethylcyclopropane-1,2-dicarboxylic acid"
O=C1OCC2OC(=O)c3cc(O)c(O)c(O)c3-c3c(O)c(O)c(O)c4c3C(=O)OC(C2OC(=O)c2cc(O)c(O)c(O)c2-c2c1cc(O)c(O)c2O)C1OC(=O)c2c-4c(O)c(O)c(O)c2C1O,O=C1OCC2OC(=O)c3cc(O)c(O)c(O)c3-c3c(O)c(O)c(O)c4c3C(=O)OC(C2OC(=O)c2cc(O)c(O)c(O)c2-c2c1cc(O)c(O)c2O)C1OC(=O)c2c-4c(O)c(O)c(O)c2C1O,bitter,tas2r_agonists,"7,8,9,12,13,14,25,26,27,30,31,32,35,36,37,46-hexadecahydroxy-3,18,21,41,43-pentaoxanonacyclo[27.13.3.138,42.02,20.05,10.011,16.023,28.033,45.034,39]hexatetraconta-5,7,9,11,13,15,23,25,27,29(45),30,32,34(39),35,37-pentadecaene-4,17,22,40,44-pentone"
CC1=CCSCC1,CC1=CCSCC1,bitter,chemtastes_db,"4-methyl-3,6-dihydro-2H-thiopyran"
C=CCC([N+](=O)[O-])[N+](=O)[O-],C=CCC([N+](=O)[O-])[N+](=O)[O-],sour,IUPAC Dissocation Constants,"4,4-dinitrobut-1-ene"
O=c1c(O)c(-c2cc(O)c(O)c(O)c2)oc2cc(O)cc(O)c12,O=c1c(O)c(-c2cc(O)c(O)c(O)c2)oc2cc(O)cc(O)c12,bitter,chemtastes_db,"3,5,7-trihydroxy-2-(3,4,5-trihydroxyphenyl)chromen-4-one"
CC(=O)OCC1OC(OC2OC=C3C(=O)OCCC3(O)C2C2CO2)C(OC(C)=O)C(OC(C)=O)C1OC(=O)c1cccc(OC2OC(CO)C(O)C(O)C2O)c1O,CC(=O)OCC1OC(OC2OC=C3C(=O)OCCC3(O)C2C2CO2)C(OC(C)=O)C(OC(C)=O)C1OC(=O)c1cccc(OC2OC(CO)C(O)C(O)C2O)c1O,bitter,phytocompounds_db,"[4,5-diacetyloxy-2-(acetyloxymethyl)-6-[[4a-hydroxy-4-(oxiran-2-yl)-8-oxo-3,4,5,6-tetrahydropyrano[3,4-c]pyran-3-yl]oxy]oxan-3-yl] 2-hydroxy-3-[3,4,5-trihydroxy-6-(hydroxymethyl)oxan-2-yl]oxybenzoate"
COc1cc2ccc(=O)oc2c(OC)c1O,COc1cc2ccc(=O)oc2c(OC)c1O,bitter,phytocompounds_db,"7-hydroxy-6,8-dimethoxychromen-2-one"
CC(=CCO)COC1OC(COC(=O)Cc2ccc(O)c(O)c2)C(O)C(O)C1O,CC(=CCO)COC1OC(COC(=O)Cc2ccc(O)c(O)c2)C(O)C(O)C1O,bitter,phytocompounds_db,"[3,4,5-trihydroxy-6-(4-hydroxy-2-methylbut-2-enoxy)oxan-2-yl]methyl 2-(3,4-dihydroxyphenyl)acetate"
COC(=O)C1=COC(OC2OC(CO)C(O)C(O)C2O)C2C1CC(O)C2C,COC(=O)C1=COC(OC2OC(CO)C(O)C(O)C2O)C2C1CC(O)C2C,bitter,phytocompounds_db,"methyl 6-hydroxy-7-methyl-1-[3,4,5-trihydroxy-6-(hydroxymethyl)oxan-2-yl]oxy-1,4a,5,6,7,7a-hexahydrocyclopenta[c]pyran-4-carboxylate"
CCCCCCCCC=CCCCCCCCC(=O)O,CCCCCCCCC=CCCCCCCCC(=O)O,bitter,phytocompounds_db,octadec-9-enoic acid
CCC(C)C(=O)C1=C(O)C2(CC=C(C)C)CC3C(CC(C(C)(C)O)C3(C)C)(C1=O)C2=O,CCC(C)C(=O)C1=C(O)C2(CC=C(C)C)CC3C(CC(C(C)(C)O)C3(C)C)(C1=O)C2=O,bitter,chemtastes_db,"8-hydroxy-3-(2-hydroxypropan-2-yl)-4,4-dimethyl-9-(2-methylbutanoyl)-7-(3-methylbut-2-enyl)tricyclo[5.3.1.01,5]undec-8-ene-10,11-dione"
O=C(O)CSc1cccc(C(=O)O)c1,O=C(O)CSc1cccc(C(=O)O)c1,sour,IUPAC Dissocation Constants,3-(carboxymethylsulfanyl)benzoic acid
CC1(C)OC2CC(=O)OC2(C)C1Cc1cc2c(o1)CCC13CC21C(O)OC3c1ccoc1,CC1(C)OC2CC(=O)OC2(C)C1Cc1cc2c(o1)CCC13CC21C(O)OC3c1ccoc1,bitter,phytocompounds_db,"6-[[10-(furan-3-yl)-12-hydroxy-5,11-dioxatetracyclo[7.3.1.01,9.02,6]trideca-2(6),3-dien-4-yl]methyl]-5,5,6a-trimethyl-3a,6-dihydro-3H-furo[3,2-b]furan-2-one"
c1cc(-c2ccncc2)ccn1,c1cc(-c2ccncc2)ccn1,bitter,chemtastes_db,4-pyridin-4-ylpyridine
C=C1C(=O)OC2C1CCC1(C)OC13CC=C(C)C23,C=C1C(=O)OC2C1CCC1(C)OC13CC=C(C)C23,bitter,chemtastes_db,"3,12-dimethyl-7-methylidene-2,9-dioxatetracyclo[9.3.0.01,3.06,10]tetradec-12-en-8-one"
O=[N+]([O-])c1c(O)cccc1O,O=[N+]([O-])c1c(O)cccc1O,sour,IUPAC Dissocation Constants,"2-nitrobenzene-1,3-diol"
CCOC(=O)c1cc(=O)c(O)co1,CCOC(=O)c1cc(=O)c(O)co1,sour,IUPAC Dissocation Constants,ethyl 5-hydroxy-4-oxopyran-2-carboxylate
Cc1cc(C)n(CC(=O)O)n1,Cc1cc(C)n(CC(=O)O)n1,sour,IUPAC Dissocation Constants,"2-(3,5-dimethylpyrazol-1-yl)acetic acid"
O=C(C1CCCCC1)N1CC(=O)N2CCc3ccccc3C2C1,O=C(C1CCCCC1)N1CC(=O)N2CCc3ccccc3C2C1,bitter,chemtastes_db,"2-(cyclohexanecarbonyl)-3,6,7,11b-tetrahydro-1H-pyrazino[2,1-a]isoquinolin-4-one"
O=C(C=Cc1ccc(O)cc1)OC(C(=O)O)C(O)C(=O)O,O=C(C=Cc1ccc(O)cc1)OC(C(=O)O)C(O)C(=O)O,bitter,phytocompounds_db,2-hydroxy-3-[3-(4-hydroxyphenyl)prop-2-enoyloxy]butanedioic acid
O=C(O)Cc1cccc2ccccc12,O=C(O)Cc1cccc2ccccc12,sour,IUPAC Dissocation Constants,2-naphthalen-1-ylacetic acid
CC(=O)OC1C(=O)C2(C)C(CCC3(C)C(c4ccoc4)OC(=O)C4OC432)C23COC(=O)CC2OC(C)(C)C13,CC(=O)OC1C(=O)C2(C)C(CCC3(C)C(c4ccoc4)OC(=O)C4OC432)C23COC(=O)CC2OC(C)(C)C13,bitter,phytocompounds_db,"[19-(furan-3-yl)-9,9,13,20-tetramethyl-5,12,17-trioxo-4,8,15,18-tetraoxahexacyclo[11.9.0.02,7.02,10.014,16.014,20]docosan-11-yl] acetate"
Nc1ccc(C(=O)O)cc1,Nc1ccc(C(=O)O)cc1,sour,IUPAC Dissocation Constants,4-aminobenzoic acid
CC(C)=CCC1=C(O)C(CC=C(C)C)(CC=C(C)C)C(=O)C(C(=O)C(C)C)C1=O,CC(C)=CCC1=C(O)C(CC=C(C)C)(CC=C(C)C)C(=O)C(C(=O)C(C)C)C1=O,bitter,flavor_db,"5-hydroxy-4,6,6-tris(3-methylbut-2-enyl)-2-(2-methylpropanoyl)cyclohex-4-ene-1,3-dione"
Cc1csc(C(=O)O)c1,Cc1csc(C(=O)O)c1,sour,IUPAC Dissocation Constants,4-methylthiophene-2-carboxylic acid
CC1=CC(=O)OC2(C1)CC1CCC2CN1C,CC1=CC(=O)OC2(C1)CC1CCC2CN1C,bitter,phytocompounds_db,"2,4'-dimethylspiro[2-azabicyclo[2.2.2]octane-5,2'-3H-pyran]-6'-one"
CCCC(CCCOC)CCc1ccccc1,CCCC(CCCOC)CCc1ccccc1,bitter,chemtastes_db,(6-methoxy-3-propylhexyl)benzene
O=C1c2c([N+](=O)[O-])cc([N+](=O)[O-])c(O)c2C(=O)c2c(O)c([N+](=O)[O-])cc([N+](=O)[O-])c21,O=C1c2c([N+](=O)[O-])cc([N+](=O)[O-])c(O)c2C(=O)c2c(O)c([N+](=O)[O-])cc([N+](=O)[O-])c21,bitter,chemtastes_db,"1,8-dihydroxy-2,4,5,7-tetranitroanthracene-9,10-dione"
c1cn[nH]c1,c1cn[nH]c1,bitter,chemtastes_db,1H-pyrazole
O=C1C[C@H](C(=O)O)[C@H](C(=O)O)C1,O=C1C[C@H](C(=O)O)[C@H](C(=O)O)C1,sour,IUPAC Dissocation Constants,"(1S,2R)-4-oxocyclopentane-1,2-dicarboxylic acid"
NCC(=O)N[C@@H](Cc1c[nH]cn1)C(=O)O,NCC(=O)N[C@@H](Cc1c[nH]cn1)C(=O)O,sour,IUPAC Dissocation Constants,(2S)-2-[(2-aminoacetyl)amino]-3-(1H-imidazol-5-yl)propanoic acid
CCCC([N+](=O)[O-])[N+](=O)[O-],CCCC([N+](=O)[O-])[N+](=O)[O-],sour,IUPAC Dissocation Constants,"1,1-dinitrobutane"
CC1(C)[C@H](C(=O)O)[C@@H]1C(=O)O,CC1(C)[C@H](C(=O)O)[C@@H]1C(=O)O,sour,IUPAC Dissocation Constants,"(1R,2S)-3,3-dimethylcyclopropane-1,2-dicarboxylic acid"
C=C1C(=O)OC2C=C(C)C(O)CCC(C)=CC(O)C12,C=C1C(=O)OC2C=C(C)C(O)CCC(C)=CC(O)C12,bitter,chemtastes_db,"4,9-dihydroxy-6,10-dimethyl-3-methylidene-3a,4,7,8,9,11a-hexahydrocyclodeca[b]furan-2-one"
O=C(O)C12CCC(C1)C2,O=C(O)C12CCC(C1)C2,sour,IUPAC Dissocation Constants,bicyclo[2.1.1]hexane-1-carboxylic acid
COc1c(O)cc(O)c2c(=O)cc(-c3ccccc3)oc12,COc1c(O)cc(O)c2c(=O)cc(-c3ccccc3)oc12,bitter,tas2r_agonists,"5,7-dihydroxy-8-methoxy-2-phenylchromen-4-one"
CC=CC=CC=CCCC=CC(=O)NCC(C)(C)O,CC=CC=CC=CCCC=CC(=O)NCC(C)(C)O,bitter,phytocompounds_db,"N-(2-hydroxy-2-methylpropyl)dodeca-2,6,8,10-tetraenamide"
CCCC(C)(COC(N)=O)COC(=O)NC(C)C,CCCC(C)(COC(N)=O)COC(=O)NC(C)C,bitter,chemtastes_db,[2-(carbamoyloxymethyl)-2-methylpentyl] N-propan-2-ylcarbamate
CC(CCC(=O)O)C1CCC2C3C(=O)CC4CC(=O)CCC4(C)C3CC(=O)C12C,CC(CCC(=O)O)C1CCC2C3C(=O)CC4CC(=O)CCC4(C)C3CC(=O)C12C,bitter,chemtastes_db,"4-(10,13-dimethyl-3,7,12-trioxo-1,2,4,5,6,8,9,11,14,15,16,17-dodecahydrocyclopenta[a]phenanthren-17-yl)pentanoic acid"
CC(=O)OC(CC([N+](=O)[O-])([N+](=O)[O-])[N+](=O)[O-])C(=O)O,CC(=O)OC(CC([N+](=O)[O-])([N+](=O)[O-])[N+](=O)[O-])C(=O)O,sour,IUPAC Dissocation Constants,"2-acetyloxy-4,4,4-trinitrobutanoic acid"
O=C(O)[C@@H]1C[C@H]1c1ccc([N+](=O)[O-])cc1,O=C(O)[C@@H]1C[C@H]1c1ccc([N+](=O)[O-])cc1,sour,IUPAC Dissocation Constants,"(1R,2R)-2-(4-nitrophenyl)cyclopropane-1-carboxylic acid"
C1CCNC1,C1CCNC1,bitter,chemtastes_db,pyrrolidine
COc1ccc(-c2cc(=O)c3c(OC)c(OC)c(OC)cc3o2)cc1OC,COc1ccc(-c2cc(=O)c3c(OC)c(OC)c(OC)cc3o2)cc1OC,bitter,chemtastes_db,"2-(3,4-dimethoxyphenyl)-5,6,7-trimethoxychromen-4-one"
COCC(C)(O)C1CC=C(C)CC1,COCC(C)(O)C1CC=C(C)CC1,bitter,chemtastes_db,1-methoxy-2-(4-methylcyclohex-3-en-1-yl)propan-2-ol
CC(=O)c1c(O)cc(C)oc1=O,CC(=O)c1c(O)cc(C)oc1=O,sour,IUPAC Dissocation Constants,3-acetyl-4-hydroxy-6-methylpyran-2-one
O=C(O)CCCCCCC(=O)O,O=C(O)CCCCCCC(=O)O,sour,IUPAC Dissocation Constants,octanedioic acid
CCC(CC(=O)OC)(Cc1ccc([N+](=O)[O-])cc1)C(=O)O,CCC(CC(=O)OC)(Cc1ccc([N+](=O)[O-])cc1)C(=O)O,sour,IUPAC Dissocation Constants,2-ethyl-4-methoxy-2-[(4-nitrophenyl)methyl]-4-oxobutanoic acid
CCSC(=S)SCC(=O)O,CCSC(=S)SCC(=O)O,sour,IUPAC Dissocation Constants,2-ethylsulfanylcarbothioylsulfanylacetic acid
C1=C2CCCNC2C2CC1C1CCCCN1C2,C1=C2CCCNC2C2CC1C1CCCCN1C2,bitter,phytocompounds_db,"3,15-diazatetracyclo[7.7.1.02,7.010,15]heptadec-7-ene"
O=C(O)c1ccc(C2CC2)cc1,O=C(O)c1ccc(C2CC2)cc1,sour,IUPAC Dissocation Constants,4-cyclopropylbenzoic acid
Oc1c(F)c(F)c(F)c(F)c1F,Oc1c(F)c(F)c(F)c(F)c1F,sour,IUPAC Dissocation Constants,"2,3,4,5,6-pentafluorophenol"
COc1ccc2cc1Oc1ccc(cc1)CC1c3cc(c(OC)cc3CCN1C)Oc1c(OC)c(OC)cc3c1C(C2)N(C)CC3,COc1ccc2cc1Oc1ccc(cc1)CC1c3cc(c(OC)cc3CCN1C)Oc1c(OC)c(OC)cc3c1C(C2)N(C)CC3,bitter,phytocompounds_db,"9,20,21,25-tetramethoxy-15,30-dimethyl-7,23-dioxa-15,30-diazaheptacyclo[22.6.2.23,6.18,12.114,18.027,31.022,33]hexatriaconta-3(36),4,6(35),8,10,12(34),18,20,22(33),24,26,31-dodecaene"
CCC(=O)c1c(O)oc(CC)cc1=O,CCC(=O)c1c(O)oc(CC)cc1=O,sour,IUPAC Dissocation Constants,6-ethyl-4-hydroxy-3-propanoylpyran-2-one
CCCCCCCCCCCCCCCCCC(=O)OCC(O)CO,CCCCCCCCCCCCCCCCCC(=O)OCC(O)CO,bitter,chemtastes_db,"2,3-dihydroxypropyl octadecanoate"
CCCCOP(=O)(CC(=O)O)OCCCC,CCCCOP(=O)(CC(=O)O)OCCCC,sour,IUPAC Dissocation Constants,2-dibutoxyphosphorylacetic acid
Cc1ccc(C=O)c(O)c1,Cc1ccc(C=O)c(O)c1,bitter,flavor_db,2-hydroxy-4-methylbenzaldehyde
CC1(C)OC2CC(=O)OCC23C1=C(O)C(=O)C1(C)C3CCC2(C)C(c3ccoc3)OC(=O)C3OC321,CC1(C)OC2CC(=O)OCC23C1=C(O)C(=O)C1(C)C3CCC2(C)C(c3ccoc3)OC(=O)C3OC321,bitter,phytocompounds_db,"19-(furan-3-yl)-11-hydroxy-9,9,13,20-tetramethyl-4,8,15,18-tetraoxahexacyclo[11.9.0.02,7.02,10.014,16.014,20]docos-10-ene-5,12,17-trione"
C=C1C(=O)OC2CC3(C)CCC(O)C(=C)C3CC12,C=C1C(=O)OC2CC3(C)CCC(O)C(=C)C3CC12,bitter,phytocompounds_db,"6-hydroxy-8a-methyl-3,5-dimethylidene-3a,4,4a,6,7,8,9,9a-octahydrobenzo[f][1]benzofuran-2-one"
COC1=C(C)C2CC(=O)OC3CC4C(C)CC(O)C(=O)C4(C)C(C1=O)C32C,COC1=C(C)C2CC(=O)OC3CC4C(C)CC(O)C(=O)C4(C)C(C1=O)C32C,bitter,phytocompounds_db,"4-hydroxy-15-methoxy-2,6,14,17-tetramethyl-10-oxatetracyclo[7.7.1.02,7.013,17]heptadec-14-ene-3,11,16-trione"
N=C(N)NCCCC(N)C(=O)O,N=C(N)NCCCC(N)C(=O)O,bitter,chemtastes_db,2-amino-5-(diaminomethylideneamino)pentanoic acid
CC(C)CCCC(C)CCO,CC(C)CCCC(C)CCO,bitter,chemtastes_db,"3,7-dimethyloctan-1-ol"
Cc1cc(=O)oc2cc(O)c(Cl)cc12,Cc1cc(=O)oc2cc(O)c(Cl)cc12,sour,IUPAC Dissocation Constants,6-chloro-7-hydroxy-4-methylchromen-2-one
CC(SCC(=O)O)C(=O)O,CC(SCC(=O)O)C(=O)O,sour,IUPAC Dissocation Constants,2-(carboxymethylsulfanyl)propanoic acid
Cc1ccc(=O)c(O)c(Br)c1,Cc1ccc(=O)c(O)c(Br)c1,sour,IUPAC Dissocation Constants,"3-bromo-2-hydroxy-5-methylcyclohepta-2,4,6-trien-1-one"
O=[N+]([O-])c1ccccc1CC([N+](=O)[O-])[N+](=O)[O-],O=[N+]([O-])c1ccccc1CC([N+](=O)[O-])[N+](=O)[O-],sour,IUPAC Dissocation Constants,"1-(2,2-dinitroethyl)-2-nitrobenzene"
OC(C(F)(F)F)(C(F)(F)F)C(F)(F)F,OC(C(F)(F)F)(C(F)(F)F)C(F)(F)F,sour,IUPAC Dissocation Constants,"1,1,1,3,3,3-hexafluoro-2-(trifluoromethyl)propan-2-ol"
CC=C(C)C(=O)OC1CC(OC(C)=O)C2(C(=O)OC)COC3C2C12COC(O)(C(=O)OC)C2C(C)(C12OC1(C)C1CC2OC2OC=CC21O)C3O,CC=C(C)C(=O)OC1CC(OC(C)=O)C2(C(=O)OC)COC3C2C12COC(O)(C(=O)OC)C2C(C)(C12OC1(C)C1CC2OC2OC=CC21O)C3O,bitter,phytocompounds_db,"dimethyl 12-acetyloxy-4,7-dihydroxy-6-(2-hydroxy-11-methyl-5,7,10-trioxatetracyclo[6.3.1.02,6.09,11]dodec-3-en-9-yl)-6-methyl-14-(2-methylbut-2-enoyloxy)-3,9-dioxatetracyclo[6.6.1.01,5.011,15]pentadecane-4,11-dicarboxylate"
O=C(O)c1cc(O)ccc1O,O=C(O)c1cc(O)ccc1O,sour,phytocompounds_db,"2,5-dihydroxybenzoic acid"
O=C(O)C=C(Cl)c1ccccc1,O=C(O)C=C(Cl)c1ccccc1,sour,IUPAC Dissocation Constants,3-chloro-3-phenylprop-2-enoic acid
CC(=CCO)COC1OC(CO)C(O)C(OC(=O)Cc2ccc(O)cc2)C1OC(=O)Cc1ccc(O)cc1,CC(=CCO)COC1OC(CO)C(O)C(OC(=O)Cc2ccc(O)cc2)C1OC(=O)Cc1ccc(O)cc1,bitter,phytocompounds_db,[3-hydroxy-2-(hydroxymethyl)-6-(4-hydroxy-2-methylbut-2-enoxy)-5-[2-(4-hydroxyphenyl)acetyl]oxyoxan-4-yl] 2-(4-hydroxyphenyl)acetate
Nc1ncc(Sc2ccccc2N)c(O)n1,Nc1ncc(Sc2ccccc2N)c(O)n1,sour,IUPAC Dissocation Constants,2-amino-5-(2-aminophenyl)sulfanyl-1H-pyrimidin-6-one
O=c1cnc2c[nH]c(=O)[nH]c-2n1,O=c1cnc2c[nH]c(=O)[nH]c-2n1,sour,IUPAC Dissocation Constants,"1,8-dihydropteridine-2,7-dione"
C=C1CC23CCC4C(C)(C(=O)OC5OC(CO)C(O)C(O)C5O)CCCC4(C)C2CCC1(OC1OC(CO)C(O)C(OC2OC(CO)C(O)C(O)C2O)C1OC1OCC(O)C(O)C1O)C3,C=C1CC23CCC4C(C)(C(=O)OC5OC(CO)C(O)C(O)C5O)CCCC4(C)C2CCC1(OC1OC(CO)C(O)C(OC2OC(CO)C(O)C(O)C2O)C1OC1OCC(O)C(O)C1O)C3,bitter,phytocompounds_db,"[3,4,5-trihydroxy-6-(hydroxymethyl)oxan-2-yl] 13-[5-hydroxy-6-(hydroxymethyl)-4-[3,4,5-trihydroxy-6-(hydroxymethyl)oxan-2-yl]oxy-3-(3,4,5-trihydroxyoxan-2-yl)oxyoxan-2-yl]oxy-5,9-dimethyl-14-methylidenetetracyclo[11.2.1.01,10.04,9]hexadecane-5-carboxylate"
CC(C)(OC1OC(CO)C(O)C(O)C1O)C1Oc2ccc3ccc(=O)oc3c2C1O,CC(C)(OC1OC(CO)C(O)C(O)C1O)C1Oc2ccc3ccc(=O)oc3c2C1O,bitter,phytocompounds_db,"9-hydroxy-8-[2-[3,4,5-trihydroxy-6-(hydroxymethyl)oxan-2-yl]oxypropan-2-yl]-8,9-dihydrofuro[2,3-h]chromen-2-one"
Cc1cccc(O)c(=O)c1C(=O)O,Cc1cccc(O)c(=O)c1C(=O)O,sour,IUPAC Dissocation Constants,"2-hydroxy-7-methyl-3-oxocyclohepta-1,4,6-triene-1-carboxylic acid"
CC1=C2C(O)C3C(CC(C)C2CC1=O)OC(=O)C3C,CC1=C2C(O)C3C(CC(C)C2CC1=O)OC(=O)C3C,bitter,phytocompounds_db,"9-hydroxy-1,5,8-trimethyl-1,3a,4,5,5a,6,9,9a-octahydroazuleno[6,5-b]furan-2,7-dione"
CC(C)C(C=O)c1ccccc1,CC(C)C(C=O)c1ccccc1,bitter,chemtastes_db,3-methyl-2-phenylbutanal
CC(CCC(=O)NCCS(=O)(=O)O)C1CCC2C3C(O)CC4CC(O)CCC4(C)C3CC(O)C12C,CC(CCC(=O)NCCS(=O)(=O)O)C1CCC2C3C(O)CC4CC(O)CCC4(C)C3CC(O)C12C,bitter,chemtastes_db,"2-[4-(3,7,12-trihydroxy-10,13-dimethyl-2,3,4,5,6,7,8,9,11,12,14,15,16,17-tetradecahydro-1H-cyclopenta[a]phenanthren-17-yl)pentanoylamino]ethanesulfonic acid"
CCCCCCCCCCCCCC(=O)CC(O)COC(C)=O,CCCCCCCCCCCCCC(=O)CC(O)COC(C)=O,bitter,chemtastes_db,(2-hydroxy-4-oxoheptadecyl) acetate
O=C(O)CCCCCCCC(=O)O,O=C(O)CCCCCCCC(=O)O,bitter,phytocompounds_db,nonanedioic acid
COC(=O)C1CC(O)CC2C1C1CC3(OC(c4ccoc4)CC23C)C(=O)O1,COC(=O)C1CC(O)CC2C1C1CC3(OC(c4ccoc4)CC23C)C(=O)O1,bitter,phytocompounds_db,"methyl 3-(furan-3-yl)-8-hydroxy-5-methyl-14-oxo-2,13-dioxatetracyclo[10.2.1.01,5.06,11]pentadecane-10-carboxylate"
O=C(O)C(O)(CO)CO,O=C(O)C(O)(CO)CO,sour,IUPAC Dissocation Constants,"2,3-dihydroxy-2-(hydroxymethyl)propanoic acid"
CCCCCC=CCC=CCCCCCCCC(=O)CC(O)COC(C)=O,CCCCCC=CCC=CCCCCCCCC(=O)CC(O)COC(C)=O,bitter,chemtastes_db,"(2-hydroxy-4-oxohenicosa-12,15-dienyl) acetate"
Cc1cc(C)c(C(=O)O)cc1C,Cc1cc(C)c(C(=O)O)cc1C,sour,IUPAC Dissocation Constants,"2,4,5-trimethylbenzoic acid"
CC(C)C1(C2CC(C3C(=O)CC4C5=CCC6CC(OC7OC(CO)C(O)C(O)C7O)CCC6(C)C5=CCC43C)C(=O)O2)OC1C,CC(C)C1(C2CC(C3C(=O)CC4C5=CCC6CC(OC7OC(CO)C(O)C(O)C7O)CCC6(C)C5=CCC43C)C(=O)O2)OC1C,bitter,phytocompounds_db,"3-[10,13-dimethyl-16-oxo-3-[3,4,5-trihydroxy-6-(hydroxymethyl)oxan-2-yl]oxy-1,2,3,4,5,6,12,14,15,17-decahydrocyclopenta[a]phenanthren-17-yl]-5-(3-methyl-2-propan-2-yloxiran-2-yl)oxolan-2-one"
CC(=O)CC1(O)C(=O)C=C2C(=O)OC3C(OC(=O)c4cc(O)c(O)c(O)c4)OC4COC(=O)c5cc(O)c(O)c(O)c5-c5c(cc(O)c(O)c5O)C(=O)OC3C4OC(=O)c3cc(O)c(O)c4c3C2C1(O)O4,CC(=O)CC1(O)C(=O)C=C2C(=O)OC3C(OC(=O)c4cc(O)c(O)c(O)c4)OC4COC(=O)c5cc(O)c(O)c(O)c5-c5c(cc(O)c(O)c5O)C(=O)OC3C4OC(=O)c3cc(O)c(O)c4c3C2C1(O)O4,bitter,phytocompounds_db,"[2,3,14,15,16,19,20,21,36,37-decahydroxy-6,11,24,32,35-pentaoxo-36-(2-oxopropyl)-7,10,25,28,31,40-hexaoxaoctacyclo[35.2.1.05,39.08,27.09,30.012,17.018,23.033,38]tetraconta-1(39),2,4,12,14,16,18,20,22,33-decaen-29-yl] 3,4,5-trihydroxybenzoate"
C=C1CCC(O)C(C)=CC2OC(=O)C(C)C2CC1O,C=C1CCC(O)C(C)=CC2OC(=O)C(C)C2CC1O,bitter,tas2r_agonists,"5,9-dihydroxy-3,10-dimethyl-6-methylidene-3,3a,4,5,7,8,9,11a-octahydrocyclodeca[b]furan-2-one"
CCOC(=O)CSC(C)C(=O)O,CCOC(=O)CSC(C)C(=O)O,sour,IUPAC Dissocation Constants,2-(2-ethoxy-2-oxoethyl)sulfanylpropanoic acid
O=C(O)c1ccc([N+](=O)[O-])[nH]1,O=C(O)c1ccc([N+](=O)[O-])[nH]1,sour,IUPAC Dissocation Constants,5-nitro-1H-pyrrole-2-carboxylic acid
CN1C(=O)NC(=O)C(N(CC(=O)O)CC(=O)O)C1=O,CN1C(=O)NC(=O)C(N(CC(=O)O)CC(=O)O)C1=O,sour,IUPAC Dissocation Constants,"2-[carboxymethyl-(1-methyl-2,4,6-trioxo-1,3-diazinan-5-yl)amino]acetic acid"
O=c1cc(-c2ccccc2)oc2ccccc12,O=c1cc(-c2ccccc2)oc2ccccc12,bitter,chemtastes_db,2-phenylchromen-4-one
O=C1OC(CO)C(O)C(O)C1O,O=C1OC(CO)C(O)C(O)C1O,sour,phytocompounds_db,"3,4,5-trihydroxy-6-(hydroxymethyl)oxan-2-one"
CCC(C)C(=O)C1=C(O)C(O)(CC=C(C)C)C(=O)C(CC=C(C)C)C1=O,CCC(C)C(=O)C1=C(O)C(O)(CC=C(C)C)C(=O)C(CC=C(C)C)C1=O,bitter,flavor_db,"5,6-dihydroxy-4-(2-methylbutanoyl)-2,6-bis(3-methylbut-2-enyl)cyclohex-4-ene-1,3-dione"
CC(CC(=O)O)c1ccccc1,CC(CC(=O)O)c1ccccc1,sour,IUPAC Dissocation Constants,3-phenylbutanoic acid
CC(CCc1ccc(O)cc1)OC1OC(CO)C(O)C(O)C1O,CC(CCc1ccc(O)cc1)OC1OC(CO)C(O)C(O)C1O,bitter,chemtastes_db,"2-(hydroxymethyl)-6-[4-(4-hydroxyphenyl)butan-2-yloxy]oxane-3,4,5-triol"
CC(C)=CCC1(CC=C(C)C)C(=O)C(O)=C(C(=O)CC(C)C)C1=O,CC(C)=CCC1(CC=C(C)C)C(=O)C(O)=C(C(=O)CC(C)C)C1=O,bitter,chemtastes_db,"4-hydroxy-5-(3-methylbutanoyl)-2,2-bis(3-methylbut-2-enyl)cyclopent-4-ene-1,3-dione"
O=S(O)c1ccc(Br)cc1,O=S(O)c1ccc(Br)cc1,sour,IUPAC Dissocation Constants,4-bromobenzenesulfinic acid
COc1cc(O)c(CCC(C)(C)OC)c2c1C(=O)CC(c1ccc(O)cc1)O2,COc1cc(O)c(CCC(C)(C)OC)c2c1C(=O)CC(c1ccc(O)cc1)O2,bitter,chemtastes_db,"7-hydroxy-2-(4-hydroxyphenyl)-5-methoxy-8-(3-methoxy-3-methylbutyl)-2,3-dihydrochromen-4-one"
COc1cc(Cc2cnc(N)nc2N)cc(OC)c1OC,COc1cc(Cc2cnc(N)nc2N)cc(OC)c1OC,bitter,chemtastes_db,"5-[(3,4,5-trimethoxyphenyl)methyl]pyrimidine-2,4-diamine"
Nc1ccccc1S,Nc1ccccc1S,sour,IUPAC Dissocation Constants,2-aminobenzenethiol
O=C1N=C(O)C(Cl)=CC1(Cl)Cl,O=C1N=C(O)C(Cl)=CC1(Cl)Cl,sour,IUPAC Dissocation Constants,"3,3,5-trichloropyridine-2,6-dione"
C=C1C(=O)OC2CC(C)C(C(CC(C)=O)OC(C)=O)=CCC12,C=C1C(=O)OC2CC(C)C(C(CC(C)=O)OC(C)=O)=CCC12,bitter,phytocompounds_db,"[1-(7-methyl-3-methylidene-2-oxo-4,7,8,8a-tetrahydro-3aH-cyclohepta[b]furan-6-yl)-3-oxobutyl] acetate"
CC(C)=CCC(=O)[C@]1(O)C(O)=C(C(=O)CC(C)C)C(=O)[C@H]1CC=C(C)C,CC(C)=CCC(=O)[C@]1(O)C(O)=C(C(=O)CC(C)C)C(=O)[C@H]1CC=C(C)C,bitter,tas2r_agonists,"(4R,5S)-3,4-dihydroxy-2-(3-methylbutanoyl)-5-(3-methylbut-2-enyl)-4-(4-methylpent-3-enoyl)cyclopent-2-en-1-one"
O=C(O)CCl,O=C(O)CCl,sour,IUPAC Dissocation Constants,2-chloroacetic acid
COC(Cc1ccccc1)OC,COC(Cc1ccccc1)OC,bitter,chemtastes_db,"2,2-dimethoxyethylbenzene"
CCC1(CC)C(=O)NCC(C)C1=O,CCC1(CC)C(=O)NCC(C)C1=O,bitter,chemtastes_db,"3,3-diethyl-5-methylpiperidine-2,4-dione"
O=C(CCc1ccc(O)cc1)c1c(O)cc(O)cc1O,O=C(CCc1ccc(O)cc1)c1c(O)cc(O)cc1O,bitter,chemtastes_db,"3-(4-hydroxyphenyl)-1-(2,4,6-trihydroxyphenyl)propan-1-one"
CC(=O)OC1CC2(O)C3CCC4CC(OC(=O)CCCCCCC(=O)NC(CCCN=C(N)N)C(=O)O)CCC4(C)C3CCC2(C)C1c1ccc(=O)oc1,CC(=O)OC1CC2(O)C3CCC4CC(OC(=O)CCCCCCC(=O)NC(CCCN=C(N)N)C(=O)O)CCC4(C)C3CCC2(C)C1c1ccc(=O)oc1,bitter,chemtastes_db,"2-[[8-[[16-acetyloxy-14-hydroxy-10,13-dimethyl-17-(6-oxopyran-3-yl)-1,2,3,4,5,6,7,8,9,11,12,15,16,17-tetradecahydrocyclopenta[a]phenanthren-3-yl]oxy]-8-oxooctanoyl]amino]-5-(diaminomethylideneamino)pentanoic acid"
C=C1C2CCC3C45COC(O)(C(O)C4C(C)(C)C=CC5=O)C3(C2)C1OC(C)=O,C=C1C2CCC3C45COC(O)(C(O)C4C(C)(C)C=CC5=O)C3(C2)C1OC(C)=O,bitter,chemtastes_db,"(9,10-dihydroxy-12,12-dimethyl-6-methylidene-15-oxo-17-oxapentacyclo[7.6.2.15,8.01,11.02,8]octadec-13-en-7-yl) acetate"
O=c1ccc(Br)cc(Br)c1O,O=c1ccc(Br)cc(Br)c1O,sour,IUPAC Dissocation Constants,"3,5-dibromo-2-hydroxycyclohepta-2,4,6-trien-1-one"
CC(C)=CCC12CC3C(C)(C)CCC3(C(=O)C(C(=O)C(C)C)=C1O)C2=O,CC(C)=CCC12CC3C(C)(C)CCC3(C(=O)C(C(=O)C(C)C)=C1O)C2=O,bitter,chemtastes_db,"8-hydroxy-4,4-dimethyl-7-(3-methylbut-2-enyl)-9-(2-methylpropanoyl)tricyclo[5.3.1.01,5]undec-8-ene-10,11-dione"
CCCCCC=CCC=CCCCCCC=CC(=O)CC(O)COC(C)=O,CCCCCC=CCC=CCCCCCC=CC(=O)CC(O)COC(C)=O,bitter,chemtastes_db,"(2-hydroxy-4-oxohenicosa-5,12,15-trienyl) acetate"
C=CC1C(OC2OC(CO)C(O)C(O)C2OC(=O)c2c(O)cc(O)cc2-c2cccc(O)c2)OC=C2C(=O)OCCC21,C=CC1C(OC2OC(CO)C(O)C(O)C2OC(=O)c2c(O)cc(O)cc2-c2cccc(O)c2)OC=C2C(=O)OCCC21,bitter,chemtastes_db,"[2-[(4-ethenyl-8-oxo-4,4a,5,6-tetrahydro-3H-pyrano[3,4-c]pyran-3-yl)oxy]-4,5-dihydroxy-6-(hydroxymethyl)oxan-3-yl] 2,4-dihydroxy-6-(3-hydroxyphenyl)benzoate"
CNc1ccccc1C(=O)O,CNc1ccccc1C(=O)O,sour,IUPAC Dissocation Constants,2-(methylamino)benzoic acid
O=[N+]([O-])c1cc(-c2ccccc2)ccc1O,O=[N+]([O-])c1cc(-c2ccccc2)ccc1O,sour,IUPAC Dissocation Constants,2-nitro-4-phenylphenol
COc1cc(O)c2c(c1)CC(C)OC2=O,COc1cc(O)c2c(c1)CC(C)OC2=O,bitter,chemtastes_db,"8-hydroxy-6-methoxy-3-methyl-3,4-dihydroisochromen-1-one"
Cc1c(Br)cc(Br)c(O)c(=O)c1Br,Cc1c(Br)cc(Br)c(O)c(=O)c1Br,sour,IUPAC Dissocation Constants,"2,4,6-tribromo-7-hydroxy-3-methylcyclohepta-2,4,6-trien-1-one"
CC(C)c1ccc(C=NO)cc1,CC(C)c1ccc(C=NO)cc1,bitter,chemtastes_db,N-[(4-propan-2-ylphenyl)methylidene]hydroxylamine
O=c1c2ccccc2oc2ccccc12,O=c1c2ccccc2oc2ccccc12,bitter,chemtastes_db,xanthen-9-one
O=C(O)CN(CC(=O)O)C1CCCCC1O,O=C(O)CN(CC(=O)O)C1CCCCC1O,sour,IUPAC Dissocation Constants,2-[carboxymethyl-(2-hydroxycyclohexyl)amino]acetic acid
Nc1ccc(Oc2ccccc2)cc1C(=O)O,Nc1ccc(Oc2ccccc2)cc1C(=O)O,sour,IUPAC Dissocation Constants,2-amino-5-phenoxybenzoic acid
C[C@@H]1C[C@H]1C(=O)O,C[C@@H]1C[C@H]1C(=O)O,sour,IUPAC Dissocation Constants,"(1R,2R)-2-methylcyclopropane-1-carboxylic acid"
CCC(C)C(=O)OC(C)C1(O)CCC2(O)C3CCC4CC(OC5CC(OC)C(OC6CC(OC)C(OC7OC(C)C(OC8OC(CO)C(O)C(O)C8O)C(OC)C7O)C(C)O6)C(C)O5)CCC4(C)C3CC(OC(C)=O)C12C,CCC(C)C(=O)OC(C)C1(O)CCC2(O)C3CCC4CC(OC5CC(OC)C(OC6CC(OC)C(OC7OC(C)C(OC8OC(CO)C(O)C(O)C8O)C(OC)C7O)C(C)O6)C(C)O5)CCC4(C)C3CC(OC(C)=O)C12C,bitter,chemtastes_db,"1-[12-acetyloxy-14,17-dihydroxy-3-[5-[5-[3-hydroxy-4-methoxy-6-methyl-5-[3,4,5-trihydroxy-6-(hydroxymethyl)oxan-2-yl]oxyoxan-2-yl]oxy-4-methoxy-6-methyloxan-2-yl]oxy-4-methoxy-6-methyloxan-2-yl]oxy-10,13-dimethyl-2,3,4,5,6,7,8,9,11,12,15,16-dodecahydro-1H-cyclopenta[a]phenanthren-17-yl]ethyl 2-methylbutanoate"
CC(C)CC(NC(=O)CN)C(=O)O,CC(C)CC(NC(=O)CN)C(=O)O,bitter,chemtastes_db,2-[(2-aminoacetyl)amino]-4-methylpentanoic acid
CC1(O)C(=O)CC23COC(=O)C2=CCCC3C1(C)CCC1=CC(=O)OC1,CC1(O)C(=O)CC23COC(=O)C2=CCCC3C1(C)CCC1=CC(=O)OC1,bitter,phytocompounds_db,"8-hydroxy-7,8-dimethyl-7-[2-(5-oxo-2H-furan-3-yl)ethyl]-5,6,6a,10-tetrahydro-1H-benzo[d][2]benzofuran-3,9-dione"
Cc1ncc2ncc(O)nc2n1,Cc1ncc2ncc(O)nc2n1,sour,IUPAC Dissocation Constants,2-methyl-8H-pteridin-7-one
COc1ccc(-c2coc3cc(O)ccc3c2=O)cc1,COc1ccc(-c2coc3cc(O)ccc3c2=O)cc1,bitter,chemtastes_db,7-hydroxy-3-(4-methoxyphenyl)chromen-4-one
COc1cc(C=CC(=O)CC(=O)C=Cc2ccc(O)c(OC)c2)ccc1O,COc1cc(C=CC(=O)CC(=O)C=Cc2ccc(O)c(OC)c2)ccc1O,bitter,phytocompounds_db,"1,7-bis(4-hydroxy-3-methoxyphenyl)hepta-1,6-diene-3,5-dione"
CSCCC(N)C(=O)NO,CSCCC(N)C(=O)NO,sour,IUPAC Dissocation Constants,2-amino-N-hydroxy-4-methylsulfanylbutanamide
CC1CCC2(NC1)OC1CC3C4CC=C5CC(OC6OC(CO)C(O)C(OC7OC(CO)C(O)C(O)C7O)C6OC6OC(C)C(O)C(O)C6O)CCC5(C)C4CCC3(C)C1C2C,CC1CCC2(NC1)OC1CC3C4CC=C5CC(OC6OC(CO)C(O)C(OC7OC(CO)C(O)C(O)C7O)C6OC6OC(C)C(O)C(O)C6O)CCC5(C)C4CCC3(C)C1C2C,bitter,phytocompounds_db,"2-[5-hydroxy-6-(hydroxymethyl)-2-(5',7,9,13-tetramethylspiro[5-oxapentacyclo[10.8.0.02,9.04,8.013,18]icos-18-ene-6,2'-piperidine]-16-yl)oxy-4-[3,4,5-trihydroxy-6-(hydroxymethyl)oxan-2-yl]oxyoxan-3-yl]oxy-6-methyloxane-3,4,5-triol"
CC(CCC([N+](=O)[O-])[N+](=O)[O-])(N(F)F)N(F)F,CC(CCC([N+](=O)[O-])[N+](=O)[O-])(N(F)F)N(F)F,sour,IUPAC Dissocation Constants,"2-N,2-N,2-N',2-N'-tetrafluoro-5,5-dinitropentane-2,2-diamine"
Nc1ncnc2[nH]nnc12,Nc1ncnc2[nH]nnc12,sour,IUPAC Dissocation Constants,"2H-triazolo[4,5-d]pyrimidin-7-amine"
S=C(S)NCc1ccccc1,S=C(S)NCc1ccccc1,sour,IUPAC Dissocation Constants,benzylcarbamodithioic acid
Cc1nc2c(=O)[nH]c(=O)[nH]c2[nH]c1=O,Cc1nc2c(=O)[nH]c(=O)[nH]c2[nH]c1=O,sour,IUPAC Dissocation Constants,"6-methyl-1,8-dihydropteridine-2,4,7-trione"
O=C(O)c1ccc(O)cc1O,O=C(O)c1ccc(O)cc1O,sour,IUPAC Dissocation Constants,"2,4-dihydroxybenzoic acid"
O=C(O)c1cn(-c2ccccc2)nn1,O=C(O)c1cn(-c2ccccc2)nn1,sour,IUPAC Dissocation Constants,1-phenyltriazole-4-carboxylic acid
CC(=O)OC1C(OC(C)=O)C2(C)C(C(OC(C)=O)C3C2C(C)C=C2OC(=O)C(C)(O)C23C)C2C(O)C(=O)C3CC4OC4C(OC(C)=O)C3(C)C12,CC(=O)OC1C(OC(C)=O)C2(C)C(C(OC(C)=O)C3C2C(C)C=C2OC(=O)C(C)(O)C23C)C2C(O)C(=O)C3CC4OC4C(OC(C)=O)C3(C)C12,bitter,phytocompounds_db,"(10,14,25-triacetyloxy-3,22-dihydroxy-11,15,17,22,23-pentamethyl-4,21-dioxo-8,20-dioxaheptacyclo[13.10.0.02,12.05,11.07,9.016,24.019,23]pentacos-18-en-13-yl) acetate"
CC(=O)OC1CCC2(C)C1CCC1(C)C2CCC2C3(C)CCCC(C)(C)C3CCC21C,CC(=O)OC1CCC2(C)C1CCC1(C)C2CCC2C3(C)CCCC(C)(C)C3CCC21C,bitter,phytocompounds_db,"(5a,5b,8,8,11a,13b-hexamethyl-1,2,3,3a,4,5,6,7,7a,9,10,11,11b,12,13,13a-hexadecahydrocyclopenta[a]chrysen-3-yl) acetate"
O=C(O)C1(O)CCCC1,O=C(O)C1(O)CCCC1,sour,IUPAC Dissocation Constants,1-hydroxycyclopentane-1-carboxylic acid
COc1c(N2CCNC(C)C2)c(F)cc2c(=O)c(C(=O)O)cn(C3CC3)c12,COc1c(N2CCNC(C)C2)c(F)cc2c(=O)c(C(=O)O)cn(C3CC3)c12,bitter,chemtastes_db,1-cyclopropyl-6-fluoro-8-methoxy-7-(3-methylpiperazin-1-yl)-4-oxoquinoline-3-carboxylic acid
O=c1cc(-c2ccc(O)cc2)oc2c(C3OC(CO)C(O)C(O)C3O)c(O)cc(O)c12,O=c1cc(-c2ccc(O)cc2)oc2c(C3OC(CO)C(O)C(O)C3O)c(O)cc(O)c12,bitter,phytocompounds_db,"5,7-dihydroxy-2-(4-hydroxyphenyl)-8-[3,4,5-trihydroxy-6-(hydroxymethyl)oxan-2-yl]chromen-4-one"
Cc1cccc(C(=O)O)c1O,Cc1cccc(C(=O)O)c1O,sour,IUPAC Dissocation Constants,2-hydroxy-3-methylbenzoic acid
CC(C)(C)C(C(=O)O)C(C(=O)O)C(C)(C)C,CC(C)(C)C(C(=O)O)C(C(=O)O)C(C)(C)C,sour,IUPAC Dissocation Constants,"2,3-ditert-butylbutanedioic acid"
COC1=CC(C)C2CC3OC(=O)CC4C(C)C(OC)C(OC(C)=O)C(C2(C)C1=O)C34C,COC1=CC(C)C2CC3OC(=O)CC4C(C)C(OC)C(OC(C)=O)C(C2(C)C1=O)C34C,bitter,phytocompounds_db,"(4,15-dimethoxy-2,6,14,17-tetramethyl-3,11-dioxo-10-oxatetracyclo[7.7.1.02,7.013,17]heptadec-4-en-16-yl) acetate"
CS(C)=O,C[S+](C)[O-],bitter,chemtastes_db,methylsulfinylmethane
Cc1ccc(CC(=O)O)cc1,Cc1ccc(CC(=O)O)cc1,sour,IUPAC Dissocation Constants,2-(4-methylphenyl)acetic acid
Oc1ccc(C=Cc2cc(O)cc(O)c2)cc1,Oc1ccc(C=Cc2cc(O)cc(O)c2)cc1,bitter,chemtastes_db,"5-[2-(4-hydroxyphenyl)ethenyl]benzene-1,3-diol"
Nc1cc(C(=O)O)cc2ccccc12,Nc1cc(C(=O)O)cc2ccccc12,sour,IUPAC Dissocation Constants,4-aminonaphthalene-2-carboxylic acid
NC(CS)C(=O)O,NC(CS)C(=O)O,bitter,phytocompounds_db,2-amino-3-sulfanylpropanoic acid
CC(C)=CCC1OC(=O)C2C3CCC4C5(C)CCC(OC6OC(COC7OC(C)C(O)C(O)C7O)C(O)C(O)C6O)C(C)(C)C5CCC4(C)C3(C)C(=O)OC12CO,CC(C)=CCC1OC(=O)C2C3CCC4C5(C)CCC(OC6OC(COC7OC(C)C(O)C(O)C7O)C(O)C(O)C6O)C(C)(C)C5CCC4(C)C3(C)C(=O)OC12CO,bitter,phytocompounds_db,"5-(hydroxymethyl)-1,2,14,18,18-pentamethyl-6-(3-methylbut-2-enyl)-17-[3,4,5-trihydroxy-6-[(3,4,5-trihydroxy-6-methyloxan-2-yl)oxymethyl]oxan-2-yl]oxy-4,7-dioxapentacyclo[11.8.0.02,10.05,9.014,19]henicosane-3,8-dione"
Nc1cccc(S(=O)(=O)O)c1,Nc1cccc(S(=O)(=O)O)c1,sour,IUPAC Dissocation Constants,3-aminobenzenesulfonic acid
COC1=CC(C)C2CC3OC(=O)CC4C(C)C(OC)C(O)C(C2(C)C1=O)C34C,COC1=CC(C)C2CC3OC(=O)CC4C(C)C(OC)C(O)C(C2(C)C1=O)C34C,bitter,phytocompounds_db,"16-hydroxy-4,15-dimethoxy-2,6,14,17-tetramethyl-10-oxatetracyclo[7.7.1.02,7.013,17]heptadec-4-ene-3,11-dione"
O=C(O)C(=O)CO,O=C(O)C(=O)CO,sour,flavor_db,3-hydroxy-2-oxopropanoic acid
Cc1cc(C(=O)O)cc(C)c1C,Cc1cc(C(=O)O)cc(C)c1C,sour,IUPAC Dissocation Constants,"3,4,5-trimethylbenzoic acid"
COc1cc(O)c2c(c1C(=O)C=Cc1ccc(O)cc1)OC(C)(C)C(O)C2,COc1cc(O)c2c(c1C(=O)C=Cc1ccc(O)cc1)OC(C)(C)C(O)C2,bitter,chemtastes_db,"1-(3,5-dihydroxy-7-methoxy-2,2-dimethyl-3,4-dihydrochromen-8-yl)-3-(4-hydroxyphenyl)prop-2-en-1-one"
COc1cc(C(=O)OCC23OC2C(O)C2C=COC(OC4OC(CO)C(O)C(O)C4O)C23)ccc1O,COc1cc(C(=O)OCC23OC2C(O)C2C=COC(OC4OC(CO)C(O)C(O)C4O)C23)ccc1O,bitter,phytocompounds_db,"[5-hydroxy-10-[3,4,5-trihydroxy-6-(hydroxymethyl)oxan-2-yl]oxy-3,9-dioxatricyclo[4.4.0.02,4]dec-7-en-2-yl]methyl 4-hydroxy-3-methoxybenzoate"
C=C(C=O)C1CCC(C)C1C=O,C=C(C=O)C1CCC(C)C1C=O,bitter,phytocompounds_db,2-methyl-5-(3-oxoprop-1-en-2-yl)cyclopentane-1-carbaldehyde
C=C1C2CCC3(CCC4C5(C)CCCC4(C4OCCN4C5)C3C2)C1O,C=C1C2CCC3(CCC4C5(C)CCCC4(C4OCCN4C5)C3C2)C1O,bitter,phytocompounds_db,"11-methyl-5-methylidene-16-oxa-13-azahexacyclo[9.6.3.24,7.01,10.02,7.013,17]docosan-6-ol"
O=CN1c2ccccc2C(=O)N2CCc3c([nH]c4ccccc34)C21,O=CN1c2ccccc2C(=O)N2CCc3c([nH]c4ccccc34)C21,bitter,phytocompounds_db,"14-oxo-3,13,21-triazapentacyclo[11.8.0.02,10.04,9.015,20]henicosa-2(10),4,6,8,15,17,19-heptaene-21-carbaldehyde"
CC12CCC(C1)C(C)(C)C2O,CC12CCC(C1)C(C)(C)C2O,bitter,chemtastes_db,"1,3,3-trimethylbicyclo[2.2.1]heptan-2-ol"
C=C(C)C1CC=C(C=NO)CC1,C=C(C)C1CC=C(C=NO)CC1,bitter,phytocompounds_db,N-[(4-prop-1-en-2-ylcyclohexen-1-yl)methylidene]hydroxylamine
CC(=O)NCC(C)C,CC(=O)NCC(C)C,bitter,chemtastes_db,N-(2-methylpropyl)acetamide
CC[C@@]1(C(=O)O)C[C@]1(CC)C(=O)O,CC[C@@]1(C(=O)O)C[C@]1(CC)C(=O)O,sour,IUPAC Dissocation Constants,"(1S,2R)-1,2-diethylcyclopropane-1,2-dicarboxylic acid"
COc1ccc(NC(C)=O)cc1,COc1ccc(NC(C)=O)cc1,bitter,chemtastes_db,N-(4-methoxyphenyl)acetamide
O=C1C[C@@H](C(=O)O)[C@H](C(=O)O)C1,O=C1C[C@@H](C(=O)O)[C@H](C(=O)O)C1,sour,IUPAC Dissocation Constants,"(1R,2R)-4-oxocyclopentane-1,2-dicarboxylic acid"
COc1cc(C=CC(=O)O)ccc1O,COc1cc(C=CC(=O)O)ccc1O,sour,phytocompounds_db,3-(4-hydroxy-3-methoxyphenyl)prop-2-enoic acid
CC1CCCC(C)N1,CC1CCCC(C)N1,bitter,chemtastes_db,"2,6-dimethylpiperidine"
CC1CCC2(OC1)OC1C(O)C3C4CCC5CC(OC6OC(CO)C(OC7OC(CO)C(O)C(OC8OCC(O)C(O)C8O)C7OC7OC(CO)C(O)C(OC8OC(CO)C(O)C(O)C8O)C7O)C(O)C6O)C(O)CC5(C)C4CCC3(C)C1C2C,CC1CCC2(OC1)OC1C(O)C3C4CCC5CC(OC6OC(CO)C(OC7OC(CO)C(O)C(OC8OCC(O)C(O)C8O)C7OC7OC(CO)C(O)C(OC8OC(CO)C(O)C(O)C8O)C7O)C(O)C6O)C(O)CC5(C)C4CCC3(C)C1C2C,bitter,phytocompounds_db,"2-[2-[2-[6-(3,15-dihydroxy-5',7,9,13-tetramethylspiro[5-oxapentacyclo[10.8.0.02,9.04,8.013,18]icosane-6,2'-oxane]-16-yl)oxy-4,5-dihydroxy-2-(hydroxymethyl)oxan-3-yl]oxy-5-hydroxy-6-(hydroxymethyl)-4-(3,4,5-trihydroxyoxan-2-yl)oxyoxan-3-yl]oxy-3,5-dihydroxy-6-(hydroxymethyl)oxan-4-yl]oxy-6-(hydroxymethyl)oxane-3,4,5-triol"
CC(C)CNC(=O)C=CCCc1ccc2c(c1)OCO2,CC(C)CNC(=O)C=CCCc1ccc2c(c1)OCO2,bitter,phytocompounds_db,"5-(1,3-benzodioxol-5-yl)-N-(2-methylpropyl)pent-2-enamide"
CC(SC(C)(C)C(=O)O)C(=O)O,CC(SC(C)(C)C(=O)O)C(=O)O,sour,IUPAC Dissocation Constants,2-(1-carboxyethylsulfanyl)-2-methylpropanoic acid
CN(C)C=S,CN(C)C=S,bitter,chemtastes_db,"N,N-dimethylmethanethioamide"
O=C(O)c1ccccc1,O=C(O)c1ccccc1,sour,chemtastes_db,benzoic acid
CC(=O)Oc1ccccc1C(=O)O,CC(=O)Oc1ccccc1C(=O)O,sour,IUPAC Dissocation Constants,2-acetyloxybenzoic acid
Oc1nc2cncnc2nc1O,Oc1nc2cncnc2nc1O,sour,IUPAC Dissocation Constants,"5,8-dihydropteridine-6,7-dione"
CCOC(=O)c1cc(NCCO)c(C(=O)O)cc1NCCO,CCOC(=O)c1cc(NCCO)c(C(=O)O)cc1NCCO,sour,IUPAC Dissocation Constants,"4-ethoxycarbonyl-2,5-bis(2-hydroxyethylamino)benzoic acid"
NC(Cc1c[nH]c2ccccc12)C(=O)NC(Cc1c[nH]c2ccccc12)C(=O)O,NC(Cc1c[nH]c2ccccc12)C(=O)NC(Cc1c[nH]c2ccccc12)C(=O)O,bitter,chemtastes_db,2-[[2-amino-3-(1H-indol-3-yl)propanoyl]amino]-3-(1H-indol-3-yl)propanoic acid
CC1=CC(=O)C(O)C2(C)C1CC1OC(=O)CC3C(C)C4(O)C(=O)OCC13C42,CC1=CC(=O)C(O)C2(C)C1CC1OC(=O)CC3C(C)C4(O)C(=O)OCC13C42,bitter,phytocompounds_db,"5,17-dihydroxy-6,14,18-trimethyl-3,10-dioxapentacyclo[9.8.0.01,7.05,19.013,18]nonadec-14-ene-4,9,16-trione"
Cc1o[nH]c(=O)c1C,Cc1o[nH]c(=O)c1C,sour,IUPAC Dissocation Constants,"4,5-dimethyl-1,2-oxazol-3-one"
COc1cc(C=O)cc([N+](=O)[O-])c1O,COc1cc(C=O)cc([N+](=O)[O-])c1O,sour,IUPAC Dissocation Constants,4-hydroxy-3-methoxy-5-nitrobenzaldehyde
CC(=O)C[N+](=O)[O-],CC(=O)C[N+](=O)[O-],sour,IUPAC Dissocation Constants,1-nitropropan-2-one
O=C=NCCc1ccccc1,O=C=NCCc1ccccc1,bitter,chemtastes_db,2-isocyanatoethylbenzene
C=C(C(=O)OC1CC(C)=CCCC(CO)=CC2OC(=O)C(=C)C21)C(O)CO,C=C(C(=O)OC1CC(C)=CCCC(CO)=CC2OC(=O)C(=C)C21)C(O)CO,bitter,chemtastes_db,"[10-(hydroxymethyl)-6-methyl-3-methylidene-2-oxo-3a,4,5,8,9,11a-hexahydrocyclodeca[b]furan-4-yl] 3,4-dihydroxy-2-methylidenebutanoate"
COc1cc(O)c(CC(O)C(C)(C)OC)c(O)c1C(=O)C=Cc1ccc(O)cc1,COc1cc(O)c(CC(O)C(C)(C)OC)c(O)c1C(=O)C=Cc1ccc(O)cc1,bitter,phytocompounds_db,"1-[2,4-dihydroxy-3-(2-hydroxy-3-methoxy-3-methylbutyl)-6-methoxyphenyl]-3-(4-hydroxyphenyl)prop-2-en-1-one"
O=Cc1ccncc1O,O=Cc1ccncc1O,sour,IUPAC Dissocation Constants,3-hydroxypyridine-4-carbaldehyde
CCCCc1c(O)ncnc1S,CCCCc1c(O)ncnc1S,sour,IUPAC Dissocation Constants,5-butyl-4-sulfanyl-1H-pyrimidin-6-one
C=C1C2CCC(C2)C1(C)CCC=C(C)COC(C)=O,C=C1C2CCC(C2)C1(C)CCC=C(C)COC(C)=O,bitter,flavor_db,[2-methyl-5-(2-methyl-3-methylidene-2-bicyclo[2.2.1]heptanyl)pent-2-enyl] acetate
COC(C)C1CCC=C(C)C1,COC(C)C1CCC=C(C)C1,bitter,chemtastes_db,5-(1-methoxyethyl)-1-methylcyclohexene
O=c1cc(-c2ccc(O)cc2)oc2cc(O)ccc12,O=c1cc(-c2ccc(O)cc2)oc2cc(O)ccc12,bitter,chemtastes_db,7-hydroxy-2-(4-hydroxyphenyl)chromen-4-one
COC(=O)CC1C2(C)C=CC(=O)C3(C)COC(C32)C2OC3CC(C4=CC(O)OC4=O)C(C)=C3C21C,COC(=O)CC1C2(C)C=CC(=O)C3(C)COC(C32)C2OC3CC(C4=CC(O)OC4=O)C(C)=C3C21C,bitter,phytocompounds_db,"methyl 2-[6-(2-hydroxy-5-oxo-2H-furan-4-yl)-7,9,11,15-tetramethyl-14-oxo-3,17-dioxapentacyclo[9.6.1.02,9.04,8.015,18]octadeca-7,12-dien-10-yl]acetate"
O=C(O)c1ccc(=O)oc1,O=C(O)c1ccc(=O)oc1,sour,IUPAC Dissocation Constants,6-oxopyran-3-carboxylic acid
CC(C)CC=O,CC(C)CC=O,sour,flavor_db,3-methylbutanal
O=C(O)C(O)CC([N+](=O)[O-])([N+](=O)[O-])[N+](=O)[O-],O=C(O)C(O)CC([N+](=O)[O-])([N+](=O)[O-])[N+](=O)[O-],sour,IUPAC Dissocation Constants,"2-hydroxy-4,4,4-trinitrobutanoic acid"
CN1CCN(C(=S)S)CC1,CN1CCN(C(=S)S)CC1,sour,IUPAC Dissocation Constants,4-methylpiperazine-1-carbodithioic acid
O=C(O)Cc1ccccc(O)c1=O,O=C(O)Cc1ccccc(O)c1=O,sour,IUPAC Dissocation Constants,"2-(2-hydroxy-3-oxocyclohepta-1,4,6-trien-1-yl)acetic acid"
Sc1nc2cncnc2nc1S,Sc1nc2cncnc2nc1S,sour,IUPAC Dissocation Constants,"5,8-dihydropteridine-6,7-dithione"
O=C(O)c1cc(=O)cc(C(=O)O)[nH]1,O=C(O)c1cc(=O)cc(C(=O)O)[nH]1,sour,IUPAC Dissocation Constants,"4-oxo-1H-pyridine-2,6-dicarboxylic acid"
CCOC(=O)c1ccc(O)c([N+](=O)[O-])c1,CCOC(=O)c1ccc(O)c([N+](=O)[O-])c1,sour,IUPAC Dissocation Constants,ethyl 4-hydroxy-3-nitrobenzoate
CC(C)=CCCC(C)(O)C1CCC(C)=CC1=O,CC(C)=CCCC(C)(O)C1CCC(C)=CC1=O,bitter,phytocompounds_db,6-(2-hydroxy-6-methylhept-5-en-2-yl)-3-methylcyclohex-2-en-1-one
CC1=CC(=O)C2(O)OC3=C4C5(CO)C(CC1C42C)OC(=O)CC5C(C)C3=O,CC1=CC(=O)C2(O)OC3=C4C5(CO)C(CC1C42C)OC(=O)CC5C(C)C3=O,bitter,phytocompounds_db,"5-hydroxy-15-(hydroxymethyl)-2,9,17-trimethyl-6,13-dioxapentacyclo[12.3.1.05,17.07,16.010,15]octadeca-2,7(16)-diene-4,8,12-trione"
CCC(Br)(CC)C(N)=O,CCC(Br)(CC)C(N)=O,bitter,chemtastes_db,2-bromo-2-ethylbutanamide
O=C(CC(=O)C(F)(F)F)c1ccc[se]1,O=C(CC(=O)C(F)(F)F)c1ccc[se]1,sour,IUPAC Dissocation Constants,"4,4,4-trifluoro-1-selenophen-2-ylbutane-1,3-dione"
CC(C)SP(C)(=O)O,CC(C)SP(C)(=O)O,sour,IUPAC Dissocation Constants,methyl(propan-2-ylsulfanyl)phosphinic acid
CCc1ccc(C(O)C(=O)O)cc1,CCc1ccc(C(O)C(=O)O)cc1,sour,IUPAC Dissocation Constants,2-(4-ethylphenyl)-2-hydroxyacetic acid
Nc1ccc(F)cc1C(=O)O,Nc1ccc(F)cc1C(=O)O,sour,IUPAC Dissocation Constants,2-amino-5-fluorobenzoic acid
CC12CCC(C1)C(C)(C)C2=O,CC12CCC(C1)C(C)(C)C2=O,bitter,chemtastes_db,"1,3,3-trimethylbicyclo[2.2.1]heptan-2-one"
NC(CCC(=O)NC(Cc1ccc(O)cc1)C(=O)O)C(=O)O,NC(CCC(=O)NC(Cc1ccc(O)cc1)C(=O)O)C(=O)O,bitter,chemtastes_db,2-amino-5-[[1-carboxy-2-(4-hydroxyphenyl)ethyl]amino]-5-oxopentanoic acid
COc1ccc2c(c1)C(=O)NS2(=O)=O,COc1ccc2c(c1)C(=O)NS2(=O)=O,bitter,chemtastes_db,"5-methoxy-1,1-dioxo-1,2-benzothiazol-3-one"
CC(=CCO)COC1OC(COC(=O)c2ccc(O)cc2)C(O)C(O)C1O,CC(=CCO)COC1OC(COC(=O)c2ccc(O)cc2)C(O)C(O)C1O,bitter,phytocompounds_db,"[3,4,5-trihydroxy-6-(4-hydroxy-2-methylbut-2-enoxy)oxan-2-yl]methyl 4-hydroxybenzoate"
O=C(O)CC(CC(=O)O)c1ccccc1,O=C(O)CC(CC(=O)O)c1ccccc1,sour,IUPAC Dissocation Constants,3-phenylpentanedioic acid
CC1=CC(=O)C(O)C2(C)C1CC1OC(=O)CC3C(C)C(O)C(O)C2C13C,CC1=CC(=O)C(O)C2(C)C1CC1OC(=O)CC3C(C)C(O)C(O)C2C13C,bitter,phytocompounds_db,"3,15,16-trihydroxy-2,6,14,17-tetramethyl-10-oxatetracyclo[7.7.1.02,7.013,17]heptadec-5-ene-4,11-dione"
CC1=C2C3OC(=O)C(C)C3CCC(C)(O)C2C2C3C(O)C4(C)OC5(C)CCC6C(C)C(=O)OC6C4(C12)C35,CC1=C2C3OC(=O)C(C)C3CCC(C)(O)C2C2C3C(O)C4(C)OC5(C)CCC6C(C)C(=O)OC6C4(C12)C35,bitter,phytocompounds_db,"12,16-dihydroxy-3,8,12,17,19,23-hexamethyl-6,18,25-trioxaoctacyclo[13.11.1.01,17.02,14.04,13.05,9.019,27.022,26]heptacos-3-ene-7,24-dione"
O=c1cc(-c2ccc(O)c(O)c2)oc2cc(OC3OC(CO)C(O)C(O)C3O)cc(O)c12,O=c1cc(-c2ccc(O)c(O)c2)oc2cc(OC3OC(CO)C(O)C(O)C3O)cc(O)c12,bitter,phytocompounds_db,"2-(3,4-dihydroxyphenyl)-5-hydroxy-7-[3,4,5-trihydroxy-6-(hydroxymethyl)oxan-2-yl]oxychromen-4-one"
Cc1cc(C)c(C(=O)O)c(C)c1,Cc1cc(C)c(C(=O)O)c(C)c1,sour,IUPAC Dissocation Constants,"2,4,6-trimethylbenzoic acid"
O=[PH](O)Cc1ccc(Cl)cc1,O=[PH](O)Cc1ccc(Cl)cc1,sour,IUPAC Dissocation Constants,(4-chlorophenyl)methyl-hydroxy-oxophosphanium
COc1cccc([N+](=O)[O-])c1O,COc1cccc([N+](=O)[O-])c1O,sour,IUPAC Dissocation Constants,2-methoxy-6-nitrophenol
O=C(O)COc1ccc(Cl)c(Cl)c1,O=C(O)COc1ccc(Cl)c(Cl)c1,sour,IUPAC Dissocation Constants,"2-(3,4-dichlorophenoxy)acetic acid"
CCC(=O)OC(C)C,CCC(=O)OC(C)C,bitter,flavor_db,propan-2-yl propanoate
O=C(O)C=CC(=O)O,O=C(O)C=CC(=O)O,sour,chemtastes_db,but-2-enedioic acid
O=C(O)CCC(CCC(=O)O)C(=O)O,O=C(O)CCC(CCC(=O)O)C(=O)O,sour,IUPAC Dissocation Constants,"pentane-1,3,5-tricarboxylic acid"
S=C(S)N1CCSCC1,S=C(S)N1CCSCC1,sour,IUPAC Dissocation Constants,thiomorpholine-4-carbodithioic acid
CC(C)=CCC1=C(O)C(CC=C(C)C)(CC=C(C)C)C(=O)C(C(=O)C(C)C)=C1O,CC(C)=CCC1=C(O)C(CC=C(C)C)(CC=C(C)C)C(=O)C(C(=O)C(C)C)=C1O,bitter,chemtastes_db,"3,5-dihydroxy-4,6,6-tris(3-methylbut-2-enyl)-2-(2-methylpropanoyl)cyclohexa-2,4-dien-1-one"
O=C(O)c1cccc([N+](=O)[O-])c1O,O=C(O)c1cccc([N+](=O)[O-])c1O,sour,IUPAC Dissocation Constants,2-hydroxy-3-nitrobenzoic acid
CC=Cc1cc(OC)ccc1OC(=O)C(C)CC,CC=Cc1cc(OC)ccc1OC(=O)C(C)CC,bitter,chemtastes_db,(4-methoxy-2-prop-1-enylphenyl) 2-methylbutanoate
CC(=O)NCC([N+](=O)[O-])[N+](=O)[O-],CC(=O)NCC([N+](=O)[O-])[N+](=O)[O-],sour,IUPAC Dissocation Constants,"N-(2,2-dinitroethyl)acetamide"
O=C(NO)C(=O)NO,O=C(NO)C(=O)NO,sour,IUPAC Dissocation Constants,"N,N'-dihydroxyoxamide"
c1ncc2nn[nH]c2n1,c1ncc2nn[nH]c2n1,sour,IUPAC Dissocation Constants,"2H-triazolo[4,5-d]pyrimidine"
O=C(OCC1OC(OC2(CO)OC(CO)C(O)C2O)C(O)C(O)C1O)c1ccccc1,O=C(OCC1OC(OC2(CO)OC(CO)C(O)C2O)C(O)C(O)C1O)c1ccccc1,bitter,chemtastes_db,"[6-[3,4-dihydroxy-2,5-bis(hydroxymethyl)oxolan-2-yl]oxy-3,4,5-trihydroxyoxan-2-yl]methyl benzoate"
C=C1C(O)CCC(C)=CC2OC(=O)C(C)C2CC1OC(C)=O,C=C1C(O)CCC(C)=CC2OC(=O)C(C)C2CC1OC(C)=O,bitter,chemtastes_db,"(7-hydroxy-3,10-dimethyl-6-methylidene-2-oxo-3,3a,4,5,7,8,9,11a-octahydrocyclodeca[b]furan-5-yl) acetate"
O=c1c(-c2ccc(O)cc2)coc2cc(OC3OC(CO)C(O)C(O)C3O)cc(O)c12,O=c1c(-c2ccc(O)cc2)coc2cc(OC3OC(CO)C(O)C(O)C3O)cc(O)c12,bitter,flavor_db,"5-hydroxy-3-(4-hydroxyphenyl)-7-[3,4,5-trihydroxy-6-(hydroxymethyl)oxan-2-yl]oxychromen-4-one"
CC[C@@]1(C(=O)O)C[C@@]1(CC)C(=O)O,CC[C@@]1(C(=O)O)C[C@@]1(CC)C(=O)O,sour,IUPAC Dissocation Constants,"(1R,2R)-1,2-diethylcyclopropane-1,2-dicarboxylic acid"
COc1cc2c(c(O)c1OC)C(=O)CC(c1ccc(O)cc1)O2,COc1cc2c(c(O)c1OC)C(=O)CC(c1ccc(O)cc1)O2,bitter,phytocompounds_db,"5-hydroxy-2-(4-hydroxyphenyl)-6,7-dimethoxy-2,3-dihydrochromen-4-one"
CNc1ccn([C@@H]2O[C@H](CO)[C@@H](O)[C@H]2O)c(=O)n1,CNc1ccn([C@@H]2O[C@H](CO)[C@@H](O)[C@H]2O)c(=O)n1,sour,IUPAC Dissocation Constants,"1-[(2R,3R,4S,5R)-3,4-dihydroxy-5-(hydroxymethyl)oxolan-2-yl]-4-(methylamino)pyrimidin-2-one"
COP(=O)(O)OP(=O)(O)OP(=O)(O)O,COP(=O)(O)OP(=O)(O)OP(=O)(O)O,sour,IUPAC Dissocation Constants,[hydroxy(methoxy)phosphoryl] phosphono hydrogen phosphate
COc1cc(C=CC(=O)Nc2ccccc2C(=O)O)ccc1O,COc1cc(C=CC(=O)Nc2ccccc2C(=O)O)ccc1O,bitter,chemtastes_db,2-[3-(4-hydroxy-3-methoxyphenyl)prop-2-enoylamino]benzoic acid
O=C(OC1Cc2c(O)cc(O)c(C3c4c(O)cc(O)cc4OC(c4cc(O)c(O)c(O)c4)C3O)c2OC1c1ccc(O)c(O)c1)c1cc(O)c(O)c(O)c1,O=C(OC1Cc2c(O)cc(O)c(C3c4c(O)cc(O)cc4OC(c4cc(O)c(O)c(O)c4)C3O)c2OC1c1ccc(O)c(O)c1)c1cc(O)c(O)c(O)c1,bitter,phytocompounds_db,"[2-(3,4-dihydroxyphenyl)-5,7-dihydroxy-8-[3,5,7-trihydroxy-2-(3,4,5-trihydroxyphenyl)-3,4-dihydro-2H-chromen-4-yl]-3,4-dihydro-2H-chromen-3-yl] 3,4,5-trihydroxybenzoate"
O=C(C=Cc1ccccc1)OC1CCN2CC3CC(CN4C(=O)CCCC34)C2C1,O=C(C=Cc1ccccc1)OC1CCN2CC3CC(CN4C(=O)CCCC34)C2C1,bitter,chemtastes_db,"(14-oxo-7,15-diazatetracyclo[7.7.1.02,7.010,15]heptadecan-4-yl) 3-phenylprop-2-enoate"
Nc1ccc(CC(=O)O)cc1,Nc1ccc(CC(=O)O)cc1,sour,IUPAC Dissocation Constants,2-(4-aminophenyl)acetic acid
CC1=CC2OC(=O)C(C)C2CCC(C(=O)OC2C(O)C(O)OC(CO)C2O)=CCC1,CC1=CC2OC(=O)C(C)C2CCC(C(=O)OC2C(O)C(O)OC(CO)C2O)=CCC1,bitter,phytocompounds_db,"[2,3,5-trihydroxy-6-(hydroxymethyl)oxan-4-yl] 3,10-dimethyl-2-oxo-3a,4,5,8,9,11a-hexahydro-3H-cyclodeca[b]furan-6-carboxylate"
O=c1c(O)c(-c2ccccc2O)oc2cc(O)cc(O)c12,O=c1c(O)c(-c2ccccc2O)oc2cc(O)cc(O)c12,bitter,chemtastes_db,"3,5,7-trihydroxy-2-(2-hydroxyphenyl)chromen-4-one"
COc1ccc(C(=O)O)s1,COc1ccc(C(=O)O)s1,sour,IUPAC Dissocation Constants,5-methoxythiophene-2-carboxylic acid
CC(=CC(=O)O)C(=O)O,CC(=CC(=O)O)C(=O)O,bitter,phytocompounds_db,2-methylbut-2-enedioic acid
CCC(C)C1NC(=O)C(C)NC1=O,CCC(C)C1NC(=O)C(C)NC1=O,bitter,chemtastes_db,"3-butan-2-yl-6-methylpiperazine-2,5-dione"
CC(N)C(O)c1ccccc1,CC(N)C(O)c1ccccc1,bitter,phytocompounds_db,2-amino-1-phenylpropan-1-ol
CCCC(C)(C)C(=O)O,CCCC(C)(C)C(=O)O,sour,IUPAC Dissocation Constants,"2,2-dimethylpentanoic acid"
CC1=CC=C(C(C)C)CC1,CC1=CC=C(C(C)C)CC1,bitter,chemtastes_db,"1-methyl-4-propan-2-ylcyclohexa-1,3-diene"
O=C(O)C12CCC(Br)(CC1)CC2,O=C(O)C12CCC(Br)(CC1)CC2,sour,IUPAC Dissocation Constants,4-bromobicyclo[2.2.2]octane-1-carboxylic acid
CN(C)c1ncnc2c1ncn2[C@@H]1O[C@H](CO)[C@@H](O)[C@H]1O,CN(C)c1ncnc2c1ncn2[C@@H]1O[C@H](CO)[C@@H](O)[C@H]1O,sour,IUPAC Dissocation Constants,"(2R,3R,4S,5R)-2-[6-(dimethylamino)purin-9-yl]-5-(hydroxymethyl)oxolane-3,4-diol"
O=C(O)c1cc(Cl)cc(C(=O)O)n1,O=C(O)c1cc(Cl)cc(C(=O)O)n1,sour,IUPAC Dissocation Constants,"4-chloropyridine-2,6-dicarboxylic acid"
O=C(C=Cc1ccccc1)OCC12OC1C(O)C1C=COC(OC3OC(CO)C(O)C(O)C3O)C12,O=C(C=Cc1ccccc1)OCC12OC1C(O)C1C=COC(OC3OC(CO)C(O)C(O)C3O)C12,bitter,phytocompounds_db,"[5-hydroxy-10-[3,4,5-trihydroxy-6-(hydroxymethyl)oxan-2-yl]oxy-3,9-dioxatricyclo[4.4.0.02,4]dec-7-en-2-yl]methyl 3-phenylprop-2-enoate"
COCC(=O)NN,COCC(=O)NN,sour,IUPAC Dissocation Constants,2-methoxyacetohydrazide
O=c1c(Cl)c[nH]c(Cl)c1Cl,O=c1c(Cl)c[nH]c(Cl)c1Cl,sour,IUPAC Dissocation Constants,"2,3,5-trichloro-1H-pyridin-4-one"
COc1cc2c3cc1Oc1cc(ccc1O)CC1c4c(cc(OC)c(O)c4Oc4ccc(cc4)CC3N(C)CC2)CCN1C,COc1cc2c3cc1Oc1cc(ccc1O)CC1c4c(cc(OC)c(O)c4Oc4ccc(cc4)CC3N(C)CC2)CCN1C,bitter,phytocompounds_db,"10,25-dimethoxy-15,30-dimethyl-7,23-dioxa-15,30-diazaheptacyclo[22.6.2.23,6.18,12.118,22.027,31.016,34]hexatriaconta-3(36),4,6(35),8(34),9,11,18(33),19,21,24,26,31-dodecaene-9,21-diol"
O=C(O)CSc1ccccc1[N+](=O)[O-],O=C(O)CSc1ccccc1[N+](=O)[O-],sour,IUPAC Dissocation Constants,2-(2-nitrophenyl)sulfanylacetic acid
CC1=CC(=O)C(C2=C(O)C(=O)C(C)=CC2=O)=C(O)C1=O,CC1=CC(=O)C(C2=C(O)C(=O)C(C)=CC2=O)=C(O)C1=O,sour,IUPAC Dissocation Constants,"3-hydroxy-2-(2-hydroxy-4-methyl-3,6-dioxocyclohexa-1,4-dien-1-yl)-5-methylcyclohexa-2,5-diene-1,4-dione"
Cc1cc(CN(C)C)c(O)c(CN(C)C)c1,Cc1cc(CN(C)C)c(O)c(CN(C)C)c1,sour,IUPAC Dissocation Constants,"2,6-bis[(dimethylamino)methyl]-4-methylphenol"
OC1CCCN2CC3CC(CN4CCCCC34)C12,OC1CCCN2CC3CC(CN4CCCCC34)C12,bitter,chemtastes_db,"7,15-diazatetracyclo[7.7.1.02,7.010,15]heptadecan-3-ol"
O=c1nc(Cc2ccccc2)[nH]c(O)c1[N+](=O)[O-],O=c1nc(Cc2ccccc2)[nH]c(O)c1[N+](=O)[O-],sour,IUPAC Dissocation Constants,2-benzyl-4-hydroxy-5-nitro-1H-pyrimidin-6-one
Sc1ccc(Cl)cc1,Sc1ccc(Cl)cc1,sour,IUPAC Dissocation Constants,4-chlorobenzenethiol
COc1c2ccoc2c(OC)c2oc(=O)ccc12,COc1c2ccoc2c(OC)c2oc(=O)ccc12,bitter,chemtastes_db,"4,9-dimethoxyfuro[3,2-g]chromen-7-one"
CC(C(=O)O)(c1ccccc1)N(CC(=O)O)CC(=O)O,CC(C(=O)O)(c1ccccc1)N(CC(=O)O)CC(=O)O,sour,IUPAC Dissocation Constants,2-[bis(carboxymethyl)amino]-2-phenylpropanoic acid
Cn1c(=O)ccc2ccccc21,Cn1c(=O)ccc2ccccc21,bitter,chemtastes_db,1-methylquinolin-2-one
CC1(C(=O)O)CCC2(C)CCC3(C)C(=CCC4C5(C)CCC(OC6OC(C(=O)O)C(O)C(O)C6OC6OC(C(=O)O)C(O)C(O)C6O)C(C)(C)C5CCC43C)C2C1,CC1(C(=O)O)CCC2(C)CCC3(C)C(=CCC4C5(C)CCC(OC6OC(C(=O)O)C(O)C(O)C6OC6OC(C(=O)O)C(O)C(O)C6O)C(C)(C)C5CCC43C)C2C1,bitter,phytocompounds_db,"6-[6-carboxy-2-[(11-carboxy-4,4,6a,6b,8a,11,14b-heptamethyl-1,2,3,4a,5,6,7,8,9,10,12,12a,14,14a-tetradecahydropicen-3-yl)oxy]-4,5-dihydroxyoxan-3-yl]oxy-3,4,5-trihydroxyoxane-2-carboxylic acid"
CC(C)CC(N)C(=O)NCC(=O)O,CC(C)CC(N)C(=O)NCC(=O)O,bitter,chemtastes_db,2-[(2-amino-4-methylpentanoyl)amino]acetic acid
COc1c(CC=C(C)C)c(=O)[nH]c2ccccc12,COc1c(CC=C(C)C)c(=O)[nH]c2ccccc12,bitter,phytocompounds_db,4-methoxy-3-(3-methylbut-2-enyl)-1H-quinolin-2-one
COc1cc(CC(CO)C(COC2OCC(O)C(O)C2O)Cc2cc(OC)c(O)c(OC)c2)cc(OC)c1O,COc1cc(CC(CO)C(COC2OCC(O)C(O)C2O)Cc2cc(OC)c(O)c(OC)c2)cc(OC)c1O,bitter,phytocompounds_db,"2-[4-hydroxy-2,3-bis[(4-hydroxy-3,5-dimethoxyphenyl)methyl]butoxy]oxane-3,4,5-triol"
O=c1ccccn1O,O=c1ccccn1O,sour,IUPAC Dissocation Constants,1-hydroxypyridin-2-one
CC(C)C(=O)O,CC(C)C(=O)O,sour,IUPAC Dissocation Constants,2-methylpropanoic acid
Cc1ccc(O)c(C=CC(=O)O)c1,Cc1ccc(O)c(C=CC(=O)O)c1,sour,IUPAC Dissocation Constants,3-(2-hydroxy-5-methylphenyl)prop-2-enoic acid
CC1CC2CC(=O)C3CCCN4CCCC2C34C1,CC1CC2CC(=O)C3CCCN4CCCC2C34C1,bitter,chemtastes_db,"15-methyl-6-azatetracyclo[8.6.0.01,6.02,13]hexadecan-11-one"
CC(=O)OC1C(=O)C(C)C2CC(=O)OC3CC4C(C)CC(OC5OC(CO)C(O)C(O)C5O)C(=O)C4(C)C1C32C,CC(=O)OC1C(=O)C(C)C2CC(=O)OC3CC4C(C)CC(OC5OC(CO)C(O)C(O)C5O)C(=O)C4(C)C1C32C,bitter,phytocompounds_db,"[2,6,14,17-tetramethyl-3,11,15-trioxo-4-[3,4,5-trihydroxy-6-(hydroxymethyl)oxan-2-yl]oxy-10-oxatetracyclo[7.7.1.02,7.013,17]heptadecan-16-yl] acetate"
O=C1Nc2nn[nH]c2C(NO)N1,O=C1Nc2nn[nH]c2C(NO)N1,sour,IUPAC Dissocation Constants,"7-(hydroxyamino)-2,4,6,7-tetrahydrotriazolo[4,5-d]pyrimidin-5-one"
CC1COc2c(N3CCN(C)CC3)c(F)cc3c(=O)c(C(=O)O)cn1c23,CC1COc2c(N3CCN(C)CC3)c(F)cc3c(=O)c(C(=O)O)cn1c23,bitter,chemtastes_db,"7-fluoro-2-methyl-6-(4-methylpiperazin-1-yl)-10-oxo-4-oxa-1-azatricyclo[7.3.1.05,13]trideca-5(13),6,8,11-tetraene-11-carboxylic acid"
CC1CC=C(C=NO)CC1,CC1CC=C(C=NO)CC1,bitter,chemtastes_db,N-[(4-methylcyclohexen-1-yl)methylidene]hydroxylamine
CO[C@H]1CC[C@H](C(=O)O)CC1,CO[C@H]1CC[C@H](C(=O)O)CC1,sour,IUPAC Dissocation Constants,4-methoxycyclohexane-1-carboxylic acid
C=C1CC23CC1(O)CCC2C12C=CC(O)C(C)(C(=O)O1)C2C3C(=O)O,C=C1CC23CC1(O)CCC2C12C=CC(O)C(C)(C(=O)O1)C2C3C(=O)O,sour,phytocompounds_db,"5,12-dihydroxy-11-methyl-6-methylidene-16-oxo-15-oxapentacyclo[9.3.2.15,8.01,10.02,8]heptadec-13-ene-9-carboxylic acid"
CCc1ccc(C(=O)O)s1,CCc1ccc(C(=O)O)s1,sour,IUPAC Dissocation Constants,5-ethylthiophene-2-carboxylic acid
COC(=O)C1C(OC(=O)C2C(c3ccccc3)C(C(=O)OC3CC4CCC(C3C(=O)OC)N4C)C2c2ccccc2)CC2CCC1N2C,COC(=O)C1C(OC(=O)C2C(c3ccccc3)C(C(=O)OC3CC4CCC(C3C(=O)OC)N4C)C2c2ccccc2)CC2CCC1N2C,bitter,phytocompounds_db,"bis(2-methoxycarbonyl-8-methyl-8-azabicyclo[3.2.1]octan-3-yl) 2,4-diphenylcyclobutane-1,3-dicarboxylate"
COc1cccc2c1S(=O)(=O)NC2=O,COc1cccc2c1S(=O)(=O)NC2=O,bitter,chemtastes_db,"7-methoxy-1,1-dioxo-1,2-benzothiazol-3-one"
O=C(O)c1cc(=O)c2cc(OCC(O)COc3cccc4oc(C(=O)O)cc(=O)c34)ccc2o1,O=C(O)c1cc(=O)c2cc(OCC(O)COc3cccc4oc(C(=O)O)cc(=O)c34)ccc2o1,bitter,chemtastes_db,5-[3-(2-carboxy-4-oxochromen-6-yl)oxy-2-hydroxypropoxy]-4-oxochromene-2-carboxylic acid
O=C(O)c1ccc(O)c(O)c1,O=C(O)c1ccc(O)c(O)c1,bitter,tas2r_agonists,"3,4-dihydroxybenzoic acid"
O=C(O)CSCCSCC(=O)O,O=C(O)CSCCSCC(=O)O,sour,IUPAC Dissocation Constants,2-[2-(carboxymethylsulfanyl)ethylsulfanyl]acetic acid
CC1=CC(=O)C(O)C2(C)C1CC1OC(=O)CC3C(C)C(O)C4(O)OCC13C42,CC1=CC(=O)C(O)C2(C)C1CC1OC(=O)CC3C(C)C(O)C4(O)OCC13C42,bitter,phytocompounds_db,"4,5,17-trihydroxy-6,14,18-trimethyl-3,10-dioxapentacyclo[9.8.0.01,7.04,19.013,18]nonadec-14-ene-9,16-dione"
CC(=O)c1cccc(C(N)C(=O)O)c1,CC(=O)c1cccc(C(N)C(=O)O)c1,sour,IUPAC Dissocation Constants,2-(3-acetylphenyl)-2-aminoacetic acid
CC(C)=CCC12CC3C(CC(C(C)(C)O)C3(C)C)(C(=O)C(C(=O)CC(C)C)=C1O)C2=O,CC(C)=CCC12CC3C(CC(C(C)(C)O)C3(C)C)(C(=O)C(C(=O)CC(C)C)=C1O)C2=O,bitter,chemtastes_db,"8-hydroxy-3-(2-hydroxypropan-2-yl)-4,4-dimethyl-9-(3-methylbutanoyl)-7-(3-methylbut-2-enyl)tricyclo[5.3.1.01,5]undec-8-ene-10,11-dione"
Cc1c(C(C)C)c(=O)n(-c2ccccc2)n1C,Cc1c(C(C)C)c(=O)n(-c2ccccc2)n1C,bitter,chemtastes_db,"1,5-dimethyl-2-phenyl-4-propan-2-ylpyrazol-3-one"
CCOc1ccc(NC(C)=O)cc1,CCOc1ccc(NC(C)=O)cc1,bitter,chemtastes_db,N-(4-ethoxyphenyl)acetamide
CC(C)c1ccc(O)c(=O)cc1,CC(C)c1ccc(O)c(=O)cc1,sour,IUPAC Dissocation Constants,"2-hydroxy-5-propan-2-ylcyclohepta-2,4,6-trien-1-one"
COc1cccc2c1cc([N+](=O)[O-])c1c(C(=O)O)cc3c(c12)OCO3,COc1cccc2c1cc([N+](=O)[O-])c1c(C(=O)O)cc3c(c12)OCO3,bitter,chemtastes_db,"8-methoxy-6-nitronaphtho[2,1-g][1,3]benzodioxole-5-carboxylic acid"
COc1ccc(-c2c(O)c(=O)c2=O)cc1,COc1ccc(-c2c(O)c(=O)c2=O)cc1,sour,IUPAC Dissocation Constants,"3-hydroxy-4-(4-methoxyphenyl)cyclobut-3-ene-1,2-dione"
COc1cc2c(=O)c(-c3ccc(O)cc3)coc2cc1O,COc1cc2c(=O)c(-c3ccc(O)cc3)coc2cc1O,bitter,chemtastes_db,7-hydroxy-3-(4-hydroxyphenyl)-6-methoxychromen-4-one
O=C(O)CC1Nc2c([nH]cnc2=O)NC1=O,O=C(O)CC1Nc2c([nH]cnc2=O)NC1=O,sour,IUPAC Dissocation Constants,"2-(4,7-dioxo-3,5,6,8-tetrahydropteridin-6-yl)acetic acid"
O=C(O)[C@@H]1CC[C@H](C(=O)O)[Se]1,O=C(O)[C@@H]1CC[C@H](C(=O)O)[Se]1,sour,IUPAC Dissocation Constants,"(2S,5R)-selenolane-2,5-dicarboxylic acid"
CC(=O)OC1OCC23C(CCC(C)(C)C12)OC(=O)C12CC(CC(=O)C13)C(C)C2=O,CC(=O)OC1OCC23C(CCC(C)(C)C12)OC(=O)C12CC(CC(=O)C13)C(C)C2=O,bitter,chemtastes_db,"(7,7,17-trimethyl-2,14,18-trioxo-3,10-dioxapentacyclo[14.2.1.01,13.04,12.08,12]nonadecan-9-yl) acetate"
CCCCCCCCCCCCCCCC(=O)OCC(O)CO,CCCCCCCCCCCCCCCC(=O)OCC(O)CO,bitter,chemtastes_db,"2,3-dihydroxypropyl hexadecanoate"
CC1CC2C3CCC4=CC(=O)C=CC4(C)C3(F)C(O)CC2(C)C1(O)C(=O)CO,CC1CC2C3CCC4=CC(=O)C=CC4(C)C3(F)C(O)CC2(C)C1(O)C(=O)CO,bitter,chemtastes_db,"9-fluoro-11,17-dihydroxy-17-(2-hydroxyacetyl)-10,13,16-trimethyl-6,7,8,11,12,14,15,16-octahydrocyclopenta[a]phenanthren-3-one"
O=Nc1c(O)cc(S(=O)(=O)O)c2cn[nH]c12,O=Nc1c(O)cc(S(=O)(=O)O)c2cn[nH]c12,sour,IUPAC Dissocation Constants,6-hydroxy-7-nitroso-1H-indazole-4-sulfonic acid
O=C(O)CSc1cccc([N+](=O)[O-])c1,O=C(O)CSc1cccc([N+](=O)[O-])c1,sour,IUPAC Dissocation Constants,2-(3-nitrophenyl)sulfanylacetic acid
O=C(O)CC(CC(=O)O)C(=O)O,O=C(O)CC(CC(=O)O)C(=O)O,sour,IUPAC Dissocation Constants,"propane-1,2,3-tricarboxylic acid"
COc1cc2ccc(=O)oc2c(O)c1OC,COc1cc2ccc(=O)oc2c(O)c1OC,bitter,phytocompounds_db,"8-hydroxy-6,7-dimethoxychromen-2-one"
N[C@@H](Cc1cc(Cl)c(O)c(Cl)c1)C(=O)O,N[C@@H](Cc1cc(Cl)c(O)c(Cl)c1)C(=O)O,sour,IUPAC Dissocation Constants,"(2S)-2-amino-3-(3,5-dichloro-4-hydroxyphenyl)propanoic acid"
O=C(O)c1ccnc(C(=O)O)c1,O=C(O)c1ccnc(C(=O)O)c1,sour,IUPAC Dissocation Constants,"pyridine-2,4-dicarboxylic acid"
CC(=O)OC1CC(C)=C2C=CC(C)(O)C2C2OC(=O)C(C)C12,CC(=O)OC1CC(C)=C2C=CC(C)(O)C2C2OC(=O)C(C)C12,bitter,phytocompounds_db,"(9-hydroxy-3,6,9-trimethyl-2-oxo-3,3a,4,5,9a,9b-hexahydroazuleno[4,5-b]furan-4-yl) acetate"
C=C1C(=O)OC2C1CCC(=C)C1CC(OC(C)=O)C(=C)C12,C=C1C(=O)OC2C1CCC(=C)C1CC(OC(C)=O)C(=C)C12,bitter,chemtastes_db,"(3,6,9-trimethylidene-2-oxo-3a,4,5,6a,7,8,9a,9b-octahydroazuleno[4,5-b]furan-8-yl) acetate"
CCOC(=O)c1ccccc1,CCOC(=O)c1ccccc1,bitter,chemtastes_db,ethyl benzoate
CCC(C)C(N)C(=O)O,CCC(C)C(N)C(=O)O,bitter,chemtastes_db,2-amino-3-methylpentanoic acid
O=C1OCC2OC(=O)c3cc(O)c(O)c(O)c3-c3c(O)c(O)c(O)c4c3C(=O)OC(C2OC(=O)c2cc(O)c(O)c(O)c2-c2c1cc(O)c(O)c2O)C1OC(=O)c2c-4c(O)c(O)c(O)c2C1c1c(O)c(O)c(O)c2c1C(=O)OCC1OC(=O)c3cc(O)c(O)c(O)c3-c3c(O)c(O)c(O)c4c3C(=O)OC(C1OC(=O)c1cc(O)c(O)c(O)c1-2)C1OC(=O)c2c-4c(O)c(O)c(O)c2C1O,O=C1OCC2OC(=O)c3cc(O)c(O)c(O)c3-c3c(O)c(O)c(O)c4c3C(=O)OC(C2OC(=O)c2cc(O)c(O)c(O)c2-c2c1cc(O)c(O)c2O)C1OC(=O)c2c-4c(O)c(O)c(O)c2C1c1c(O)c(O)c(O)c2c1C(=O)OCC1OC(=O)c3cc(O)c(O)c(O)c3-c3c(O)c(O)c(O)c4c3C(=O)OC(C1OC(=O)c1cc(O)c(O)c(O)c1-2)C1OC(=O)c2c-4c(O)c(O)c(O)c2C1O,bitter,phytocompounds_db,"7,8,9,12,13,14,25,26,27,30,31,32,35,36,37,46-hexadecahydroxy-15-(7,8,9,12,13,14,25,26,27,30,31,32,35,36,37-pentadecahydroxy-4,17,22,40,44-pentaoxo-3,18,21,41,43-pentaoxanonacyclo[27.13.3.138,42.02,20.05,10.011,16.023,28.033,45.034,39]hexatetraconta-5,7,9,11,13,15,23,25,27,29(45),30,32,34(39),35,37-pentadecaen-46-yl)-3,18,21,41,43-pentaoxanonacyclo[27.13.3.138,42.02,20.05,10.011,16.023,28.033,45.034,39]hexatetraconta-5,7,9,11(16),12,14,23,25,27,29(45),30,32,34(39),35,37-pentadecaene-4,17,22,40,44-pentone"
O=Cc1cccc(Cl)c1O,O=Cc1cccc(Cl)c1O,sour,IUPAC Dissocation Constants,3-chloro-2-hydroxybenzaldehyde
O=C(O)CCC1CCCC1=O,O=C(O)CCC1CCCC1=O,sour,IUPAC Dissocation Constants,3-(2-oxocyclopentyl)propanoic acid
CCC(C)C1NC(=O)C(Cc2ccccc2)NC1=O,CCC(C)C1NC(=O)C(Cc2ccccc2)NC1=O,bitter,chemtastes_db,"3-benzyl-6-butan-2-ylpiperazine-2,5-dione"
CC(C)c1cccc(C(=O)O)c1O,CC(C)c1cccc(C(=O)O)c1O,sour,IUPAC Dissocation Constants,2-hydroxy-3-propan-2-ylbenzoic acid
O=C(O)C1C(C(=O)O)C1(c1ccccc1)c1ccccc1,O=C(O)C1C(C(=O)O)C1(c1ccccc1)c1ccccc1,sour,IUPAC Dissocation Constants,"3,3-diphenylcyclopropane-1,2-dicarboxylic acid"
CC(C)=CCC1OC2(O)C(C3CCC4C5(C)CCC(OC6OCC(O)C(O)C6OC6OC(CO)C(O)C(OC7OCC(O)(CO)C7O)C6OC6OC(CO)C(O)C(O)C6O)C(C)(C)C5CCC4(C)C3(C)C2O)C1(C)O,CC(C)=CCC1OC2(O)C(C3CCC4C5(C)CCC(OC6OCC(O)C(O)C6OC6OC(CO)C(O)C(OC7OCC(O)(CO)C7O)C6OC6OC(CO)C(O)C(O)C6O)C(C)(C)C5CCC4(C)C3(C)C2O)C1(C)O,bitter,phytocompounds_db,"16-[3-[4-[3,4-dihydroxy-4-(hydroxymethyl)oxolan-2-yl]oxy-5-hydroxy-6-(hydroxymethyl)-3-[3,4,5-trihydroxy-6-(hydroxymethyl)oxan-2-yl]oxyoxan-2-yl]oxy-4,5-dihydroxyoxan-2-yl]oxy-1,2,7,13,17,17-hexamethyl-6-(3-methylbut-2-enyl)-5-oxapentacyclo[10.8.0.02,9.04,8.013,18]icosane-3,4,7-triol"
COP(=O)(OC)c1cccc(C(=O)O)c1,COP(=O)(OC)c1cccc(C(=O)O)c1,sour,IUPAC Dissocation Constants,3-dimethoxyphosphorylbenzoic acid
O=C(O)CS(=O)(=O)c1cccc(F)c1,O=C(O)CS(=O)(=O)c1cccc(F)c1,sour,IUPAC Dissocation Constants,2-(3-fluorophenyl)sulfonylacetic acid
Cc1nc2c(=O)[nH]c(=O)[nH]c2n(CCO)c1=O,Cc1nc2c(=O)[nH]c(=O)[nH]c2n(CCO)c1=O,sour,IUPAC Dissocation Constants,"8-(2-hydroxyethyl)-6-methyl-1H-pteridine-2,4,7-trione"
CC(C)CC1NC(=O)C(C)NC1=O,CC(C)CC1NC(=O)C(C)NC1=O,bitter,chemtastes_db,"3-methyl-6-(2-methylpropyl)piperazine-2,5-dione"
CCCc1cc(=O)n2[nH]cnc2n1,CCCc1cc(=O)n2[nH]cnc2n1,sour,IUPAC Dissocation Constants,"5-propyl-1H-[1,2,4]triazolo[1,5-a]pyrimidin-7-one"
O=Nc1cc(S(=O)(=O)O)c2cn[nH]c2c1O,O=Nc1cc(S(=O)(=O)O)c2cn[nH]c2c1O,sour,IUPAC Dissocation Constants,7-hydroxy-6-nitroso-1H-indazole-4-sulfonic acid
CC1(C)CCC2(C(=O)O)CCC3(C)C(=CCC4C5(C)CCC(O)C(C)(CO)C5CCC43C)C2C1,CC1(C)CCC2(C(=O)O)CCC3(C)C(=CCC4C5(C)CCC(O)C(C)(CO)C5CCC43C)C2C1,bitter,phytocompounds_db,"10-hydroxy-9-(hydroxymethyl)-2,2,6a,6b,9,12a-hexamethyl-1,3,4,5,6,6a,7,8,8a,10,11,12,13,14b-tetradecahydropicene-4a-carboxylic acid"
Oc1cncnc1,Oc1cncnc1,sour,IUPAC Dissocation Constants,pyrimidin-5-ol
O=[N+]([O-])C(CO)[N+](=O)[O-],O=[N+]([O-])C(CO)[N+](=O)[O-],sour,IUPAC Dissocation Constants,"2,2-dinitroethanol"
CCCCCCCCCC([N+](=O)[O-])[N+](=O)[O-],CCCCCCCCCC([N+](=O)[O-])[N+](=O)[O-],sour,IUPAC Dissocation Constants,"1,1-dinitrodecane"
CC(C)(O)CCC(=O)C(C)(O)C1C(O)CC2(C)C3CC=C4C(CC(OC5OC(CO)C(O)C(O)C5O)C(=O)C4(C)C)C3(C)C(=O)CC12C,CC(C)(O)CCC(=O)C(C)(O)C1C(O)CC2(C)C3CC=C4C(CC(OC5OC(CO)C(O)C(O)C5O)C(=O)C4(C)C)C3(C)C(=O)CC12C,bitter,phytocompounds_db,"17-(2,6-dihydroxy-6-methyl-3-oxoheptan-2-yl)-16-hydroxy-4,4,9,13,14-pentamethyl-2-[3,4,5-trihydroxy-6-(hydroxymethyl)oxan-2-yl]oxy-2,7,8,10,12,15,16,17-octahydro-1H-cyclopenta[a]phenanthrene-3,11-dione"
CN1C(=O)OC(C)(C)C1=O,CN1C(=O)OC(C)(C)C1=O,bitter,chemtastes_db,"3,5,5-trimethyl-1,3-oxazolidine-2,4-dione"
CSc1ccccc1[Se]CC(=O)O,CSc1ccccc1[Se]CC(=O)O,sour,IUPAC Dissocation Constants,2-(2-methylsulfanylphenyl)selanylacetic acid
CC(C)c1csc(C(=O)O)c1,CC(C)c1csc(C(=O)O)c1,sour,IUPAC Dissocation Constants,4-propan-2-ylthiophene-2-carboxylic acid
O=COCC=Cc1ccccc1,O=COCC=Cc1ccccc1,bitter,flavor_db,3-phenylprop-2-enyl formate
O=C(O)c1cccc(S)c1,O=C(O)c1cccc(S)c1,sour,IUPAC Dissocation Constants,3-sulfanylbenzoic acid
OCC1OC(OCc2ccccc2)C(O)C(O)C1O,OCC1OC(OCc2ccccc2)C(O)C(O)C1O,bitter,phytocompounds_db,"2-(hydroxymethyl)-6-phenylmethoxyoxane-3,4,5-triol"
O=C(O)CF,O=C(O)CF,sour,IUPAC Dissocation Constants,2-fluoroacetic acid
C=C1C(=O)OC2CC3(C)CCCC(=C)C3(O)CC12,C=C1C(=O)OC2CC3(C)CCCC(=C)C3(O)CC12,bitter,phytocompounds_db,"4a-hydroxy-8a-methyl-3,5-dimethylidene-4,6,7,8,9,9a-hexahydro-3aH-benzo[f][1]benzofuran-2-one"
Oc1cc(O)c2c(c1)OC(c1ccc(O)c(O)c1)C(O)C2c1c(O)cc(O)c2c1OC(c1ccc(O)c(O)c1)C(O)C2c1c(O)cc(O)c2c1OC(c1ccc(O)c(O)c1)C(O)C2c1c(O)cc(O)c2c1OC(c1ccc(O)c(O)c1)C(O)C2,Oc1cc(O)c2c(c1)OC(c1ccc(O)c(O)c1)C(O)C2c1c(O)cc(O)c2c1OC(c1ccc(O)c(O)c1)C(O)C2c1c(O)cc(O)c2c1OC(c1ccc(O)c(O)c1)C(O)C2c1c(O)cc(O)c2c1OC(c1ccc(O)c(O)c1)C(O)C2,bitter,phytocompounds_db,"2-(3,4-dihydroxyphenyl)-4-[2-(3,4-dihydroxyphenyl)-4-[2-(3,4-dihydroxyphenyl)-3,5,7-trihydroxy-3,4-dihydro-2H-chromen-8-yl]-3,5,7-trihydroxy-3,4-dihydro-2H-chromen-8-yl]-8-[2-(3,4-dihydroxyphenyl)-3,5,7-trihydroxy-3,4-dihydro-2H-chromen-4-yl]-3,4-dihydro-2H-chromene-3,5,7-triol"
CCSP(C)(=O)O,CCSP(C)(=O)O,sour,IUPAC Dissocation Constants,ethylsulfanyl(methyl)phosphinic acid
CC(=O)NC(C(=O)CCC(=O)O)C(=O)OCc1ccccc1,CC(=O)NC(C(=O)CCC(=O)O)C(=O)OCc1ccccc1,sour,IUPAC Dissocation Constants,"5-acetamido-4,6-dioxo-6-phenylmethoxyhexanoic acid"
CC1(C)OC2COC3(COS(N)(=O)=O)OC(C)(C)OC3C2O1,CC1(C)OC2COC3(COS(N)(=O)=O)OC(C)(C)OC3C2O1,bitter,chemtastes_db,"(4,4,11,11-tetramethyl-3,5,7,10,12-pentaoxatricyclo[7.3.0.02,6]dodecan-6-yl)methyl sulfamate"
Cc1csc(C(=O)O)n1,Cc1csc(C(=O)O)n1,sour,IUPAC Dissocation Constants,"4-methyl-1,3-thiazole-2-carboxylic acid"
COc1ccc(OC)cc1,COc1ccc(OC)cc1,bitter,chemtastes_db,"1,4-dimethoxybenzene"
COc1cc(C)nc(-n2nc(C)cc2OC)n1,COc1cc(C)nc(-n2nc(C)cc2OC)n1,bitter,chemtastes_db,4-methoxy-2-(5-methoxy-3-methylpyrazol-1-yl)-6-methylpyrimidine
CC(C)CC(N)C(=O)NC(CC(C)C)C(=O)O,CC(C)CC(N)C(=O)NC(CC(C)C)C(=O)O,bitter,chemtastes_db,2-[(2-amino-4-methylpentanoyl)amino]-4-methylpentanoic acid
CC(O)CCO,CC(O)CCO,bitter,chemtastes_db,"butane-1,3-diol"
O=C(O)CO,O=C(O)CO,sour,IUPAC Dissocation Constants,2-hydroxyacetic acid
Cc1cc(Br)c(O)c(=O)c(Br)c1,Cc1cc(Br)c(O)c(=O)c(Br)c1,sour,IUPAC Dissocation Constants,"3,7-dibromo-2-hydroxy-5-methylcyclohepta-2,4,6-trien-1-one"
O=C1C[C@H](C(=O)O)[C@H](C(=O)O)O1,O=C1C[C@H](C(=O)O)[C@H](C(=O)O)O1,sour,IUPAC Dissocation Constants,"(2R,3S)-5-oxooxolane-2,3-dicarboxylic acid"
C=C1CC23CCC4C(C)(C(=O)OC5OC(CO)C(O)C(OC6OC(CO)C(O)C(O)C6O)C5OC5OC(CO)C(O)C(O)C5O)CCCC4(C)C2CCC1(OC1OC(CO)C(O)C(OC2OC(CO)C(O)C(O)C2O)C1OC1OC(CO)C(O)C(O)C1O)C3,C=C1CC23CCC4C(C)(C(=O)OC5OC(CO)C(O)C(OC6OC(CO)C(O)C(O)C6O)C5OC5OC(CO)C(O)C(O)C5O)CCCC4(C)C2CCC1(OC1OC(CO)C(O)C(OC2OC(CO)C(O)C(O)C2O)C1OC1OC(CO)C(O)C(O)C1O)C3,bitter,phytocompounds_db,"[5-hydroxy-6-(hydroxymethyl)-3,4-bis[[3,4,5-trihydroxy-6-(hydroxymethyl)oxan-2-yl]oxy]oxan-2-yl] 13-[5-hydroxy-6-(hydroxymethyl)-3,4-bis[[3,4,5-trihydroxy-6-(hydroxymethyl)oxan-2-yl]oxy]oxan-2-yl]oxy-5,9-dimethyl-14-methylidenetetracyclo[11.2.1.01,10.04,9]hexadecane-5-carboxylate"
O=c1cc(-c2ccc(O)cc2)oc2cccc(O)c12,O=c1cc(-c2ccc(O)cc2)oc2cccc(O)c12,bitter,chemtastes_db,5-hydroxy-2-(4-hydroxyphenyl)chromen-4-one
C=CCC1(CC(C)C)C(=O)NC(=O)NC1=O,C=CCC1(CC(C)C)C(=O)NC(=O)NC1=O,bitter,chemtastes_db,"5-(2-methylpropyl)-5-prop-2-enyl-1,3-diazinane-2,4,6-trione"
O=C(O)C12CCC(CC1)C2,O=C(O)C12CCC(CC1)C2,sour,IUPAC Dissocation Constants,bicyclo[2.2.1]heptane-1-carboxylic acid
O=C1N=C(O)C(Br)=CC1(Br)Br,O=C1N=C(O)C(Br)=CC1(Br)Br,sour,IUPAC Dissocation Constants,"3,3,5-tribromopyridine-2,6-dione"
O=[N+]([O-])c1ccc(CC([N+](=O)[O-])[N+](=O)[O-])c([N+](=O)[O-])c1,O=[N+]([O-])c1ccc(CC([N+](=O)[O-])[N+](=O)[O-])c([N+](=O)[O-])c1,sour,IUPAC Dissocation Constants,"1-(2,2-dinitroethyl)-2,4-dinitrobenzene"
O=C(O)C1C2CCC(C2)C1C(=O)O,O=C(O)C1C2CCC(C2)C1C(=O)O,sour,IUPAC Dissocation Constants,"bicyclo[2.2.1]heptane-2,3-dicarboxylic acid"
CC(C)=CCNc1ncnc2c1ncn2[C@@H]1O[C@H](CO)[C@@H](O)[C@H]1O,CC(C)=CCNc1ncnc2c1ncn2[C@@H]1O[C@H](CO)[C@@H](O)[C@H]1O,sour,IUPAC Dissocation Constants,"(2R,3S,4R,5R)-2-(hydroxymethyl)-5-[6-(3-methylbut-2-enylamino)purin-9-yl]oxolane-3,4-diol"
O=C(O)C[Se]c1ccccc1Br,O=C(O)C[Se]c1ccccc1Br,sour,IUPAC Dissocation Constants,2-(2-bromophenyl)selanylacetic acid
CCN1CC2(OC(=O)c3ccccc3NC(C)=O)CCC(OC)C34C1C(CC23)C1(O)CC(OC)C2CC4C1(O)C2OC,CCN1CC2(OC(=O)c3ccccc3NC(C)=O)CCC(OC)C34C1C(CC23)C1(O)CC(OC)C2CC4C1(O)C2OC,bitter,chemtastes_db,"(11-ethyl-3,8-dihydroxy-4,6,16-trimethoxy-11-azahexacyclo[7.7.2.12,5.01,10.03,8.013,17]nonadecan-13-yl) 2-acetamidobenzoate"
CCCC(=O)c1ccccc1C(=O)O,CCCC(=O)c1ccccc1C(=O)O,sour,IUPAC Dissocation Constants,2-butanoylbenzoic acid
O=[N+]([O-])c1ccc([N+](=O)[O-])c(O)c1,O=[N+]([O-])c1ccc([N+](=O)[O-])c(O)c1,sour,IUPAC Dissocation Constants,"2,5-dinitrophenol"
O=C(C=Cc1ccc(O)c(O)c1)OC1CC2(O)CC(O)C1OC2=O,O=C(C=Cc1ccc(O)c(O)c1)OC1CC2(O)CC(O)C1OC2=O,bitter,chemtastes_db,"(4,7-dihydroxy-3-oxo-2-oxabicyclo[2.2.2]octan-6-yl) 3-(3,4-dihydroxyphenyl)prop-2-enoate"
Cc1nc2c(=O)n(C)c(=O)[nH]c2[nH]c1=O,Cc1nc2c(=O)n(C)c(=O)[nH]c2[nH]c1=O,sour,IUPAC Dissocation Constants,"3,6-dimethyl-1,8-dihydropteridine-2,4,7-trione"
CCOC(=O)c1cc(O)c(O)c(O)c1,CCOC(=O)c1cc(O)c(O)c(O)c1,bitter,chemtastes_db,"ethyl 3,4,5-trihydroxybenzoate"
Oc1cnc2ncncc2n1,Oc1cnc2ncncc2n1,sour,IUPAC Dissocation Constants,5H-pteridin-6-one
CCP(=O)(O)CC,CCP(=O)(O)CC,sour,IUPAC Dissocation Constants,diethylphosphinic acid
C=CC1C=C(C=NO)CCC1,C=CC1C=C(C=NO)CCC1,bitter,chemtastes_db,N-[(3-ethenylcyclohexen-1-yl)methylidene]hydroxylamine
NCCS(=O)(=O)O,NCCS(=O)(=O)O,bitter,chemtastes_db,2-aminoethanesulfonic acid
NC(Cc1c[nH]c2ccccc12)C(=O)N1CCCC1C(=O)O,NC(Cc1c[nH]c2ccccc12)C(=O)N1CCCC1C(=O)O,bitter,chemtastes_db,1-[2-amino-3-(1H-indol-3-yl)propanoyl]pyrrolidine-2-carboxylic acid
CCOS(=O)(=O)NCC(C)C,CCOS(=O)(=O)NCC(C)C,bitter,chemtastes_db,ethyl N-(2-methylpropyl)sulfamate
O=C(O)CS(=O)c1ccccc1,O=C(O)C[S+]([O-])c1ccccc1,sour,IUPAC Dissocation Constants,2-(benzenesulfinyl)acetic acid
CC(CN1c2ccccc2Sc2ccccc21)N(C)C,CC(CN1c2ccccc2Sc2ccccc21)N(C)C,bitter,chemtastes_db,"N,N-dimethyl-1-phenothiazin-10-ylpropan-2-amine"
O=c1cccc2n1CC1CNCC2C1,O=c1cccc2n1CC1CNCC2C1,bitter,phytocompounds_db,"7,11-diazatricyclo[7.3.1.02,7]trideca-2,4-dien-6-one"
COc1cc(C=CC(=O)NCCc2ccc(O)cc2)ccc1O,COc1cc(C=CC(=O)NCCc2ccc(O)cc2)ccc1O,bitter,chemtastes_db,3-(4-hydroxy-3-methoxyphenyl)-N-[2-(4-hydroxyphenyl)ethyl]prop-2-enamide
COC(=O)C(C)(CC(=O)O)Cc1ccc([N+](=O)[O-])cc1,COC(=O)C(C)(CC(=O)O)Cc1ccc([N+](=O)[O-])cc1,sour,IUPAC Dissocation Constants,4-methoxy-3-methyl-3-[(4-nitrophenyl)methyl]-4-oxobutanoic acid
CC1OC(OCC2OC(Oc3cc(O)c4c(c3)OC(c3ccc(O)cc3)CC4=O)C(O)C(O)C2O)C(O)C(O)C1O,CC1OC(OCC2OC(Oc3cc(O)c4c(c3)OC(c3ccc(O)cc3)CC4=O)C(O)C(O)C2O)C(O)C(O)C1O,bitter,phytocompounds_db,"5-hydroxy-2-(4-hydroxyphenyl)-7-[3,4,5-trihydroxy-6-[(3,4,5-trihydroxy-6-methyloxan-2-yl)oxymethyl]oxan-2-yl]oxy-2,3-dihydrochromen-4-one"
CC(=O)OCc1ccccc1,CC(=O)OCc1ccccc1,bitter,flavor_db,benzyl acetate
COc1cc(OC)cc(C(=O)O)c1,COc1cc(OC)cc(C(=O)O)c1,sour,IUPAC Dissocation Constants,"3,5-dimethoxybenzoic acid"
CC1C(=O)OC2CC34C5CC(C(C)(C)C)C36C(OC(=O)C6O)OC4(C(=O)O5)C21O,CC1C(=O)OC2CC34C5CC(C(C)(C)C)C36C(OC(=O)C6O)OC4(C(=O)O5)C21O,bitter,chemtastes_db,"8-tert-butyl-6,17-dihydroxy-16-methyl-2,4,14,19-tetraoxahexacyclo[8.7.2.01,11.03,7.07,11.013,17]nonadecane-5,15,18-trione"
S=C(S)N1CCCCC1,S=C(S)N1CCCCC1,sour,IUPAC Dissocation Constants,piperidine-1-carbodithioic acid
CN(C)C(=S)SCC(=O)O,CN(C)C(=S)SCC(=O)O,sour,IUPAC Dissocation Constants,2-(dimethylcarbamothioylsulfanyl)acetic acid
CC=C1C(O)OC=C(C(=O)OC)C1CC(=O)OCCc1ccc(O)c(O)c1,CC=C1C(O)OC=C(C(=O)OC)C1CC(=O)OCCc1ccc(O)c(O)c1,bitter,phytocompounds_db,"methyl 4-[2-[2-(3,4-dihydroxyphenyl)ethoxy]-2-oxoethyl]-5-ethylidene-6-hydroxy-4H-pyran-3-carboxylate"
CC(C)=CCC1=C(O)C(O)(CC=C(C)C)C(=O)C(C(=O)C(C)C)=C1O,CC(C)=CCC1=C(O)C(O)(CC=C(C)C)C(=O)C(C(=O)C(C)C)=C1O,bitter,chemtastes_db,"3,5,6-trihydroxy-4,6-bis(3-methylbut-2-enyl)-2-(2-methylpropanoyl)cyclohexa-2,4-dien-1-one"
O=C1OCC2OC(=O)c3cc(O)c(O)c(O)c3-c3c(O)c(O)c(O)c4c3C(=O)OC(C2OC(=O)c2cc(O)c(O)c(O)c2-c2c1cc(O)c(O)c2O)C1OC(=O)c2c-4c(O)c(O)c(O)c2C1C1(O)OC(CO)C(O)C1O,O=C1OCC2OC(=O)c3cc(O)c(O)c(O)c3-c3c(O)c(O)c(O)c4c3C(=O)OC(C2OC(=O)c2cc(O)c(O)c(O)c2-c2c1cc(O)c(O)c2O)C1OC(=O)c2c-4c(O)c(O)c(O)c2C1C1(O)OC(CO)C(O)C1O,bitter,tas2r_agonists,"7,8,9,12,13,14,25,26,27,30,31,32,35,36,37-pentadecahydroxy-46-[2,3,4-trihydroxy-5-(hydroxymethyl)oxolan-2-yl]-3,18,21,41,43-pentaoxanonacyclo[27.13.3.138,42.02,20.05,10.011,16.023,28.033,45.034,39]hexatetraconta-5,7,9,11,13,15,23,25,27,29(45),30,32,34(39),35,37-pentadecaene-4,17,22,40,44-pentone"
Nc1nc2c(c(C(=O)O)n1)CCCC2,Nc1nc2c(c(C(=O)O)n1)CCCC2,sour,IUPAC Dissocation Constants,"2-amino-5,6,7,8-tetrahydroquinazoline-4-carboxylic acid"
COc1cccc(C(N)C(=O)O)c1,COc1cccc(C(N)C(=O)O)c1,sour,IUPAC Dissocation Constants,2-amino-2-(3-methoxyphenyl)acetic acid
O=C(O)COc1cc(Cl)c(Cl)cc1Cl,O=C(O)COc1cc(Cl)c(Cl)cc1Cl,sour,IUPAC Dissocation Constants,"2-(2,4,5-trichlorophenoxy)acetic acid"
CC(C)(C)c1ccc(S(=O)CC(=O)O)cc1,CC(C)(C)c1ccc([S+]([O-])CC(=O)O)cc1,sour,IUPAC Dissocation Constants,2-(4-tert-butylphenyl)sulfinylacetic acid
OCCN(CCO)c1nc(N2CCCCC2)c2nc(N(CCO)CCO)nc(N3CCCCC3)c2n1,OCCN(CCO)c1nc(N2CCCCC2)c2nc(N(CCO)CCO)nc(N3CCCCC3)c2n1,bitter,chemtastes_db,"2-[[2-[bis(2-hydroxyethyl)amino]-4,8-di(piperidin-1-yl)pyrimido[5,4-d]pyrimidin-6-yl]-(2-hydroxyethyl)amino]ethanol"
O=C1NC(Cc2ccccc2)C(=O)N2CCCC12,O=C1NC(Cc2ccccc2)C(=O)N2CCCC12,bitter,chemtastes_db,"3-benzyl-2,3,6,7,8,8a-hexahydropyrrolo[1,2-a]pyrazine-1,4-dione"
CCC=CCC=CCC=CCC=CCC=CCC=CCCC(=O)O,CCC=CCC=CCC=CCC=CCC=CCC=CCCC(=O)O,bitter,chemtastes_db,"docosa-4,7,10,13,16,19-hexaenoic acid"
NCCOP(=O)(O)O,NCCOP(=O)(O)O,sour,IUPAC Dissocation Constants,2-aminoethyl dihydrogen phosphate
Cc1nc2cnc[nH]c-2nc1=O,Cc1nc2cnc[nH]c-2nc1=O,sour,IUPAC Dissocation Constants,6-methyl-8H-pteridin-7-one
CC(C)C(=O)OCCc1ccccc1,CC(C)C(=O)OCCc1ccccc1,bitter,flavor_db,2-phenylethyl 2-methylpropanoate
CN1C(=O)CN=C(c2ccccc2)c2cc(Cl)ccc21,CN1C(=O)CN=C(c2ccccc2)c2cc(Cl)ccc21,bitter,chemtastes_db,"7-chloro-1-methyl-5-phenyl-3H-1,4-benzodiazepin-2-one"
C=C1C(=O)OC2CC(C)C3C=CC(=O)C3(C)C(O)C12,C=C1C(=O)OC2CC(C)C3C=CC(=O)C3(C)C(O)C12,bitter,chemtastes_db,"9-hydroxy-5,8a-dimethyl-1-methylidene-3a,4,5,5a,9,9a-hexahydroazuleno[6,7-b]furan-2,8-dione"
C=C1C(=O)OC2C3C(CO)=CC(=O)C3=C(C)CC(O)C12,C=C1C(=O)OC2C3C(CO)=CC(=O)C3=C(C)CC(O)C12,bitter,chemtastes_db,"4-hydroxy-9-(hydroxymethyl)-6-methyl-3-methylidene-4,5,9a,9b-tetrahydro-3aH-azuleno[4,5-b]furan-2,7-dione"
CCC1(CC)C(=O)NC(=O)NC1=O,CCC1(CC)C(=O)NC(=O)NC1=O,bitter,chemtastes_db,"5,5-diethyl-1,3-diazinane-2,4,6-trione"
CN(C)C12CCC(C(=O)O)(CC1)CC2,CN(C)C12CCC(C(=O)O)(CC1)CC2,sour,IUPAC Dissocation Constants,4-(dimethylamino)bicyclo[2.2.2]octane-1-carboxylic acid
CCCCC(CC)(C(=O)O)C(=O)O,CCCCC(CC)(C(=O)O)C(=O)O,sour,IUPAC Dissocation Constants,2-butyl-2-ethylpropanedioic acid
NS(=O)(=O)c1cccc(C(=O)O)c1,NS(=O)(=O)c1cccc(C(=O)O)c1,sour,IUPAC Dissocation Constants,3-sulfamoylbenzoic acid
COc1ccc(CC(CO)c2ccccc2)cc1O,COc1ccc(CC(CO)c2ccccc2)cc1O,bitter,chemtastes_db,5-(3-hydroxy-2-phenylpropyl)-2-methoxyphenol
O=[N+]([O-])c1cc(Br)c(O)c([N+](=O)[O-])c1,O=[N+]([O-])c1cc(Br)c(O)c([N+](=O)[O-])c1,sour,IUPAC Dissocation Constants,"2-bromo-4,6-dinitrophenol"
O=CC1CCCCC1=O,O=CC1CCCCC1=O,sour,IUPAC Dissocation Constants,2-oxocyclohexane-1-carbaldehyde
CC1=CCCOC1,CC1=CCCOC1,bitter,chemtastes_db,"5-methyl-3,6-dihydro-2H-pyran"
CC(C)c1c(O)ncnc1O,CC(C)c1c(O)ncnc1O,sour,IUPAC Dissocation Constants,4-hydroxy-5-propan-2-yl-1H-pyrimidin-6-one
CC(=O)OC(C)(C)C=CC(=O)C(C)(O)C1C(O)CC2(C)C3CC=C4C(CCC(O)C4(C)C)C3(CO)C(=O)CC12C,CC(=O)OC(C)(C)C=CC(=O)C(C)(O)C1C(O)CC2(C)C3CC=C4C(CCC(O)C4(C)C)C3(CO)C(=O)CC12C,bitter,phytocompounds_db,"[6-[3,16-dihydroxy-9-(hydroxymethyl)-4,4,13,14-tetramethyl-11-oxo-1,2,3,7,8,10,12,15,16,17-decahydrocyclopenta[a]phenanthren-17-yl]-6-hydroxy-2-methyl-5-oxohept-3-en-2-yl] acetate"
ON=CC1=CCCOC1,ON=CC1=CCCOC1,bitter,chemtastes_db,"N-(3,6-dihydro-2H-pyran-5-ylmethylidene)hydroxylamine"
CC1OC(Oc2c(-c3ccc(O)c(O)c3)oc3cc(O)cc(O)c3c2=O)C(O)C(O)C1O,CC1OC(Oc2c(-c3ccc(O)c(O)c3)oc3cc(O)cc(O)c3c2=O)C(O)C(O)C1O,bitter,phytocompounds_db,"2-(3,4-dihydroxyphenyl)-5,7-dihydroxy-3-(3,4,5-trihydroxy-6-methyloxan-2-yl)oxychromen-4-one"
Oc1cc(S)ncn1,Oc1cc(S)ncn1,sour,IUPAC Dissocation Constants,4-sulfanyl-1H-pyrimidin-6-one
CN1CCCC1c1cccnc1,CN1CCCC1c1cccnc1,bitter,chemtastes_db,3-(1-methylpyrrolidin-2-yl)pyridine
COC1CC(OC2CCC3(C)C4CCC5(C)C(C6=CC(=O)OC6)CCC5(O)C4CCC3(O)C2)OC(C)C1O,COC1CC(OC2CCC3(C)C4CCC5(C)C(C6=CC(=O)OC6)CCC5(O)C4CCC3(O)C2)OC(C)C1O,bitter,chemtastes_db,"3-[5,14-dihydroxy-3-(5-hydroxy-4-methoxy-6-methyloxan-2-yl)oxy-10,13-dimethyl-2,3,4,6,7,8,9,11,12,15,16,17-dodecahydro-1H-cyclopenta[a]phenanthren-17-yl]-2H-furan-5-one"
Cc1ccccc1C(OCCN(C)C)c1ccccc1,Cc1ccccc1C(OCCN(C)C)c1ccccc1,bitter,chemtastes_db,"N,N-dimethyl-2-[(2-methylphenyl)-phenylmethoxy]ethanamine"
CC(C)CNCC(C)C,CC(C)CNCC(C)C,bitter,chemtastes_db,2-methyl-N-(2-methylpropyl)propan-1-amine
O=c1c(O)c(-c2ccc(O)cc2)oc2c(O)c(O)cc(O)c12,O=c1c(O)c(-c2ccc(O)cc2)oc2c(O)c(O)cc(O)c12,bitter,chemtastes_db,"3,5,7,8-tetrahydroxy-2-(4-hydroxyphenyl)chromen-4-one"
O=C1O[C@H]([C@@H](O)CO)C(O)=C1O,O=C1O[C@H]([C@@H](O)CO)C(O)=C1O,sour,IUPAC Dissocation Constants,"(2R)-2-[(1S)-1,2-dihydroxyethyl]-3,4-dihydroxy-2H-furan-5-one"
C=C1C(=O)OC2C1CCC(C)=CCCC1(C)OC21,C=C1C(=O)OC2C1CCC(C)=CCCC1(C)OC21,bitter,chemtastes_db,"4,8-dimethyl-12-methylidene-3,14-dioxatricyclo[9.3.0.02,4]tetradec-7-en-13-one"
O=P(O)(O)C(NCCNC(c1ccccc1O)P(=O)(O)O)c1ccccc1O,O=P(O)(O)C(NCCNC(c1ccccc1O)P(=O)(O)O)c1ccccc1O,sour,IUPAC Dissocation Constants,[(2-hydroxyphenyl)-[2-[[(2-hydroxyphenyl)-phosphonomethyl]amino]ethylamino]methyl]phosphonic acid
CC(C)CC(=O)OC1CC(C)CCC1C(C)C,CC(C)CC(=O)OC1CC(C)CCC1C(C)C,bitter,chemtastes_db,(5-methyl-2-propan-2-ylcyclohexyl) 3-methylbutanoate
CC1CC2=C(NCCC=C2)C1=O,CC1CC2=C(NCCC=C2)C1=O,bitter,chemtastes_db,"7-methyl-2,3,6,7-tetrahydro-1H-cyclopenta[b]azepin-8-one"
CC(C)CC(N)C(=O)NC(CC(C)C)C(=O)NC(CC(C)C)C(=O)O,CC(C)CC(N)C(=O)NC(CC(C)C)C(=O)NC(CC(C)C)C(=O)O,bitter,chemtastes_db,2-[[2-[(2-amino-4-methylpentanoyl)amino]-4-methylpentanoyl]amino]-4-methylpentanoic acid
COc1cc(C=CC(=O)O)cc(OC)c1O,COc1cc(C=CC(=O)O)cc(OC)c1O,bitter,chemtastes_db,"3-(4-hydroxy-3,5-dimethoxyphenyl)prop-2-enoic acid"
O=c1c2cc(O)c(O)cc2oc2c(C3OC(CO)C(O)C(O)C3O)c(O)cc(O)c12,O=c1c2cc(O)c(O)cc2oc2c(C3OC(CO)C(O)C(O)C3O)c(O)cc(O)c12,bitter,phytocompounds_db,"1,3,6,7-tetrahydroxy-4-[3,4,5-trihydroxy-6-(hydroxymethyl)oxan-2-yl]xanthen-9-one"
O=c1ccc2ccc(OC3OC(CO)C(O)C(O)C3O)c(O)c2o1,O=c1ccc2ccc(OC3OC(CO)C(O)C(O)C3O)c(O)c2o1,bitter,phytocompounds_db,"8-hydroxy-7-[3,4,5-trihydroxy-6-(hydroxymethyl)oxan-2-yl]oxychromen-2-one"
CC(=O)c1ccc(C(=O)O)cc1,CC(=O)c1ccc(C(=O)O)cc1,sour,IUPAC Dissocation Constants,4-acetylbenzoic acid
O=[N+]([O-])c1ccc(S)cc1,O=[N+]([O-])c1ccc(S)cc1,sour,IUPAC Dissocation Constants,4-nitrobenzenethiol
O=C(O)CCC(=O)O,O=C(O)CCC(=O)O,sour,chemtastes_db,butanedioic acid
O=Cc1ccc([N+](=O)[O-])c(O)c1,O=Cc1ccc([N+](=O)[O-])c(O)c1,sour,IUPAC Dissocation Constants,3-hydroxy-4-nitrobenzaldehyde
Nc1cc(C(=O)O)ccc1Cl,Nc1cc(C(=O)O)ccc1Cl,bitter,chemtastes_db,3-amino-4-chlorobenzoic acid
COc1cc(O)c2c(=O)c(O)c(-c3ccc(O)c(O)c3)oc2c1,COc1cc(O)c2c(=O)c(O)c(-c3ccc(O)c(O)c3)oc2c1,bitter,phytocompounds_db,"2-(3,4-dihydroxyphenyl)-3,5-dihydroxy-7-methoxychromen-4-one"
C=CC1C(OC2OC(CO)C(O)C(O)C2O)OC=C2C(=O)NCCC21,C=CC1C(OC2OC(CO)C(O)C(O)C2O)OC=C2C(=O)NCCC21,bitter,chemtastes_db,"4-ethenyl-3-[3,4,5-trihydroxy-6-(hydroxymethyl)oxan-2-yl]oxy-3,4,4a,5,6,7-hexahydropyrano[3,4-c]pyridin-8-one"
C=C1C(=O)C23CCC4C(C)(C)CC(OOC5OC(CO)C(O)C(O)C5O)CC4(C)C2CCC1C3,C=C1C(=O)C23CCC4C(C)(C)CC(OOC5OC(CO)C(O)C(O)C5O)CC4(C)C2CCC1C3,bitter,chemtastes_db,"5,5,9-trimethyl-14-methylidene-7-[3,4,5-trihydroxy-6-(hydroxymethyl)oxan-2-yl]peroxytetracyclo[11.2.1.01,10.04,9]hexadecan-15-one"
O=C(O)CSc1ccccc1C(=O)O,O=C(O)CSc1ccccc1C(=O)O,sour,IUPAC Dissocation Constants,2-(carboxymethylsulfanyl)benzoic acid
C=C1C(=O)OC2C1CCC(C)=C1C(=O)C=C(CO)C12,C=C1C(=O)OC2C1CCC(C)=C1C(=O)C=C(CO)C12,bitter,phytocompounds_db,"9-(hydroxymethyl)-6-methyl-3-methylidene-4,5,9a,9b-tetrahydro-3aH-azuleno[4,5-b]furan-2,7-dione"
CCC(CC)C(CC)(C(=O)O)C(=O)O,CCC(CC)C(CC)(C(=O)O)C(=O)O,sour,IUPAC Dissocation Constants,2-ethyl-2-pentan-3-ylpropanedioic acid
CCC(C(=O)O)C(=O)O,CCC(C(=O)O)C(=O)O,sour,IUPAC Dissocation Constants,2-ethylpropanedioic acid
O=C1CCCC2C3CCC[N+]4([O-])CCCC(CN12)C34,O=C1CCCC2C3CCC[N+]4([O-])CCCC(CN12)C34,bitter,phytocompounds_db,"13-oxido-7-aza-13-azoniatetracyclo[7.7.1.02,7.013,17]heptadecan-6-one"
COc1c(OC)c2occc2c2oc(=O)ccc12,COc1c(OC)c2occc2c2oc(=O)ccc12,bitter,phytocompounds_db,"5,6-dimethoxyfuro[2,3-h]chromen-2-one"
COc1ccc(-c2cc(=O)c3c(OC)c(OC)c(OC)c(OC)c3o2)cc1OC,COc1ccc(-c2cc(=O)c3c(OC)c(OC)c(OC)c(OC)c3o2)cc1OC,bitter,chemtastes_db,"2-(3,4-dimethoxyphenyl)-5,6,7,8-tetramethoxychromen-4-one"
COC(=O)CC1C2(C)C=CC(=O)C3(C)COC(C32)C2OC3CC(C4=CC(=O)OC4O)C(C)=C3C21C,COC(=O)CC1C2(C)C=CC(=O)C3(C)COC(C32)C2OC3CC(C4=CC(=O)OC4O)C(C)=C3C21C,bitter,phytocompounds_db,"methyl 2-[6-(2-hydroxy-5-oxo-2H-furan-3-yl)-7,9,11,15-tetramethyl-14-oxo-3,17-dioxapentacyclo[9.6.1.02,9.04,8.015,18]octadeca-7,12-dien-10-yl]acetate"
C=CCC1(c2ccccc2)C(=O)NC(=O)NC1=O,C=CCC1(c2ccccc2)C(=O)NC(=O)NC1=O,bitter,chemtastes_db,"5-phenyl-5-prop-2-enyl-1,3-diazinane-2,4,6-trione"
C=C1CC23CCC4C(C)(C(=O)OC5OC(CO)C(O)C(O)C5O)CCCC4(C)C2CCC1(OC1OC(CO)C(O)C(O)C1OC1OC(C)C(O)C(O)C1O)C3,C=C1CC23CCC4C(C)(C(=O)OC5OC(CO)C(O)C(O)C5O)CCCC4(C)C2CCC1(OC1OC(CO)C(O)C(O)C1OC1OC(C)C(O)C(O)C1O)C3,bitter,tas2r_agonists,"[3,4,5-trihydroxy-6-(hydroxymethyl)oxan-2-yl] 13-[4,5-dihydroxy-6-(hydroxymethyl)-3-(3,4,5-trihydroxy-6-methyloxan-2-yl)oxyoxan-2-yl]oxy-5,9-dimethyl-14-methylidenetetracyclo[11.2.1.01,10.04,9]hexadecane-5-carboxylate"
COc1ccc(Cc2nccc3cc(OC)c(OC)cc23)cc1OC,COc1ccc(Cc2nccc3cc(OC)c(OC)cc23)cc1OC,bitter,chemtastes_db,"1-[(3,4-dimethoxyphenyl)methyl]-6,7-dimethoxyisoquinoline"
CCCSP(C)(=O)O,CCCSP(C)(=O)O,sour,IUPAC Dissocation Constants,methyl(propylsulfanyl)phosphinic acid
COS(=O)(=O)NC1CCCCC1C,COS(=O)(=O)NC1CCCCC1C,bitter,chemtastes_db,methyl N-(2-methylcyclohexyl)sulfamate
CC(CO)(CO)C(=O)O,CC(CO)(CO)C(=O)O,sour,IUPAC Dissocation Constants,3-hydroxy-2-(hydroxymethyl)-2-methylpropanoic acid
COc1cc(CC(=O)O)ccc1O,COc1cc(CC(=O)O)ccc1O,sour,IUPAC Dissocation Constants,2-(4-hydroxy-3-methoxyphenyl)acetic acid
COc1ccc(S(=O)O)cc1,COc1ccc(S(=O)O)cc1,sour,IUPAC Dissocation Constants,4-methoxybenzenesulfinic acid
COc1ccc2c(=O)cc(-c3ccc(O)cc3)oc2c1,COc1ccc2c(=O)cc(-c3ccc(O)cc3)oc2c1,bitter,chemtastes_db,2-(4-hydroxyphenyl)-7-methoxychromen-4-one
CC1(C)C2CCC1(C)C(O)C2,CC1(C)C2CCC1(C)C(O)C2,bitter,phytocompounds_db,"1,7,7-trimethylbicyclo[2.2.1]heptan-2-ol"
O=c1cc(O)[nH]c(Cc2ccccc2)n1,O=c1cc(O)[nH]c(Cc2ccccc2)n1,sour,IUPAC Dissocation Constants,2-benzyl-4-hydroxy-1H-pyrimidin-6-one
CC1=CCC(C(C)C)=CC1,CC1=CCC(C(C)C)=CC1,bitter,chemtastes_db,"1-methyl-4-propan-2-ylcyclohexa-1,4-diene"
O=C(OC1Cc2c(O)cc(O)cc2OC1c1ccc(O)c(O)c1)c1cc(O)c(O)c(O)c1,O=C(OC1Cc2c(O)cc(O)cc2OC1c1ccc(O)c(O)c1)c1cc(O)c(O)c(O)c1,bitter,chemtastes_db,"[2-(3,4-dihydroxyphenyl)-5,7-dihydroxy-3,4-dihydro-2H-chromen-3-yl] 3,4,5-trihydroxybenzoate"
NC(Cc1ccccc1)C(=O)NC(Cc1c[nH]c2ccccc12)C(=O)O,NC(Cc1ccccc1)C(=O)NC(Cc1c[nH]c2ccccc12)C(=O)O,bitter,chemtastes_db,2-[(2-amino-3-phenylpropanoyl)amino]-3-(1H-indol-3-yl)propanoic acid
NC(=O)OCCCc1ccccc1,NC(=O)OCCCc1ccccc1,bitter,chemtastes_db,3-phenylpropyl carbamate
Oc1cc(O)c2c(c1)OC(c1ccc(O)c(O)c1)C(O)C2c1c(O)cc(O)c2c1OC(c1ccc(O)c(O)c1)C(O)C2c1c(O)cc(O)c2c1OC(c1ccc(O)c(O)c1)C(O)C2,Oc1cc(O)c2c(c1)OC(c1ccc(O)c(O)c1)C(O)C2c1c(O)cc(O)c2c1OC(c1ccc(O)c(O)c1)C(O)C2c1c(O)cc(O)c2c1OC(c1ccc(O)c(O)c1)C(O)C2,bitter,chemtastes_db,"2-(3,4-dihydroxyphenyl)-8-[2-(3,4-dihydroxyphenyl)-3,5,7-trihydroxy-3,4-dihydro-2H-chromen-4-yl]-4-[2-(3,4-dihydroxyphenyl)-3,5,7-trihydroxy-3,4-dihydro-2H-chromen-8-yl]-3,4-dihydro-2H-chromene-3,5,7-triol"
[O-][n+]1cnc2c(ncn2[C@@H]2O[C@H](CO)[C@@H](O)[C@H]2O)c1O,[O-][n+]1cnc2c(ncn2[C@@H]2O[C@H](CO)[C@@H](O)[C@H]2O)c1O,sour,IUPAC Dissocation Constants,"9-[(2R,3R,4S,5R)-3,4-dihydroxy-5-(hydroxymethyl)oxolan-2-yl]-1-hydroxypurin-6-one"
CCOC(=O)c1cc(OC)c(O)c(OC)c1,CCOC(=O)c1cc(OC)c(O)c(OC)c1,bitter,chemtastes_db,"ethyl 4-hydroxy-3,5-dimethoxybenzoate"
O=C(O)CC(CC([N+](=O)[O-])([N+](=O)[O-])[N+](=O)[O-])C(=O)O,O=C(O)CC(CC([N+](=O)[O-])([N+](=O)[O-])[N+](=O)[O-])C(=O)O,sour,IUPAC Dissocation Constants,"2-(2,2,2-trinitroethyl)butanedioic acid"
C=CC1C2=CCOC(=O)C2=COC1OC1OC(CO)C(O)C(O)C1O,C=CC1C2=CCOC(=O)C2=COC1OC1OC(CO)C(O)C(O)C1O,bitter,chemtastes_db,"4-ethenyl-3-[3,4,5-trihydroxy-6-(hydroxymethyl)oxan-2-yl]oxy-4,6-dihydro-3H-pyrano[3,4-c]pyran-8-one"
O=C(O)C1=C(C(=O)O)CCCC1,O=C(O)C1=C(C(=O)O)CCCC1,sour,IUPAC Dissocation Constants,"cyclohexene-1,2-dicarboxylic acid"
CC(=CCO)COC1OC(CO)C(O)C(OC(=O)Cc2ccc(O)c(O)c2)C1O,CC(=CCO)COC1OC(CO)C(O)C(OC(=O)Cc2ccc(O)c(O)c2)C1O,bitter,phytocompounds_db,"[3,5-dihydroxy-2-(hydroxymethyl)-6-(4-hydroxy-2-methylbut-2-enoxy)oxan-4-yl] 2-(3,4-dihydroxyphenyl)acetate"
C=CC1C(OCC2OC(OC(=O)c3cc(O)c(-c4cccc(O)c4)c(O)c3)C(O)C(O)C2O)OC=C2C(=O)OCCC21,C=CC1C(OCC2OC(OC(=O)c3cc(O)c(-c4cccc(O)c4)c(O)c3)C(O)C(O)C2O)OC=C2C(=O)OCCC21,bitter,phytocompounds_db,"[6-[(4-ethenyl-8-oxo-4,4a,5,6-tetrahydro-3H-pyrano[3,4-c]pyran-3-yl)oxymethyl]-3,4,5-trihydroxyoxan-2-yl] 3,5-dihydroxy-4-(3-hydroxyphenyl)benzoate"
CC(=O)NCC(=O)NC(Cc1cn(Cc2ccccc2)cn1)C(=O)NCC(=O)O,CC(=O)NCC(=O)NC(Cc1cn(Cc2ccccc2)cn1)C(=O)NCC(=O)O,sour,IUPAC Dissocation Constants,2-[[2-[(2-acetamidoacetyl)amino]-3-(1-benzylimidazol-4-yl)propanoyl]amino]acetic acid
COC(=O)CC(C)(Cc1ccc([N+](=O)[O-])cc1)C(=O)O,COC(=O)CC(C)(Cc1ccc([N+](=O)[O-])cc1)C(=O)O,sour,IUPAC Dissocation Constants,4-methoxy-2-methyl-2-[(4-nitrophenyl)methyl]-4-oxobutanoic acid
CC(C)CC(NC(=O)C(N)Cc1ccccc1)C(=O)O,CC(C)CC(NC(=O)C(N)Cc1ccccc1)C(=O)O,bitter,chemtastes_db,2-[(2-amino-3-phenylpropanoyl)amino]-4-methylpentanoic acid
CC(=CCO)COC1OC(CO)C(O)C(OC(=O)Cc2ccc(O)c(O)c2)C1OC(=O)Cc1ccc(O)c(O)c1,CC(=CCO)COC1OC(CO)C(O)C(OC(=O)Cc2ccc(O)c(O)c2)C1OC(=O)Cc1ccc(O)c(O)c1,bitter,phytocompounds_db,"[5-[2-(3,4-dihydroxyphenyl)acetyl]oxy-3-hydroxy-2-(hydroxymethyl)-6-(4-hydroxy-2-methylbut-2-enoxy)oxan-4-yl] 2-(3,4-dihydroxyphenyl)acetate"
O=C(O)C1CC=CCC1C(=O)O,O=C(O)C1CC=CCC1C(=O)O,sour,IUPAC Dissocation Constants,"cyclohex-4-ene-1,2-dicarboxylic acid"
C=CCC(=O)O,C=CCC(=O)O,sour,IUPAC Dissocation Constants,but-3-enoic acid
CC(CCC1(O)OC2CC3C4CC=C5CC(OC6OC(CO)C(OC7OC(C)C(O)C(O)C7O)C(O)C6O)CCC5(C)C4CCC3(C)C2C1C)COC1OC(CO)C(O)C(O)C1O,CC(CCC1(O)OC2CC3C4CC=C5CC(OC6OC(CO)C(OC7OC(C)C(O)C(O)C7O)C(O)C6O)CCC5(C)C4CCC3(C)C2C1C)COC1OC(CO)C(O)C(O)C1O,bitter,chemtastes_db,"2-[4,5-dihydroxy-2-(hydroxymethyl)-6-[[6-hydroxy-7,9,13-trimethyl-6-[3-methyl-4-[3,4,5-trihydroxy-6-(hydroxymethyl)oxan-2-yl]oxybutyl]-5-oxapentacyclo[10.8.0.02,9.04,8.013,18]icos-18-en-16-yl]oxy]oxan-3-yl]oxy-6-methyloxane-3,4,5-triol"
CC1=CC(=O)C2=C(C)CC(O)C3C(C)C(=O)OC3C12,CC1=CC(=O)C2=C(C)CC(O)C3C(C)C(=O)OC3C12,bitter,phytocompounds_db,"4-hydroxy-3,6,9-trimethyl-3,3a,4,5,9a,9b-hexahydroazuleno[4,5-b]furan-2,7-dione"
C=C1C(=O)OC2C=C(C)CCC=C(C(=O)OC3OC(CO)C(O)C(O)C3O)CCC12,C=C1C(=O)OC2C=C(C)CCC=C(C(=O)OC3OC(CO)C(O)C(O)C3O)CCC12,bitter,phytocompounds_db,"[3,4,5-trihydroxy-6-(hydroxymethyl)oxan-2-yl] 10-methyl-3-methylidene-2-oxo-3a,4,5,8,9,11a-hexahydrocyclodeca[b]furan-6-carboxylate"
COc1cc(O)ccc1[N+](=O)[O-],COc1cc(O)ccc1[N+](=O)[O-],sour,IUPAC Dissocation Constants,3-methoxy-4-nitrophenol
O=C(O)CCc1ccc(Cl)cc1,O=C(O)CCc1ccc(Cl)cc1,sour,IUPAC Dissocation Constants,3-(4-chlorophenyl)propanoic acid
O=c1cc[nH]c(=S)[nH]1,O=c1cc[nH]c(=S)[nH]1,bitter,chemtastes_db,2-sulfanylidene-1H-pyrimidin-4-one
Nc1nc(=O)c([N+](=O)[O-])c[nH]1,Nc1nc(=O)c([N+](=O)[O-])c[nH]1,sour,IUPAC Dissocation Constants,2-amino-5-nitro-1H-pyrimidin-6-one
CC(C)=CCN=C(N)N,CC(C)=CCN=C(N)N,bitter,chemtastes_db,2-(3-methylbut-2-enyl)guanidine
COc1ccc(S)cc1,COc1ccc(S)cc1,sour,IUPAC Dissocation Constants,4-methoxybenzenethiol
COc1ccc(C2CC(=O)c3c(O)cc(OC4OC(CO)C(O)C(O)C4OC4OC(C)C(O)C(O)C4O)cc3O2)cc1O,COc1ccc(C2CC(=O)c3c(O)cc(OC4OC(CO)C(O)C(O)C4OC4OC(C)C(O)C(O)C4O)cc3O2)cc1O,bitter,chemtastes_db,"7-[4,5-dihydroxy-6-(hydroxymethyl)-3-(3,4,5-trihydroxy-6-methyloxan-2-yl)oxyoxan-2-yl]oxy-5-hydroxy-2-(3-hydroxy-4-methoxyphenyl)-2,3-dihydrochromen-4-one"
C=C1CCC2C3(C)CCCC24C(OC3=O)OC(c2ccoc2)CC14,C=C1CCC2C3(C)CCCC24C(OC3=O)OC(c2ccoc2)CC14,bitter,phytocompounds_db,"8-(furan-3-yl)-13-methyl-5-methylidene-9,11-dioxatetracyclo[8.6.0.01,6.02,13]hexadecan-12-one"
O=P(O)(O)CN(CCO)CCO,O=P(O)(O)CN(CCO)CCO,sour,IUPAC Dissocation Constants,[bis(2-hydroxyethyl)amino]methylphosphonic acid
CC1(C)OC2CC(=O)OC2(C)C1CC(=O)CC1C(=O)CCC23CC12C(=O)OC3c1ccoc1,CC1(C)OC2CC(=O)OC2(C)C1CC(=O)CC1C(=O)CCC23CC12C(=O)OC3c1ccoc1,bitter,phytocompounds_db,"2-[3-(5,5,6a-trimethyl-2-oxo-3a,6-dihydro-3H-furo[3,2-b]furan-6-yl)-2-oxopropyl]-7-(furan-3-yl)-8-oxatricyclo[4.3.1.01,6]decane-3,9-dione"
CC(C)(CO)C(O)C(=O)NCCC(=O)O,CC(C)(CO)C(O)C(=O)NCCC(=O)O,bitter,chemtastes_db,"3-[(2,4-dihydroxy-3,3-dimethylbutanoyl)amino]propanoic acid"
O=C(O)[C@H]1CCC[C@H]1C(=O)O,O=C(O)[C@H]1CCC[C@H]1C(=O)O,sour,IUPAC Dissocation Constants,"(1R,2S)-cyclopentane-1,2-dicarboxylic acid"
CC(CC1CCCCC1)N(C)C(=O)C(N)CC(=O)O,CC(CC1CCCCC1)N(C)C(=O)C(N)CC(=O)O,bitter,chemtastes_db,3-amino-4-[1-cyclohexylpropan-2-yl(methyl)amino]-4-oxobutanoic acid
COc1cc(O)c2c(c1)OC(c1ccc(O)cc1)CC2=O,COc1cc(O)c2c(c1)OC(c1ccc(O)cc1)CC2=O,bitter,phytocompounds_db,"5-hydroxy-2-(4-hydroxyphenyl)-7-methoxy-2,3-dihydrochromen-4-one"
Cc1cccc(C(=O)O)c1,Cc1cccc(C(=O)O)c1,sour,IUPAC Dissocation Constants,3-methylbenzoic acid
C=C1C(=O)OC2CC1(C)C1C(=O)C3(O)OC14C(O)(CCC1C3CC=C3CC=CC(=O)C31C)C(=O)OC24C,C=C1C(=O)OC2CC1(C)C1C(=O)C3(O)OC14C(O)(CCC1C3CC=C3CC=CC(=O)C31C)C(=O)OC24C,bitter,phytocompounds_db,"5,18-dihydroxy-1,14,21-trimethyl-25-methylidene-4,20,23-trioxaheptacyclo[20.3.1.12,5.03,18.03,21.06,15.09,14]heptacosa-8,11-diene-13,19,24,27-tetrone"
O=C(O)c1ccc([N+](=O)[O-])cc1O,O=C(O)c1ccc([N+](=O)[O-])cc1O,sour,IUPAC Dissocation Constants,2-hydroxy-4-nitrobenzoic acid
O=P(O)(O)CN(CP(=O)(O)O)CP(=O)(O)O,O=P(O)(O)CN(CP(=O)(O)O)CP(=O)(O)O,sour,IUPAC Dissocation Constants,[bis(phosphonomethyl)amino]methylphosphonic acid
O=C(OC1Cc2c(O)cc(O)cc2OC1C1CCC(=O)c2c(O)c(O)cc(C3Oc4cc(O)cc(O)c4CC3O)c2C1)c1cc(O)c(O)c(O)c1,O=C(OC1Cc2c(O)cc(O)cc2OC1C1CCC(=O)c2c(O)c(O)cc(C3Oc4cc(O)cc(O)c4CC3O)c2C1)c1cc(O)c(O)c(O)c1,bitter,phytocompounds_db,"[2-[1,2-dihydroxy-9-oxo-4-(3,5,7-trihydroxy-3,4-dihydro-2H-chromen-2-yl)-5,6,7,8-tetrahydrobenzo[7]annulen-6-yl]-5,7-dihydroxy-3,4-dihydro-2H-chromen-3-yl] 3,4,5-trihydroxybenzoate"
CCN(CC)C(=O)c1cccnc1,CCN(CC)C(=O)c1cccnc1,bitter,chemtastes_db,"N,N-diethylpyridine-3-carboxamide"
CCCC(CCC)(C(=O)O)C(=O)O,CCCC(CCC)(C(=O)O)C(=O)O,sour,IUPAC Dissocation Constants,"2,2-dipropylpropanedioic acid"
CCCCCCCC=O,CCCCCCCC=O,bitter,phytocompounds_db,octanal
CS(=O)(=O)c1nc2ncncc2[nH]1,CS(=O)(=O)c1nc2ncncc2[nH]1,sour,IUPAC Dissocation Constants,8-methylsulfonyl-7H-purine
CCC(C)SCC(=O)O,CCC(C)SCC(=O)O,sour,IUPAC Dissocation Constants,2-butan-2-ylsulfanylacetic acid
O=C(O)CCc1ccc(O)c(O)c1,O=C(O)CCc1ccc(O)c(O)c1,sour,IUPAC Dissocation Constants,"3-(3,4-dihydroxyphenyl)propanoic acid"
CN(CC([N+](=O)[O-])[N+](=O)[O-])[N+](=O)[O-],CN(CC([N+](=O)[O-])[N+](=O)[O-])[N+](=O)[O-],sour,IUPAC Dissocation Constants,"N-(2,2-dinitroethyl)-N-methylnitramide"
CC(C)(O)C=CC(=O)C(C)(O)C1C(O)CC2(C)C3CC=C4C(CC(O)C(=O)C4(C)C)C3(C)C(=O)CC12C,CC(C)(O)C=CC(=O)C(C)(O)C1C(O)CC2(C)C3CC=C4C(CC(O)C(=O)C4(C)C)C3(C)C(=O)CC12C,bitter,chemtastes_db,"17-(2,6-dihydroxy-6-methyl-3-oxohept-4-en-2-yl)-2,16-dihydroxy-4,4,9,13,14-pentamethyl-2,7,8,10,12,15,16,17-octahydro-1H-cyclopenta[a]phenanthrene-3,11-dione"
CC(C=CC=C(C)C=CC1=C(C)CC(O)CC1(C)C)=CC=CC=C(C)C=CC=C(C)C=CC1C(C)=CC(O)CC1(C)C,CC(C=CC=C(C)C=CC1=C(C)CC(O)CC1(C)C)=CC=CC=C(C)C=CC=C(C)C=CC1C(C)=CC(O)CC1(C)C,bitter,phytocompounds_db,"4-[18-(4-hydroxy-2,6,6-trimethylcyclohex-2-en-1-yl)-3,7,12,16-tetramethyloctadeca-1,3,5,7,9,11,13,15,17-nonaenyl]-3,5,5-trimethylcyclohex-3-en-1-ol"
CC(O)C(O)C(O)C(O)C=O,CC(O)C(O)C(O)C(O)C=O,bitter,phytocompounds_db,"2,3,4,5-tetrahydroxyhexanal"
O=c1ccc2cc3ccoc3c(O)c2o1,O=c1ccc2cc3ccoc3c(O)c2o1,bitter,phytocompounds_db,"9-hydroxyfuro[3,2-g]chromen-7-one"
C=CCc1ccc(OC)c(OC)c1,C=CCc1ccc(OC)c(OC)c1,bitter,chemtastes_db,"1,2-dimethoxy-4-prop-2-enylbenzene"
COc1ccc(N)c(C(=O)O)c1,COc1ccc(N)c(C(=O)O)c1,sour,IUPAC Dissocation Constants,2-amino-5-methoxybenzoic acid
O=c1c(O)c(-c2ccc(O)cc2)oc2cc(O)cc(O)c12,O=c1c(O)c(-c2ccc(O)cc2)oc2cc(O)cc(O)c12,bitter,chemtastes_db,"3,5,7-trihydroxy-2-(4-hydroxyphenyl)chromen-4-one"
O=C(O)CC(=O)OCC1OC(Oc2cc(O)c3c(=O)c(-c4ccc(O)cc4)coc3c2)C(O)C(O)C1O,O=C(O)CC(=O)OCC1OC(Oc2cc(O)c3c(=O)c(-c4ccc(O)cc4)coc3c2)C(O)C(O)C1O,bitter,tas2r_agonists,"3-oxo-3-[[3,4,5-trihydroxy-6-[5-hydroxy-3-(4-hydroxyphenyl)-4-oxochromen-7-yl]oxyoxan-2-yl]methoxy]propanoic acid"
O=C(O)CN(CC(=O)O)C(C(=O)O)c1ccccc1,O=C(O)CN(CC(=O)O)C(C(=O)O)c1ccccc1,sour,IUPAC Dissocation Constants,2-[bis(carboxymethyl)amino]-2-phenylacetic acid
CC1NC(=O)C(Cc2ccccc2)NC1=O,CC1NC(=O)C(Cc2ccccc2)NC1=O,bitter,chemtastes_db,"3-benzyl-6-methylpiperazine-2,5-dione"
CC1=C2C3OC(=O)C(C)C3CCC(C)(O)C2C2C3CC4(C)OC5(C)CCC6C(C)C(=O)OC6C4(C12)C35,CC1=C2C3OC(=O)C(C)C3CCC(C)(O)C2C2C3CC4(C)OC5(C)CCC6C(C)C(=O)OC6C4(C12)C35,bitter,phytocompounds_db,"12-hydroxy-3,8,12,17,19,23-hexamethyl-6,18,25-trioxaoctacyclo[13.11.1.01,17.02,14.04,13.05,9.019,27.022,26]heptacos-3-ene-7,24-dione"
COc1ccccc1C=O,COc1ccccc1C=O,bitter,chemtastes_db,2-methoxybenzaldehyde
CCN1CC2(COC)C(O)CC(OC)C34C5CC6(O)C(OC)C(O)C(OC(C)=O)(C5C6OC(=O)c5ccccc5)C(C(OC)C23)C14,CCN1CC2(COC)C(O)CC(OC)C34C5CC6(O)C(OC)C(O)C(OC(C)=O)(C5C6OC(=O)c5ccccc5)C(C(OC)C23)C14,bitter,phytocompounds_db,"[8-acetyloxy-11-ethyl-5,7,14-trihydroxy-6,16,18-trimethoxy-13-(methoxymethyl)-11-azahexacyclo[7.7.2.12,5.01,10.03,8.013,17]nonadecan-4-yl] benzoate"
COC(=O)C(C)(CC(=O)O)c1ccc([N+](=O)[O-])cc1,COC(=O)C(C)(CC(=O)O)c1ccc([N+](=O)[O-])cc1,sour,IUPAC Dissocation Constants,4-methoxy-3-methyl-3-(4-nitrophenyl)-4-oxobutanoic acid
CC(C(=O)O)C1CCC(C23C=CC(O)C(C)(C)C2C(=O)OC3)C(C(=O)O)C1,CC(C(=O)O)C1CCC(C23C=CC(O)C(C)(C)C2C(=O)OC3)C(C(=O)O)C1,bitter,chemtastes_db,"5-(1-carboxyethyl)-2-(6-hydroxy-7,7-dimethyl-1-oxo-6,7a-dihydro-3H-2-benzofuran-3a-yl)cyclohexane-1-carboxylic acid"
O=c1cccc2[nH]onc1-2,O=c1cccc2[nH]onc1-2,sour,IUPAC Dissocation Constants,"2,1,3-benzoxadiazol-4-ol"
C[As](C)(=O)O,C[As](C)(=O)O,sour,IUPAC Dissocation Constants,dimethylarsinic acid
CCC(=O)OCCC(C)CCC=C(C)C,CCC(=O)OCCC(C)CCC=C(C)C,bitter,flavor_db,"3,7-dimethyloct-6-enyl propanoate"
CC(C)CC(NC(=O)C(CC(C)C)NC(=O)CN)C(=O)O,CC(C)CC(NC(=O)C(CC(C)C)NC(=O)CN)C(=O)O,bitter,tas2r_agonists,2-[[2-[(2-aminoacetyl)amino]-4-methylpentanoyl]amino]-4-methylpentanoic acid
C[Si](C)(C)c1cccc(C(=O)O)c1,C[Si](C)(C)c1cccc(C(=O)O)c1,sour,IUPAC Dissocation Constants,3-trimethylsilylbenzoic acid
COc1cc(O)c(CCC(C)(C)O)c2c1C(=O)CC(c1ccc(O)cc1)O2,COc1cc(O)c(CCC(C)(C)O)c2c1C(=O)CC(c1ccc(O)cc1)O2,bitter,chemtastes_db,"7-hydroxy-8-(3-hydroxy-3-methylbutyl)-2-(4-hydroxyphenyl)-5-methoxy-2,3-dihydrochromen-4-one"
CNC(=O)NCCC([N+](=O)[O-])[N+](=O)[O-],CNC(=O)NCCC([N+](=O)[O-])[N+](=O)[O-],sour,IUPAC Dissocation Constants,"1-(3,3-dinitropropyl)-3-methylurea"
CC(C)(O)CCNc1ncnc2nc[nH]c12,CC(C)(O)CCNc1ncnc2nc[nH]c12,sour,IUPAC Dissocation Constants,2-methyl-4-(7H-purin-6-ylamino)butan-2-ol
COc1cc(O)c2c(c1C(=O)C=Cc1ccc(O)cc1)OC(C(C)(C)O)C2,COc1cc(O)c2c(c1C(=O)C=Cc1ccc(O)cc1)OC(C(C)(C)O)C2,bitter,chemtastes_db,"1-[4-hydroxy-2-(2-hydroxypropan-2-yl)-6-methoxy-2,3-dihydro-1-benzofuran-7-yl]-3-(4-hydroxyphenyl)prop-2-en-1-one"
Nc1ccc(SCC(=O)O)cc1,Nc1ccc(SCC(=O)O)cc1,sour,IUPAC Dissocation Constants,2-(4-aminophenyl)sulfanylacetic acid
O=C(O)C(=O)C=S1SCC=C1c1ccccc1,O=C(O)C(=O)C=S1SCC=C1c1ccccc1,sour,IUPAC Dissocation Constants,2-oxo-3-(5-phenyl-3H-dithiol-1-ylidene)propanoic acid
CC(=O)c1ccc(NS(=O)(=O)c2ccccc2)cc1,CC(=O)c1ccc(NS(=O)(=O)c2ccccc2)cc1,sour,IUPAC Dissocation Constants,N-(4-acetylphenyl)benzenesulfonamide
CC(C)(CCC(=O)O)N(F)F,CC(C)(CCC(=O)O)N(F)F,sour,IUPAC Dissocation Constants,4-(difluoroamino)-4-methylpentanoic acid
O=C(O)CCCC1CCOC1=O,O=C(O)CCCC1CCOC1=O,sour,IUPAC Dissocation Constants,4-(2-oxooxolan-3-yl)butanoic acid
CC(=O)OC(C)(C)C=CC(=O)C(C)(O)C1C(O)CC2(C)C3CC=C4C(CC(OC5OC(CO)C(O)C(O)C5O)C(=O)C4(C)C)C3(C)C(=O)CC12C,CC(=O)OC(C)(C)C=CC(=O)C(C)(O)C1C(O)CC2(C)C3CC=C4C(CC(OC5OC(CO)C(O)C(O)C5O)C(=O)C4(C)C)C3(C)C(=O)CC12C,bitter,phytocompounds_db,"[6-hydroxy-6-[16-hydroxy-4,4,9,13,14-pentamethyl-3,11-dioxo-2-[3,4,5-trihydroxy-6-(hydroxymethyl)oxan-2-yl]oxy-2,7,8,10,12,15,16,17-octahydro-1H-cyclopenta[a]phenanthren-17-yl]-2-methyl-5-oxohept-3-en-2-yl] acetate"
CC(=O)OC1C(OC(C)=O)C2(C)C(C(O)C3C2C(C)C=C2OC(=O)C(C)(O)C23C)C2C(O)C(=O)C3CC4OC4C(OC(C)=O)C3(C)C12,CC(=O)OC1C(OC(C)=O)C2(C)C(C(O)C3C2C(C)C=C2OC(=O)C(C)(O)C23C)C2C(O)C(=O)C3CC4OC4C(OC(C)=O)C3(C)C12,bitter,phytocompounds_db,"(10,14-diacetyloxy-3,22,25-trihydroxy-11,15,17,22,23-pentamethyl-4,21-dioxo-8,20-dioxaheptacyclo[13.10.0.02,12.05,11.07,9.016,24.019,23]pentacos-18-en-13-yl) acetate"
O=C(O)c1ccccc1C(=O)O,O=C(O)c1ccccc1C(=O)O,sour,IUPAC Dissocation Constants,phthalic acid
O=[N+]([O-])c1c(O)ccc2ccccc12,O=[N+]([O-])c1c(O)ccc2ccccc12,sour,IUPAC Dissocation Constants,1-nitronaphthalen-2-ol
O=C(O)CCBr,O=C(O)CCBr,sour,IUPAC Dissocation Constants,3-bromopropanoic acid
COc1ccc2c(c1)C13CCN4CC5=CCOC6CC(=O)N2C1C6C5CC43,COc1ccc2c(c1)C13CCN4CC5=CCOC6CC(=O)N2C1C6C5CC43,bitter,chemtastes_db,"10-methoxy-4a,5,5a,7,8,13a,15,15a,15b,16-decahydro-2H-4,6-methanoindolo[3,2,1-ij]oxepino[2,3,4-de]pyrrolo[2,3-h]quinolin-14-one"
O=C(O)CC(=O)O,O=C(O)CC(=O)O,sour,IUPAC Dissocation Constants,propanedioic acid
C=C1C(=O)C23CC1CCC2C12COC(O)C1C(C)(C)C(OC(C)=O)CC2OC3=O,C=C1C(=O)C23CC1CCC2C12COC(O)C1C(C)(C)C(OC(C)=O)CC2OC3=O,bitter,chemtastes_db,"(9-hydroxy-7,7-dimethyl-17-methylidene-2,18-dioxo-3,10-dioxapentacyclo[14.2.1.01,13.04,12.08,12]nonadecan-6-yl) acetate"
O=C(O)C1=CCCC1C(=O)O,O=C(O)C1=CCCC1C(=O)O,sour,IUPAC Dissocation Constants,"cyclopent-2-ene-1,2-dicarboxylic acid"
O=C(O)c1ccc(Br)c2ccccc12,O=C(O)c1ccc(Br)c2ccccc12,sour,IUPAC Dissocation Constants,4-bromonaphthalene-1-carboxylic acid
CC1(C(O)CO)C=C2CCC3C(C)(C)C(OC4OC(CO)C(O)C(O)C4O)CCC3(C)C2CC1,CC1(C(O)CO)C=C2CCC3C(C)(C)C(OC4OC(CO)C(O)C(O)C4O)CCC3(C)C2CC1,bitter,phytocompounds_db,"2-[[7-(1,2-dihydroxyethyl)-1,1,4a,7-tetramethyl-3,4,4b,5,6,9,10,10a-octahydro-2H-phenanthren-2-yl]oxy]-6-(hydroxymethyl)oxane-3,4,5-triol"
CNC(=O)Oc1ccc2c(c1)C1(C)CCN(C)C1N2C,CNC(=O)Oc1ccc2c(c1)C1(C)CCN(C)C1N2C,bitter,phytocompounds_db,"(3,4,8b-trimethyl-2,3a-dihydro-1H-pyrrolo[2,3-b]indol-7-yl) N-methylcarbamate"
O=C(O)C[Se]c1ccccc1[N+](=O)[O-],O=C(O)C[Se]c1ccccc1[N+](=O)[O-],sour,IUPAC Dissocation Constants,2-(2-nitrophenyl)selanylacetic acid
COC(=O)C1CC(O)CC2C1=C(OC1OC(CO)C(O)C(O)C1O)CC1C(=O)OC(c3ccoc3)CC12C,COC(=O)C1CC(O)CC2C1=C(OC1OC(CO)C(O)C(O)C1O)CC1C(=O)OC(c3ccoc3)CC12C,bitter,phytocompounds_db,"methyl 2-(furan-3-yl)-9-hydroxy-10b-methyl-4-oxo-6-[3,4,5-trihydroxy-6-(hydroxymethyl)oxan-2-yl]oxy-2,4a,5,7,8,9,10,10a-octahydro-1H-benzo[f]isochromene-7-carboxylate"
Oc1cc(O)c2c(c1)OC(c1cc(O)c(O)c(O)c1)C(O)C2,Oc1cc(O)c2c(c1)OC(c1cc(O)c(O)c(O)c1)C(O)C2,bitter,chemtastes_db,"2-(3,4,5-trihydroxyphenyl)-3,4-dihydro-2H-chromene-3,5,7-triol"
O=C1CS(=O)(=O)c2ccccc21,O=C1CS(=O)(=O)c2ccccc21,sour,IUPAC Dissocation Constants,"1,1-dioxo-1-benzothiophen-3-one"
O=[N+]([O-])c1ccc(O)cc1[N+](=O)[O-],O=[N+]([O-])c1ccc(O)cc1[N+](=O)[O-],sour,IUPAC Dissocation Constants,"3,4-dinitrophenol"
CC(C)CC([N+](=O)[O-])[N+](=O)[O-],CC(C)CC([N+](=O)[O-])[N+](=O)[O-],sour,IUPAC Dissocation Constants,"3-methyl-1,1-dinitrobutane"
Nc1ncc2[nH]c(C(F)(F)F)nc2n1,Nc1ncc2[nH]c(C(F)(F)F)nc2n1,sour,IUPAC Dissocation Constants,8-(trifluoromethyl)-7H-purin-2-amine
O=C(O)c1cc[nH]n1,O=C(O)c1cc[nH]n1,sour,IUPAC Dissocation Constants,1H-pyrazole-5-carboxylic acid
CC(C(=O)NO)N(C)C,CC(C(=O)NO)N(C)C,sour,IUPAC Dissocation Constants,2-(dimethylamino)-N-hydroxypropanamide
C=C1CC2OC(=O)C(=C)C2C(O)C=C(C)CCC1O,C=C1CC2OC(=O)C(=C)C2C(O)C=C(C)CCC1O,bitter,chemtastes_db,"4,9-dihydroxy-6-methyl-3,10-dimethylidene-4,7,8,9,11,11a-hexahydro-3aH-cyclodeca[b]furan-2-one"
C=C1C2CCC3C(CCC4C5(C)CCCC43C3OCCN3C5)(C2)C1O,C=C1C2CCC3C(CCC4C5(C)CCCC43C3OCCN3C5)(C2)C1O,bitter,chemtastes_db,"12-methyl-6-methylidene-17-oxa-14-azahexacyclo[10.6.3.15,8.01,11.02,8.014,18]docosan-7-ol"
NC(=S)Nc1ccccc1,NC(=S)Nc1ccccc1,bitter,chemtastes_db,phenylthiourea
C[C@@]1(C(=O)O)C[C@]1(C(=O)O)c1ccccc1,C[C@@]1(C(=O)O)C[C@]1(C(=O)O)c1ccccc1,sour,IUPAC Dissocation Constants,"(1R,2S)-1-methyl-2-phenylcyclopropane-1,2-dicarboxylic acid"
O=C(O)c1ccc(O)nc1,O=C(O)c1ccc(O)nc1,sour,IUPAC Dissocation Constants,6-oxo-1H-pyridine-3-carboxylic acid
CC(C)(C)c1cccc(C(=O)O)c1,CC(C)(C)c1cccc(C(=O)O)c1,sour,IUPAC Dissocation Constants,3-tert-butylbenzoic acid
O=S(=O)(O)c1cc(I)c(O)c2ncccc12,O=S(=O)(O)c1cc(I)c(O)c2ncccc12,sour,IUPAC Dissocation Constants,8-hydroxy-7-iodoquinoline-5-sulfonic acid
COC(=O)C1=C(C(=O)O)CCC1,COC(=O)C1=C(C(=O)O)CCC1,sour,IUPAC Dissocation Constants,2-methoxycarbonylcyclopentene-1-carboxylic acid
O=C1CCCc2ccccc21,O=C1CCCc2ccccc21,bitter,chemtastes_db,"3,4-dihydro-2H-naphthalen-1-one"
O=c1c(O)c(-c2ccc(O)c(O)c2)oc2cc(O)cc(O)c12,O=c1c(O)c(-c2ccc(O)c(O)c2)oc2cc(O)cc(O)c12,bitter,chemtastes_db,"2-(3,4-dihydroxyphenyl)-3,5,7-trihydroxychromen-4-one"
CC1CCC2C(C)C3C(CC4C5CC=C6CC(OC7OC(CO)C(OC8OC(C)C(O)C(O)C8O)C(O)C7OC7OC(C)C(O)C(O)C7O)CCC6(C)C5CCC43C)N2C1,CC1CCC2C(C)C3C(CC4C5CC=C6CC(OC7OC(CO)C(OC8OC(C)C(O)C(O)C8O)C(O)C7OC7OC(C)C(O)C(O)C7O)CCC6(C)C5CCC43C)N2C1,bitter,chemtastes_db,"2-[4-hydroxy-2-(hydroxymethyl)-6-[(10,14,16,20-tetramethyl-22-azahexacyclo[12.10.0.02,11.05,10.015,23.017,22]tetracos-4-en-7-yl)oxy]-5-(3,4,5-trihydroxy-6-methyloxan-2-yl)oxyoxan-3-yl]oxy-6-methyloxane-3,4,5-triol"
O=[N+]([O-])c1cc(Br)c(O)c(Br)c1,O=[N+]([O-])c1cc(Br)c(O)c(Br)c1,sour,IUPAC Dissocation Constants,"2,6-dibromo-4-nitrophenol"
Cc1ccc(S)cc1,Cc1ccc(S)cc1,sour,IUPAC Dissocation Constants,4-methylbenzenethiol
O=C(O)CSc1ccccc1,O=C(O)CSc1ccccc1,sour,IUPAC Dissocation Constants,2-phenylsulfanylacetic acid
CC(=O)NCCC([N+](=O)[O-])[N+](=O)[O-],CC(=O)NCCC([N+](=O)[O-])[N+](=O)[O-],sour,IUPAC Dissocation Constants,"N-(3,3-dinitropropyl)acetamide"
C=C1C(=O)OC2CC3(C)CCCC(C)C3=CC12,C=C1C(=O)OC2CC3(C)CCCC(C)C3=CC12,bitter,phytocompounds_db,"5,8a-dimethyl-3-methylidene-5,6,7,8,9,9a-hexahydro-3aH-benzo[f][1]benzofuran-2-one"
CC=C(C)C(=O)O,CC=C(C)C(=O)O,sour,phytocompounds_db,2-methylbut-2-enoic acid
CNC(C)C(O)c1ccccc1,CNC(C)C(O)c1ccccc1,bitter,flavor_db,2-(methylamino)-1-phenylpropan-1-ol
CC1=CC(=O)C(O)C2(C)C1CC1OC(=O)C(O)C3(O)C4(CO)OCC13C2C(O)C4O,CC1=CC(=O)C(O)C2(C)C1CC1OC(=O)C(O)C3(O)C4(CO)OCC13C2C(O)C4O,bitter,phytocompounds_db,"2,3,12,15,16-pentahydroxy-17-(hydroxymethyl)-9,13-dimethyl-5,18-dioxapentacyclo[12.5.0.01,6.02,17.08,13]nonadec-9-ene-4,11-dione"
NCCCC([N+](=O)[O-])[N+](=O)[O-],NCCCC([N+](=O)[O-])[N+](=O)[O-],sour,IUPAC Dissocation Constants,"4,4-dinitrobutan-1-amine"
CCc1c(C)nc2nc[nH]n2c1=O,CCc1c(C)nc2nc[nH]n2c1=O,sour,IUPAC Dissocation Constants,"6-ethyl-5-methyl-1H-[1,2,4]triazolo[1,5-a]pyrimidin-7-one"
CC1(C)SCNC1C(=O)O,CC1(C)SCNC1C(=O)O,sour,IUPAC Dissocation Constants,"5,5-dimethyl-1,3-thiazolidine-4-carboxylic acid"
Cn1c(N)nc2ncc(O)nc2c1=O,Cn1c(N)nc2ncc(O)nc2c1=O,sour,IUPAC Dissocation Constants,"2-amino-3-methyl-5H-pteridine-4,6-dione"
Cn1c(=O)c2ncc(=O)[nH]c2n(-c2ccccc2)c1=O,Cn1c(=O)c2ncc(=O)[nH]c2n(-c2ccccc2)c1=O,sour,IUPAC Dissocation Constants,"3-methyl-1-phenyl-8H-pteridine-2,4,7-trione"
CCCCCCCCC=CCCCCCCCC(=O)OCCOCC(OCCO)C1OCC(OCCO)C1OCCO,CCCCCCCCC=CCCCCCCCC(=O)OCCOCC(OCCO)C1OCC(OCCO)C1OCCO,bitter,chemtastes_db,"2-[2-[3,4-bis(2-hydroxyethoxy)oxolan-2-yl]-2-(2-hydroxyethoxy)ethoxy]ethyl octadec-9-enoate"
CC1=NOC(=O)C1=NNc1ccc(Cl)cc1,CC1=NOC(=O)C1=NNc1ccc(Cl)cc1,sour,IUPAC Dissocation Constants,"4-[(4-chlorophenyl)diazenyl]-3-methyl-2H-1,2-oxazol-5-one"
CC(=O)OCC1OC(OCC2OC(OC3(COC(C)=O)OC(COC(C)=O)C(OC(C)=O)C3OC(C)=O)C(OC(C)=O)C(OC(C)=O)C2OC(C)=O)C(OC(C)=O)C(OC(C)=O)C1OC(C)=O,CC(=O)OCC1OC(OCC2OC(OC3(COC(C)=O)OC(COC(C)=O)C(OC(C)=O)C3OC(C)=O)C(OC(C)=O)C(OC(C)=O)C2OC(C)=O)C(OC(C)=O)C(OC(C)=O)C1OC(C)=O,bitter,chemtastes_db,"[3,4,5-triacetyloxy-6-[[3,4,5-triacetyloxy-6-[3,4-diacetyloxy-2,5-bis(acetyloxymethyl)oxolan-2-yl]oxyoxan-2-yl]methoxy]oxan-2-yl]methyl acetate"
COc1cc2c3cc1Oc1c(OC)c(OC)cc4c1C(Cc1ccc(O)c(c1)Oc1ccc(cc1)CC3N(C)CC2)N(C)CC4,COc1cc2c3cc1Oc1c(OC)c(OC)cc4c1C(Cc1ccc(O)c(c1)Oc1ccc(cc1)CC3N(C)CC2)N(C)CC4,bitter,phytocompounds_db,"20,21,25-trimethoxy-15,30-dimethyl-7,23-dioxa-15,30-diazaheptacyclo[22.6.2.23,6.18,12.114,18.027,31.022,33]hexatriaconta-3(36),4,6(35),8,10,12(34),18,20,22(33),24,26,31-dodecaen-9-ol"
O=[N+]([O-])NCCC([N+](=O)[O-])[N+](=O)[O-],O=[N+]([O-])NCCC([N+](=O)[O-])[N+](=O)[O-],sour,IUPAC Dissocation Constants,"N-(3,3-dinitropropyl)nitramide"
O=C1OC(C(O)CO)C(O)=C1O,O=C1OC(C(O)CO)C(O)=C1O,bitter,phytocompounds_db,"2-(1,2-dihydroxyethyl)-3,4-dihydroxy-2H-furan-5-one"
O=c1c(OC2CC(CO)C(O)C(O)C2O)c(-c2ccc(O)c(O)c2)oc2cc(O)cc(O)c12,O=c1c(OC2CC(CO)C(O)C(O)C2O)c(-c2ccc(O)c(O)c2)oc2cc(O)cc(O)c12,bitter,chemtastes_db,"2-(3,4-dihydroxyphenyl)-5,7-dihydroxy-3-[2,3,4-trihydroxy-5-(hydroxymethyl)cyclohexyl]oxychromen-4-one"
NNC(=O)c1ccc(Cl)cc1,NNC(=O)c1ccc(Cl)cc1,sour,IUPAC Dissocation Constants,4-chlorobenzohydrazide
CC(C)(C)c1ccc(S(=O)(=O)CC(=O)O)cc1,CC(C)(C)c1ccc(S(=O)(=O)CC(=O)O)cc1,sour,IUPAC Dissocation Constants,2-(4-tert-butylphenyl)sulfonylacetic acid
O=C(O)c1cc(Cl)cc(Cl)c1O,O=C(O)c1cc(Cl)cc(Cl)c1O,sour,IUPAC Dissocation Constants,"3,5-dichloro-2-hydroxybenzoic acid"
CC(CCC1(O)OC2CC3C4CCC5CC(OC6OC(CO)C(OC7OC(C)C(O)C(O)C7O)C(O)C6O)CCC5(C)C4CCC3(C)C2C1C)COC1OC(CO)C(O)C(O)C1O,CC(CCC1(O)OC2CC3C4CCC5CC(OC6OC(CO)C(OC7OC(C)C(O)C(O)C7O)C(O)C6O)CCC5(C)C4CCC3(C)C2C1C)COC1OC(CO)C(O)C(O)C1O,bitter,chemtastes_db,"2-[4,5-dihydroxy-2-(hydroxymethyl)-6-[[6-hydroxy-7,9,13-trimethyl-6-[3-methyl-4-[3,4,5-trihydroxy-6-(hydroxymethyl)oxan-2-yl]oxybutyl]-5-oxapentacyclo[10.8.0.02,9.04,8.013,18]icosan-16-yl]oxy]oxan-3-yl]oxy-6-methyloxane-3,4,5-triol"
C=C1CC23CCC4C(C)(C(=O)OC5OC(CO)C(O)C(O)C5O)CCCC4(C)C2CCC1(OC1OC(CO)C(O)C(OC2OC(CO)C(O)C(O)C2O)C1OC1OC(C)C(O)C(O)C1O)C3,C=C1CC23CCC4C(C)(C(=O)OC5OC(CO)C(O)C(O)C5O)CCCC4(C)C2CCC1(OC1OC(CO)C(O)C(OC2OC(CO)C(O)C(O)C2O)C1OC1OC(C)C(O)C(O)C1O)C3,bitter,tas2r_agonists,"[3,4,5-trihydroxy-6-(hydroxymethyl)oxan-2-yl] 13-[5-hydroxy-6-(hydroxymethyl)-4-[3,4,5-trihydroxy-6-(hydroxymethyl)oxan-2-yl]oxy-3-(3,4,5-trihydroxy-6-methyloxan-2-yl)oxyoxan-2-yl]oxy-5,9-dimethyl-14-methylidenetetracyclo[11.2.1.01,10.04,9]hexadecane-5-carboxylate"
C=C1C(O)C2(O)OCC34C1CC(=O)OC3C(O)C1C(C)=CC(=O)C(O)C1(C)C24,C=C1C(O)C2(O)OCC34C1CC(=O)OC3C(O)C1C(C)=CC(=O)C(O)C1(C)C24,bitter,phytocompounds_db,"4,5,12,17-tetrahydroxy-14,18-dimethyl-6-methylidene-3,10-dioxapentacyclo[9.8.0.01,7.04,19.013,18]nonadec-14-ene-9,16-dione"
O=C(O)CCSSCCC(=O)O,O=C(O)CCSSCCC(=O)O,sour,IUPAC Dissocation Constants,3-(2-carboxyethyldisulfanyl)propanoic acid
CC(C)(C(=O)O)C(C)(C)C(=O)O,CC(C)(C(=O)O)C(C)(C)C(=O)O,sour,IUPAC Dissocation Constants,"2,2,3,3-tetramethylbutanedioic acid"
OO,OO,bitter,chemtastes_db,hydrogen peroxide
CCOCC(=O)O,CCOCC(=O)O,sour,IUPAC Dissocation Constants,2-ethoxyacetic acid
COc1ccc(C=O)cc1,COc1ccc(C=O)cc1,bitter,chemtastes_db,4-methoxybenzaldehyde
COC(=O)C1=CCCN(C)C1,COC(=O)C1=CCCN(C)C1,bitter,flavor_db,"methyl 1-methyl-3,6-dihydro-2H-pyridine-5-carboxylate"
CCCCCCC(C)=O,CCCCCCC(C)=O,bitter,chemtastes_db,octan-2-one
O=c1c(O)c(-c2ccc(O)cc2)oc2cc(O)ccc12,O=c1c(O)c(-c2ccc(O)cc2)oc2cc(O)ccc12,bitter,chemtastes_db,"3,7-dihydroxy-2-(4-hydroxyphenyl)chromen-4-one"
CN(C=O)c1ccccc1S,CN(C=O)c1ccccc1S,sour,IUPAC Dissocation Constants,N-methyl-N-(2-sulfanylphenyl)formamide
CC1CC(O)C(O)C2(C)C1CC1OC(=O)CC3C(C)C(O)C4(O)OCC13C42,CC1CC(O)C(O)C2(C)C1CC1OC(=O)CC3C(C)C(O)C4(O)OCC13C42,bitter,phytocompounds_db,"4,5,16,17-tetrahydroxy-6,14,18-trimethyl-3,10-dioxapentacyclo[9.8.0.01,7.04,19.013,18]nonadecan-9-one"
O=[N+]([O-])c1ccc(O)c(O)c1[N+](=O)[O-],O=[N+]([O-])c1ccc(O)c(O)c1[N+](=O)[O-],sour,IUPAC Dissocation Constants,"3,4-dinitrobenzene-1,2-diol"
CC(=O)OC(C)(C)CCC(=O)C(C)(O)C1C(O)CC2(C)C3CC=C4C(C=C(OC5OC(CO)C(O)C(O)C5O)C(=O)C4(C)C)C3(C)C(=O)CC12C,CC(=O)OC(C)(C)CCC(=O)C(C)(O)C1C(O)CC2(C)C3CC=C4C(C=C(OC5OC(CO)C(O)C(O)C5O)C(=O)C4(C)C)C3(C)C(=O)CC12C,bitter,phytocompounds_db,"[6-hydroxy-6-[16-hydroxy-4,4,9,13,14-pentamethyl-3,11-dioxo-2-[3,4,5-trihydroxy-6-(hydroxymethyl)oxan-2-yl]oxy-8,10,12,15,16,17-hexahydro-7H-cyclopenta[a]phenanthren-17-yl]-2-methyl-5-oxoheptan-2-yl] acetate"
C=CCCCCCCCCCCCC(O)CC(O)COC(C)=O,C=CCCCCCCCCCCCC(O)CC(O)COC(C)=O,bitter,chemtastes_db,"2,4-dihydroxyheptadec-16-enyl acetate"
CN1Cc2c(ccc3c2OCO3)C2C(O)Cc3cc4c(cc3C21)OCO4,CN1Cc2c(ccc3c2OCO3)C2C(O)Cc3cc4c(cc3C21)OCO4,bitter,phytocompounds_db,"24-methyl-5,7,18,20-tetraoxa-24-azahexacyclo[11.11.0.02,10.04,8.014,22.017,21]tetracosa-2,4(8),9,14(22),15,17(21)-hexaen-12-ol"
O=C(O)CCOc1ccccc1,O=C(O)CCOc1ccccc1,sour,IUPAC Dissocation Constants,3-phenoxypropanoic acid
O=C(O)c1cc(O)cc2ccccc12,O=C(O)c1cc(O)cc2ccccc12,sour,IUPAC Dissocation Constants,3-hydroxynaphthalene-1-carboxylic acid
NC(=O)C[N+](=O)[O-],NC(=O)C[N+](=O)[O-],sour,IUPAC Dissocation Constants,2-nitroacetamide
CC(C)CC(=O)OCCc1ccccc1,CC(C)CC(=O)OCCc1ccccc1,bitter,flavor_db,2-phenylethyl 3-methylbutanoate
c1ncc2[nH]cnc2n1,c1ncc2[nH]cnc2n1,bitter,chemtastes_db,7H-purine
Cc1ccc(C(N)C(=O)O)cc1,Cc1ccc(C(N)C(=O)O)cc1,sour,IUPAC Dissocation Constants,2-amino-2-(4-methylphenyl)acetic acid
COC(=O)C1=C(C(=O)O)C2C=CC1C2,COC(=O)C1=C(C(=O)O)C2C=CC1C2,sour,IUPAC Dissocation Constants,"3-methoxycarbonylbicyclo[2.2.1]hepta-2,5-diene-2-carboxylic acid"
COC(=O)CC(C(=O)O)c1ccc([N+](=O)[O-])cc1,COC(=O)CC(C(=O)O)c1ccc([N+](=O)[O-])cc1,sour,IUPAC Dissocation Constants,4-methoxy-2-(4-nitrophenyl)-4-oxobutanoic acid
O=C(O)C12CC(C1)C2,O=C(O)C12CC(C1)C2,sour,IUPAC Dissocation Constants,bicyclo[1.1.1]pentane-1-carboxylic acid
O=c1c(-c2ccc(O)cc2)coc2cc(O)cc(O)c12,O=c1c(-c2ccc(O)cc2)coc2cc(O)cc(O)c12,bitter,chemtastes_db,"5,7-dihydroxy-3-(4-hydroxyphenyl)chromen-4-one"
O=C(O)c1cc2ccccc2cc1O,O=C(O)c1cc2ccccc2cc1O,sour,IUPAC Dissocation Constants,3-hydroxynaphthalene-2-carboxylic acid
CC1=NN(c2ccccc2)C(=O)C1C(=O)c1ccccc1,CC1=NN(c2ccccc2)C(=O)C1C(=O)c1ccccc1,sour,IUPAC Dissocation Constants,4-benzoyl-5-methyl-2-phenyl-4H-pyrazol-3-one
CS(=O)(=O)c1nc2nc(N)ncc2[nH]1,CS(=O)(=O)c1nc2nc(N)ncc2[nH]1,sour,IUPAC Dissocation Constants,8-methylsulfonyl-7H-purin-2-amine
CC1(C(=O)O)CCC2(C)CCC3(C)C(=CC(=O)C4C5(C)CCC(OC6OC(C(=O)O)C(O)C(O)C6OC6OC(C(=O)O)C(O)C(O)C6O)C(C)(C)C5CCC43C)C2C1,CC1(C(=O)O)CCC2(C)CCC3(C)C(=CC(=O)C4C5(C)CCC(OC6OC(C(=O)O)C(O)C(O)C6OC6OC(C(=O)O)C(O)C(O)C6O)C(C)(C)C5CCC43C)C2C1,bitter,phytocompounds_db,"6-[6-carboxy-2-[(11-carboxy-4,4,6a,6b,8a,11,14b-heptamethyl-14-oxo-2,3,4a,5,6,7,8,9,10,12,12a,14a-dodecahydro-1H-picen-3-yl)oxy]-4,5-dihydroxyoxan-3-yl]oxy-3,4,5-trihydroxyoxane-2-carboxylic acid"
O=c1cc(-c2ccccc2)oc2cc(O)c(O)c(O)c12,O=c1cc(-c2ccccc2)oc2cc(O)c(O)c(O)c12,bitter,tas2r_agonists,"5,6,7-trihydroxy-2-phenylchromen-4-one"
CCCCNC(=S)S,CCCCNC(=S)S,sour,IUPAC Dissocation Constants,butylcarbamodithioic acid
CC1CC2OC(=O)C3(C)C2C(OC3(C)O)C2(C)C(=O)C=CC12,CC1CC2OC(=O)C3(C)C2C(OC3(C)O)C2(C)C(=O)C=CC12,bitter,phytocompounds_db,"13-hydroxy-2,7,12,13-tetramethyl-10,14-dioxatetracyclo[7.5.1.02,6.012,15]pentadec-4-ene-3,11-dione"
O=c1oc2ccccc2c(O)c1Cc1c(O)c2ccccc2oc1=O,O=c1oc2ccccc2c(O)c1Cc1c(O)c2ccccc2oc1=O,bitter,chemtastes_db,4-hydroxy-3-[(4-hydroxy-2-oxochromen-3-yl)methyl]chromen-2-one
O=C(O)CN(CC(=O)O)C1(C(=O)O)CCCCC1,O=C(O)CN(CC(=O)O)C1(C(=O)O)CCCCC1,sour,IUPAC Dissocation Constants,1-[bis(carboxymethyl)amino]cyclohexane-1-carboxylic acid
NC(=O)CC(N)C(=O)O,NC(=O)CC(N)C(=O)O,sour,phytocompounds_db,"2,4-diamino-4-oxobutanoic acid"
CC(C)=CCC1(CC=C(C)C)C(=O)C(O)=C(O)C1=O,CC(C)=CCC1(CC=C(C)C)C(=O)C(O)=C(O)C1=O,bitter,chemtastes_db,"4,5-dihydroxy-2,2-bis(3-methylbut-2-enyl)cyclopent-4-ene-1,3-dione"
CC(C)=CCC1=C(O)C(CC=C(C)C)(CC=C(C)C)C(=O)C(C(=O)CC(C)C)=C1O,CC(C)=CCC1=C(O)C(CC=C(C)C)(CC=C(C)C)C(=O)C(C(=O)CC(C)C)=C1O,bitter,chemtastes_db,"3,5-dihydroxy-2-(3-methylbutanoyl)-4,6,6-tris(3-methylbut-2-enyl)cyclohexa-2,4-dien-1-one"
C=C1C(=O)OC2C1CCC(=C)C1CC(O)C(=C)C12,C=C1C(=O)OC2C1CCC(=C)C1CC(O)C(=C)C12,bitter,chemtastes_db,"8-hydroxy-3,6,9-trimethylidene-3a,4,5,6a,7,8,9a,9b-octahydroazuleno[4,5-b]furan-2-one"
C=C(C)C(=O)OC1CC(C)(OC(C)=O)C(=O)CCC2(C)OC2C2OC(=O)C(COC(C)=O)=C12,C=C(C)C(=O)OC1CC(C)(OC(C)=O)C(=O)CCC2(C)OC2C2OC(=O)C(COC(C)=O)=C12,bitter,phytocompounds_db,"[8-acetyloxy-12-(acetyloxymethyl)-4,8-dimethyl-7,13-dioxo-3,14-dioxatricyclo[9.3.0.02,4]tetradec-11-en-10-yl] 2-methylprop-2-enoate"
CCC=CCCO,CCC=CCCO,bitter,flavor_db,hex-3-en-1-ol
CCCCCC(=O)CC(=O)NC1CCOC1=O,CCCCCC(=O)CC(=O)NC1CCOC1=O,bitter,chemtastes_db,3-oxo-N-(2-oxooxolan-3-yl)octanamide
Cc1[nH]c(=O)n(Cc2ccccc2)c(=O)c1[N+](=O)[O-],Cc1[nH]c(=O)n(Cc2ccccc2)c(=O)c1[N+](=O)[O-],sour,IUPAC Dissocation Constants,"3-benzyl-6-methyl-5-nitro-1H-pyrimidine-2,4-dione"
CCCCCCCC(=O)O,CCCCCCCC(=O)O,sour,phytocompounds_db,octanoic acid
O=C(O)CN(CC(=O)O)[C@@H]1Cc2ccccc2C[C@H]1N(CC(=O)O)CC(=O)O,O=C(O)CN(CC(=O)O)[C@@H]1Cc2ccccc2C[C@H]1N(CC(=O)O)CC(=O)O,sour,IUPAC Dissocation Constants,"2-[[(2R,3R)-3-[bis(carboxymethyl)amino]-1,2,3,4-tetrahydronaphthalen-2-yl]-(carboxymethyl)amino]acetic acid"
O=Cc1cc(Cl)cc([N+](=O)[O-])c1O,O=Cc1cc(Cl)cc([N+](=O)[O-])c1O,sour,IUPAC Dissocation Constants,5-chloro-2-hydroxy-3-nitrobenzaldehyde
O=C1CCCCCN1,O=C1CCCCCN1,bitter,chemtastes_db,azepan-2-one
O=C(O)c1ccncc1C(=O)O,O=C(O)c1ccncc1C(=O)O,sour,IUPAC Dissocation Constants,"pyridine-3,4-dicarboxylic acid"
CC(=O)Nc1ccc(O)cc1,CC(=O)Nc1ccc(O)cc1,bitter,chemtastes_db,N-(4-hydroxyphenyl)acetamide
C=C1C(=O)C23CC1CCC2C12COC3(O)C(O)C1C(C)(C)C=CC2=O,C=C1C(=O)C23CC1CCC2C12COC3(O)C(O)C1C(C)(C)C=CC2=O,bitter,chemtastes_db,"9,10-dihydroxy-12,12-dimethyl-6-methylidene-17-oxapentacyclo[7.6.2.15,8.01,11.02,8]octadec-13-ene-7,15-dione"
O=C(O)CCN(CC(=O)O)CP(=O)(O)O,O=C(O)CCN(CC(=O)O)CP(=O)(O)O,sour,IUPAC Dissocation Constants,3-[carboxymethyl(phosphonomethyl)amino]propanoic acid
COCCC=C(C)C=NO,COCCC=C(C)C=NO,bitter,chemtastes_db,N-(5-methoxy-2-methylpent-2-enylidene)hydroxylamine
Cc1ccc(C(=O)O)c(C(=O)O)c1,Cc1ccc(C(=O)O)c(C(=O)O)c1,sour,IUPAC Dissocation Constants,4-methylphthalic acid
CCC(C)C(=O)c1c(O)cc(O)cc1OC1OC(CO)C(O)C(O)C1O,CCC(C)C(=O)c1c(O)cc(O)cc1OC1OC(CO)C(O)C(O)C1O,bitter,chemtastes_db,"1-[2,4-dihydroxy-6-[3,4,5-trihydroxy-6-(hydroxymethyl)oxan-2-yl]oxyphenyl]-2-methylbutan-1-one"
CC(C)(C)c1ccc(SCC(=O)O)cc1,CC(C)(C)c1ccc(SCC(=O)O)cc1,sour,IUPAC Dissocation Constants,2-(4-tert-butylphenyl)sulfanylacetic acid
O=C1C=C2C=CC3CC2(O1)C1CCCCN31,O=C1C=C2C=CC3CC2(O1)C1CCCCN31,bitter,phytocompounds_db,"14-oxa-7-azatetracyclo[6.6.1.01,11.02,7]pentadeca-9,11-dien-13-one"
CC(C)(O)CCC(=O)C(C)(O)C1C(O)CC2(C)C3CC=C4C(CC(O)C(=O)C4(C)C)C3(C)C(=O)CC12C,CC(C)(O)CCC(=O)C(C)(O)C1C(O)CC2(C)C3CC=C4C(CC(O)C(=O)C4(C)C)C3(C)C(=O)CC12C,bitter,phytocompounds_db,"17-(2,6-dihydroxy-6-methyl-3-oxoheptan-2-yl)-2,16-dihydroxy-4,4,9,13,14-pentamethyl-2,7,8,10,12,15,16,17-octahydro-1H-cyclopenta[a]phenanthrene-3,11-dione"
CC(C)C1(NC(=O)C2C=C3c4cccc5[nH]cc(c45)CC3N(C)C2)OC2(O)C3CCCN3C(=O)CN2C1=O,CC(C)C1(NC(=O)C2C=C3c4cccc5[nH]cc(c45)CC3N(C)C2)OC2(O)C3CCCN3C(=O)CN2C1=O,bitter,phytocompounds_db,"N-(2-hydroxy-5,8-dioxo-4-propan-2-yl-3-oxa-6,9-diazatricyclo[7.3.0.02,6]dodecan-4-yl)-7-methyl-6,6a,8,9-tetrahydro-4H-indolo[4,3-fg]quinoline-9-carboxamide"
COc1cc(CCN(C)C)c2ccc3ccccc3c2c1OC,COc1cc(CCN(C)C)c2ccc3ccccc3c2c1OC,bitter,phytocompounds_db,"2-(3,4-dimethoxyphenanthren-1-yl)-N,N-dimethylethanamine"
CC(C)(C)c1ccc(C(=O)O)cc1,CC(C)(C)c1ccc(C(=O)O)cc1,sour,IUPAC Dissocation Constants,4-tert-butylbenzoic acid
O=c1[nH]c(=O)c2[nH]cnc2[nH]1,O=c1[nH]c(=O)c2[nH]cnc2[nH]1,bitter,chemtastes_db,"3,7-dihydropurine-2,6-dione"
COc1ccc(C(=O)O)c(O)c1,COc1ccc(C(=O)O)c(O)c1,sour,IUPAC Dissocation Constants,2-hydroxy-4-methoxybenzoic acid
CN1CCN(CC(=O)N2c3ccccc3C(=O)Nc3cccnc32)CC1,CN1CCN(CC(=O)N2c3ccccc3C(=O)Nc3cccnc32)CC1,bitter,chemtastes_db,"11-[2-(4-methylpiperazin-1-yl)acetyl]-5H-pyrido[2,3-b][1,4]benzodiazepin-6-one"
O=C(O)C1=C(C(=O)O)CC=CC1,O=C(O)C1=C(C(=O)O)CC=CC1,sour,IUPAC Dissocation Constants,"cyclohexa-1,4-diene-1,2-dicarboxylic acid"
CC(C)(O)C1CC=C(C=NO)CC1,CC(C)(O)C1CC=C(C=NO)CC1,bitter,chemtastes_db,2-[4-(hydroxyiminomethyl)cyclohex-3-en-1-yl]propan-2-ol
Cc1cccc(O)c1C(=O)O,Cc1cccc(O)c1C(=O)O,sour,IUPAC Dissocation Constants,2-hydroxy-6-methylbenzoic acid
CC(=O)OC1CC(O)C23COC(O)C1(C)C2CC(O)C1(C)C3C(=O)C(OC(C)=O)C2(C)C(c3ccoc3)CC3OC321,CC(=O)OC1CC(O)C23COC(O)C1(C)C2CC(O)C1(C)C3C(=O)C(OC(C)=O)C2(C)C(c3ccoc3)CC3OC321,bitter,phytocompounds_db,"[4-acetyloxy-6-(furan-3-yl)-12,16,19-trihydroxy-5,11,15-trimethyl-3-oxo-9,17-dioxahexacyclo[13.3.3.01,14.02,11.05,10.08,10]henicosan-21-yl] acetate"
CC(=CCCC(C)C1CCC2(C)C3CC=C4C(CCC(OC5OC(CO)C(O)C(O)C5O)C4(C)C)C3(C)C(=O)CC12C)COC1OC(COC2OC(CO)C(O)C(O)C2O)C(O)C(O)C1O,CC(=CCCC(C)C1CCC2(C)C3CC=C4C(CCC(OC5OC(CO)C(O)C(O)C5O)C4(C)C)C3(C)C(=O)CC12C)COC1OC(COC2OC(CO)C(O)C(O)C2O)C(O)C(O)C1O,bitter,phytocompounds_db,"4,4,9,13,14-pentamethyl-17-[6-methyl-7-[3,4,5-trihydroxy-6-[[3,4,5-trihydroxy-6-(hydroxymethyl)oxan-2-yl]oxymethyl]oxan-2-yl]oxyhept-5-en-2-yl]-3-[3,4,5-trihydroxy-6-(hydroxymethyl)oxan-2-yl]oxy-1,2,3,7,8,10,12,15,16,17-decahydrocyclopenta[a]phenanthren-11-one"
O=C(O)CN(CP(=O)(O)O)CP(=O)(O)O,O=C(O)CN(CP(=O)(O)O)CP(=O)(O)O,sour,IUPAC Dissocation Constants,2-[bis(phosphonomethyl)amino]acetic acid
O=c1cc(-c2ccc(O)cc2)oc2ccccc12,O=c1cc(-c2ccc(O)cc2)oc2ccccc12,bitter,chemtastes_db,2-(4-hydroxyphenyl)chromen-4-one
O=C(O)c1ccc(C=C[N+](=O)[O-])cc1,O=C(O)c1ccc(C=C[N+](=O)[O-])cc1,sour,IUPAC Dissocation Constants,4-(2-nitroethenyl)benzoic acid
O=C(O)COc1ccccc1O,O=C(O)COc1ccccc1O,sour,IUPAC Dissocation Constants,2-(2-hydroxyphenoxy)acetic acid
ON=C(C(F)(F)F)C(F)(F)F,ON=C(C(F)(F)F)C(F)(F)F,sour,IUPAC Dissocation Constants,"N-(1,1,1,3,3,3-hexafluoropropan-2-ylidene)hydroxylamine"
Cc1cc(C(=O)O)c2ccccc2c1,Cc1cc(C(=O)O)c2ccccc2c1,sour,IUPAC Dissocation Constants,3-methylnaphthalene-1-carboxylic acid
O=C1[C@H]2CCCC[C@H]2C(=O)N1O,O=C1[C@H]2CCCC[C@H]2C(=O)N1O,sour,IUPAC Dissocation Constants,"(3aS,7aR)-2-hydroxy-3a,4,5,6,7,7a-hexahydroisoindole-1,3-dione"
Oc1c(O)c(Cl)c(Cl)c(Cl)c1Cl,Oc1c(O)c(Cl)c(Cl)c(Cl)c1Cl,sour,IUPAC Dissocation Constants,"3,4,5,6-tetrachlorobenzene-1,2-diol"
O=S=O,O=S=O,bitter,chemtastes_db,sulfur dioxide
O=[N+]([O-])c1cccc2ccccc12,O=[N+]([O-])c1cccc2ccccc12,bitter,chemtastes_db,1-nitronaphthalene
COC(=O)C=CC=CCCc1ccc2c(c1)OCO2,COC(=O)C=CC=CCCc1ccc2c(c1)OCO2,bitter,phytocompounds_db,"methyl 7-(1,3-benzodioxol-5-yl)hepta-2,4-dienoate"
CCC(C)(S(=O)(=O)CC)S(=O)(=O)CC,CCC(C)(S(=O)(=O)CC)S(=O)(=O)CC,bitter,chemtastes_db,"2,2-bis(ethylsulfonyl)butane"
Cc1ccc(S(=O)CC(=O)O)cc1,Cc1ccc([S+]([O-])CC(=O)O)cc1,sour,IUPAC Dissocation Constants,2-(4-methylphenyl)sulfinylacetic acid
C=C(Br)CC1(C(C)CC)C(=O)NC(=O)NC1=O,C=C(Br)CC1(C(C)CC)C(=O)NC(=O)NC1=O,bitter,chemtastes_db,"5-(2-bromoprop-2-enyl)-5-butan-2-yl-1,3-diazinane-2,4,6-trione"
O=[N+]([O-])c1cccc(O)c1[N+](=O)[O-],O=[N+]([O-])c1cccc(O)c1[N+](=O)[O-],sour,IUPAC Dissocation Constants,"2,3-dinitrophenol"
O=C(Oc1ccccc1C(=O)O)c1ccccc1O,O=C(Oc1ccccc1C(=O)O)c1ccccc1O,bitter,chemtastes_db,2-(2-hydroxybenzoyl)oxybenzoic acid
NCC(O)CC(=O)O,NCC(O)CC(=O)O,sour,IUPAC Dissocation Constants,4-amino-3-hydroxybutanoic acid
O=C(O)c1c[nH]c2ccccc12,O=C(O)c1c[nH]c2ccccc12,sour,IUPAC Dissocation Constants,1H-indole-3-carboxylic acid
O=C(O)CCS(=O)(=O)c1ccccc1,O=C(O)CCS(=O)(=O)c1ccccc1,bitter,chemtastes_db,3-(benzenesulfonyl)propanoic acid
CCOc1ccc([Se]CC(=O)O)cc1,CCOc1ccc([Se]CC(=O)O)cc1,sour,IUPAC Dissocation Constants,2-(4-ethoxyphenyl)selanylacetic acid
CC(C)=CCC1(CC=C(C)C)C(=O)C(=O)C(C(=O)C(C)C)C1=O,CC(C)=CCC1(CC=C(C)C)C(=O)C(=O)C(C(=O)C(C)C)C1=O,bitter,chemtastes_db,"3,3-bis(3-methylbut-2-enyl)-5-(2-methylpropanoyl)cyclopentane-1,2,4-trione"
COC(CNC(N)=O)C[Hg]Cl,COC(CNC(N)=O)C[Hg]Cl,bitter,chemtastes_db,[3-(carbamoylamino)-2-methoxypropyl]-chloromercury
O=C(O)c1cc(Cc2ccc(O)c(C(=O)O)c2)ccc1O,O=C(O)c1cc(Cc2ccc(O)c(C(=O)O)c2)ccc1O,bitter,chemtastes_db,5-[(3-carboxy-4-hydroxyphenyl)methyl]-2-hydroxybenzoic acid
Cc1nc(S)nc2c1nc(S)n2C,Cc1nc(S)nc2c1nc(S)n2C,sour,IUPAC Dissocation Constants,"6,9-dimethyl-1,7-dihydropurine-2,8-dithione"
COC1=CC(C)C2CC3OC(=O)CC4(O)C(C)C(O)C(O)C(C2(C)C1=O)C34C,COC1=CC(C)C2CC3OC(=O)CC4(O)C(C)C(O)C(O)C(C2(C)C1=O)C34C,bitter,phytocompounds_db,"13,15,16-trihydroxy-4-methoxy-2,6,14,17-tetramethyl-10-oxatetracyclo[7.7.1.02,7.013,17]heptadec-4-ene-3,11-dione"
CC1(C)OC2CC(=O)OC2(C)C1CC(=O)CC1=CCCC23CC12C(=O)OC3c1ccoc1,CC1(C)OC2CC(=O)OC2(C)C1CC(=O)CC1=CCCC23CC12C(=O)OC3c1ccoc1,bitter,phytocompounds_db,"5-[3-(5,5,6a-trimethyl-2-oxo-3a,6-dihydro-3H-furo[3,2-b]furan-6-yl)-2-oxopropyl]-9-(furan-3-yl)-8-oxatricyclo[4.3.1.01,6]dec-4-en-7-one"
CC1CC(O)C(=O)C2(C)C1CC1OC(=O)CC3C(C)C(O)C(=O)C2C13C,CC1CC(O)C(=O)C2(C)C1CC1OC(=O)CC3C(C)C(O)C(=O)C2C13C,bitter,phytocompounds_db,"4,15-dihydroxy-2,6,14,17-tetramethyl-10-oxatetracyclo[7.7.1.02,7.013,17]heptadecane-3,11,16-trione"
CC(C)CCCCCCCC=CC(=O)O,CC(C)CCCCCCCC=CC(=O)O,bitter,chemtastes_db,11-methyldodec-2-enoic acid
CC1=C(C2C(=O)C=C(O)C(=O)C2C)C(=O)C=C(O)C1=O,CC1=C(C2C(=O)C=C(O)C(=O)C2C)C(=O)C=C(O)C1=O,sour,IUPAC Dissocation Constants,"5-hydroxy-4-(4-hydroxy-6-methyl-2,5-dioxocyclohex-3-en-1-yl)-3-methylcyclohexa-3,5-diene-1,2-dione"
CC(O)C1OC(=O)C=C2C3(C)C4OC4C(O)C4(C)C(=O)OC(C43)C3OC213,CC(O)C1OC(=O)C=C2C3(C)C4OC4C(O)C4(C)C(=O)OC(C43)C3OC213,bitter,phytocompounds_db,"14-hydroxy-5-(1-hydroxyethyl)-10,15-dimethyl-3,6,12,17-tetraoxahexacyclo[8.7.1.02,4.04,9.011,13.015,18]octadec-8-ene-7,16-dione"
CCCC(C)(COC(N)=O)COC(N)=O,CCCC(C)(COC(N)=O)COC(N)=O,bitter,chemtastes_db,[2-(carbamoyloxymethyl)-2-methylpentyl] carbamate
COCC1CCC=C(C)C1,COCC1CCC=C(C)C1,bitter,chemtastes_db,5-(methoxymethyl)-1-methylcyclohexene
O=C(O)C1CC2C=CC1(C(=O)O)CC2,O=C(O)C1CC2C=CC1(C(=O)O)CC2,sour,IUPAC Dissocation Constants,"bicyclo[2.2.2]oct-5-ene-1,2-dicarboxylic acid"
CC(C)=CCC=C(C)C1CC=C(C)CC1,CC(C)=CCC=C(C)C1CC=C(C)CC1,bitter,phytocompounds_db,"1-methyl-4-(6-methylhepta-2,5-dien-2-yl)cyclohexene"
O=[N+]([O-])c1cc(Cl)cc([N+](=O)[O-])c1O,O=[N+]([O-])c1cc(Cl)cc([N+](=O)[O-])c1O,sour,IUPAC Dissocation Constants,"4-chloro-2,6-dinitrophenol"
COC(=O)C(CCCCN)NC(=O)C(N)CC(=O)O,COC(=O)C(CCCCN)NC(=O)C(N)CC(=O)O,bitter,chemtastes_db,3-amino-4-[(6-amino-1-methoxy-1-oxohexan-2-yl)amino]-4-oxobutanoic acid
CC(C)C1(C2CC(C3C(O)CC4C5=CCC6CC(OC7OC(CO)C(O)C(O)C7O)CCC6(C)C5=CCC43C)C(=O)O2)OC1C,CC(C)C1(C2CC(C3C(O)CC4C5=CCC6CC(OC7OC(CO)C(O)C(O)C7O)CCC6(C)C5=CCC43C)C(=O)O2)OC1C,bitter,phytocompounds_db,"3-[16-hydroxy-10,13-dimethyl-3-[3,4,5-trihydroxy-6-(hydroxymethyl)oxan-2-yl]oxy-2,3,4,5,6,12,14,15,16,17-decahydro-1H-cyclopenta[a]phenanthren-17-yl]-5-(3-methyl-2-propan-2-yloxiran-2-yl)oxolan-2-one"
O=C1c2ccc(O)cc2C(=O)c2ccc(O)cc21,O=C1c2ccc(O)cc2C(=O)c2ccc(O)cc21,sour,IUPAC Dissocation Constants,"2,6-dihydroxyanthracene-9,10-dione"
CC(C)=CC(O)CC(C)C1CCC2(C)C3C(O)C=C4C(CCC(O)C4(C)C)C3(C=O)CCC12C,CC(C)=CC(O)CC(C)C1CCC2(C)C3C(O)C=C4C(CCC(O)C4(C)C)C3(C=O)CCC12C,bitter,chemtastes_db,"3,7-dihydroxy-17-(4-hydroxy-6-methylhept-5-en-2-yl)-4,4,13,14-tetramethyl-2,3,7,8,10,11,12,15,16,17-decahydro-1H-cyclopenta[a]phenanthrene-9-carbaldehyde"
CCSc1nc(=O)c(C(=O)O)c[nH]1,CCSc1nc(=O)c(C(=O)O)c[nH]1,sour,IUPAC Dissocation Constants,2-ethylsulfanyl-6-oxo-1H-pyrimidine-5-carboxylic acid
O=C(O)CN(CC(=O)O)c1ccccc1O,O=C(O)CN(CC(=O)O)c1ccccc1O,sour,IUPAC Dissocation Constants,2-[N-(carboxymethyl)-2-hydroxyanilino]acetic acid
O=C(O)C(O)c1ccccc1F,O=C(O)C(O)c1ccccc1F,sour,IUPAC Dissocation Constants,2-(2-fluorophenyl)-2-hydroxyacetic acid
CC(C)C(C(=O)O)S(=O)(=O)c1ccc(Cl)cc1Cl,CC(C)C(C(=O)O)S(=O)(=O)c1ccc(Cl)cc1Cl,bitter,chemtastes_db,"2-(2,4-dichlorophenyl)sulfonyl-3-methylbutanoic acid"
CC1CC(C)C(=O)C(C(O)CC2CC(=O)NC(=O)C2)C1,CC1CC(C)C(=O)C(C(O)CC2CC(=O)NC(=O)C2)C1,bitter,chemtastes_db,"4-[2-(3,5-dimethyl-2-oxocyclohexyl)-2-hydroxyethyl]piperidine-2,6-dione"
COC(=O)C=Cc1ccc(O)cc1,COC(=O)C=Cc1ccc(O)cc1,bitter,chemtastes_db,methyl 3-(4-hydroxyphenyl)prop-2-enoate
S=c1[nH]nc(-c2ccccc2)o1,S=c1[nH]nc(-c2ccccc2)o1,sour,IUPAC Dissocation Constants,"5-phenyl-3H-1,3,4-oxadiazole-2-thione"
O=c1c(O)c(-c2ccccc2)oc2ccccc12,O=c1c(O)c(-c2ccccc2)oc2ccccc12,bitter,tas2r_agonists,3-hydroxy-2-phenylchromen-4-one
O=C(O)C=Cc1ccc(O)c(O)c1,O=C(O)C=Cc1ccc(O)c(O)c1,bitter,chemtastes_db,"3-(3,4-dihydroxyphenyl)prop-2-enoic acid"
COc1cc(C2CC(=O)c3c(O)cc(O)cc3O2)ccc1O,COc1cc(C2CC(=O)c3c(O)cc(O)cc3O2)ccc1O,bitter,chemtastes_db,"5,7-dihydroxy-2-(4-hydroxy-3-methoxyphenyl)-2,3-dihydrochromen-4-one"
O=Cc1ccccc1,O=Cc1ccccc1,bitter,chemtastes_db,benzaldehyde
CCCC(=O)NC1CCOC1=O,CCCC(=O)NC1CCOC1=O,bitter,chemtastes_db,N-(2-oxooxolan-3-yl)butanamide
COc1cc(C2Oc3cc(C4Oc5cc(O)cc(O)c5C(=O)C4O)ccc3OC2CO)ccc1O,COc1cc(C2Oc3cc(C4Oc5cc(O)cc(O)c5C(=O)C4O)ccc3OC2CO)ccc1O,bitter,chemtastes_db,"3,5,7-trihydroxy-2-[3-(4-hydroxy-3-methoxyphenyl)-2-(hydroxymethyl)-2,3-dihydro-1,4-benzodioxin-6-yl]-2,3-dihydrochromen-4-one"
CCC(Br)(CC)C(=O)NC(=O)NC(C)=O,CCC(Br)(CC)C(=O)NC(=O)NC(C)=O,bitter,chemtastes_db,N-(acetylcarbamoyl)-2-bromo-2-ethylbutanamide
CN(C)CCOC(c1ccccc1)c1ccccc1,CN(C)CCOC(c1ccccc1)c1ccccc1,bitter,chemtastes_db,"2-benzhydryloxy-N,N-dimethylethanamine"
CC(=CC(=O)O)c1cc(C)cc(C)c1O,CC(=CC(=O)O)c1cc(C)cc(C)c1O,sour,IUPAC Dissocation Constants,"3-(2-hydroxy-3,5-dimethylphenyl)but-2-enoic acid"
Nc1ncncc1NCC(=O)O,Nc1ncncc1NCC(=O)O,sour,IUPAC Dissocation Constants,2-[(4-aminopyrimidin-5-yl)amino]acetic acid
CC1(C)S[C@@H]2[C@H](N)C(=O)N2[C@H]1C(=O)O,CC1(C)S[C@@H]2[C@H](N)C(=O)N2[C@H]1C(=O)O,sour,IUPAC Dissocation Constants,"(2S,5R,6R)-6-amino-3,3-dimethyl-7-oxo-4-thia-1-azabicyclo[3.2.0]heptane-2-carboxylic acid"
O=C(O)c1ccc(I)cc1,O=C(O)c1ccc(I)cc1,sour,IUPAC Dissocation Constants,4-iodobenzoic acid
CC(C)(C)c1cc([N+](=O)[O-])cc(C(C)(C)C)c1O,CC(C)(C)c1cc([N+](=O)[O-])cc(C(C)(C)C)c1O,sour,IUPAC Dissocation Constants,"2,6-ditert-butyl-4-nitrophenol"
O=C(O)CS(=O)c1ccc(Cl)cc1,O=C(O)C[S+]([O-])c1ccc(Cl)cc1,sour,IUPAC Dissocation Constants,2-(4-chlorophenyl)sulfinylacetic acid
C=C1C(=O)OC2C1CCC(C)C1C=CC(=O)C12C,C=C1C(=O)OC2C1CCC(C)C1C=CC(=O)C12C,bitter,phytocompounds_db,"6,9a-dimethyl-3-methylidene-3a,4,5,6,6a,9b-hexahydroazuleno[8,7-b]furan-2,9-dione"
S=c1nc[nH]c2nccnc12,S=c1nc[nH]c2nccnc12,sour,IUPAC Dissocation Constants,1H-pteridine-4-thione
O=[N+]([O-])c1cc(Cl)c(O)c(Cl)c1,O=[N+]([O-])c1cc(Cl)c(O)c(Cl)c1,sour,IUPAC Dissocation Constants,"2,6-dichloro-4-nitrophenol"
O=C(O)C1CCCN1,O=C(O)C1CCCN1,sour,phytocompounds_db,pyrrolidine-2-carboxylic acid
O=C(c1ccc(C(=O)O)c(C(=O)O)c1)c1ccc(C(=O)O)c(C(=O)O)c1,O=C(c1ccc(C(=O)O)c(C(=O)O)c1)c1ccc(C(=O)O)c(C(=O)O)c1,sour,IUPAC Dissocation Constants,"4-(3,4-dicarboxybenzoyl)phthalic acid"
O=[N+]([O-])c1cccc(S(=O)O)c1,O=[N+]([O-])c1cccc(S(=O)O)c1,sour,IUPAC Dissocation Constants,3-nitrobenzenesulfinic acid
CC(=CCO)COC1OC(CO)C(O)C(O)C1OC(=O)Cc1ccc(O)c(O)c1,CC(=CCO)COC1OC(CO)C(O)C(O)C1OC(=O)Cc1ccc(O)c(O)c1,bitter,phytocompounds_db,"[4,5-dihydroxy-6-(hydroxymethyl)-2-(4-hydroxy-2-methylbut-2-enoxy)oxan-3-yl] 2-(3,4-dihydroxyphenyl)acetate"
CN(C)c1cccc(C(=O)O)c1,CN(C)c1cccc(C(=O)O)c1,sour,IUPAC Dissocation Constants,3-(dimethylamino)benzoic acid
CN(C)C(=S)NCC(=O)O,CN(C)C(=S)NCC(=O)O,sour,IUPAC Dissocation Constants,2-(dimethylcarbamothioylamino)acetic acid
N[C@@H](Cc1cc(Br)c(O)c(Br)c1)C(=O)O,N[C@@H](Cc1cc(Br)c(O)c(Br)c1)C(=O)O,sour,IUPAC Dissocation Constants,"(2S)-2-amino-3-(3,5-dibromo-4-hydroxyphenyl)propanoic acid"
O=C(O)c1cc(=O)cc(-c2ccccc2)s1,O=C(O)c1cc(=O)cc(-c2ccccc2)s1,sour,IUPAC Dissocation Constants,4-oxo-6-phenylthiopyran-2-carboxylic acid
CC(CO)NC(=O)C1C=C2c3cccc4[nH]cc(c34)CC2N(C)C1,CC(CO)NC(=O)C1C=C2c3cccc4[nH]cc(c34)CC2N(C)C1,bitter,phytocompounds_db,"N-(1-hydroxypropan-2-yl)-7-methyl-6,6a,8,9-tetrahydro-4H-indolo[4,3-fg]quinoline-9-carboxamide"
CCC(CC(=O)OC)(C(=O)O)c1ccccc1,CCC(CC(=O)OC)(C(=O)O)c1ccccc1,sour,IUPAC Dissocation Constants,2-ethyl-4-methoxy-4-oxo-2-phenylbutanoic acid
Nc1cc([N+](=O)[O-])ccc1C(=O)O,Nc1cc([N+](=O)[O-])ccc1C(=O)O,sour,IUPAC Dissocation Constants,2-amino-4-nitrobenzoic acid
NNC(=O)c1ccccc1[N+](=O)[O-],NNC(=O)c1ccccc1[N+](=O)[O-],sour,IUPAC Dissocation Constants,2-nitrobenzohydrazide
O=c1cc(O)[nH]c(=O)[nH]1,O=c1cc(O)[nH]c(=O)[nH]1,sour,IUPAC Dissocation Constants,"6-hydroxy-1H-pyrimidine-2,4-dione"
CC12CC(c3ccoc3)OC(=O)C1CC(OC1OC(CO)C(O)C(O)C1O)=C1C3CC(CC12)OC3=O,CC12CC(c3ccoc3)OC(=O)C1CC(OC1OC(CO)C(O)C(O)C1O)=C1C3CC(CC12)OC3=O,bitter,phytocompounds_db,"8-(furan-3-yl)-10-methyl-3-[3,4,5-trihydroxy-6-(hydroxymethyl)oxan-2-yl]oxy-7,14-dioxatetracyclo[11.2.1.02,11.05,10]hexadec-2-ene-6,15-dione"
CC(=O)C1CCC2C3CCC4=CC(=O)CCC4(C)C3CCC12C,CC(=O)C1CCC2C3CCC4=CC(=O)CCC4(C)C3CCC12C,bitter,chemtastes_db,"17-acetyl-10,13-dimethyl-1,2,6,7,8,9,11,12,14,15,16,17-dodecahydrocyclopenta[a]phenanthren-3-one"
CC(S)C(=O)O,CC(S)C(=O)O,sour,IUPAC Dissocation Constants,2-sulfanylpropanoic acid
O=C(C=Cc1ccc(O)c(O)c1)NCCc1ccc(O)cc1,O=C(C=Cc1ccc(O)c(O)c1)NCCc1ccc(O)cc1,bitter,phytocompounds_db,"3-(3,4-dihydroxyphenyl)-N-[2-(4-hydroxyphenyl)ethyl]prop-2-enamide"
Oc1ccccc1O,Oc1ccccc1O,bitter,chemtastes_db,"benzene-1,2-diol"
COc1cc2c3cc1Oc1c(OC)c(OC)cc4c1C(Cc1ccc(cc1)Oc1cc(ccc1O)CC3N(C)CC2)N(C)CC4,COc1cc2c3cc1Oc1c(OC)c(OC)cc4c1C(Cc1ccc(cc1)Oc1cc(ccc1O)CC3N(C)CC2)N(C)CC4,bitter,chemtastes_db,"20,21,25-trimethoxy-15,30-dimethyl-8,23-dioxa-15,30-diazaheptacyclo[22.6.2.29,12.13,7.114,18.027,31.022,33]hexatriaconta-3(36),4,6,9(35),10,12(34),18,20,22(33),24,26,31-dodecaen-6-ol"
O=C(O)C1CCCCO1,O=C(O)C1CCCCO1,sour,IUPAC Dissocation Constants,oxane-2-carboxylic acid
C=C1C(=O)OC2CC(C)=CCCC(COC(C)=O)=CC(OC(=O)C(C)(O)CO)C12,C=C1C(=O)OC2CC(C)=CCCC(COC(C)=O)=CC(OC(=O)C(C)(O)CO)C12,bitter,phytocompounds_db,"[6-(acetyloxymethyl)-10-methyl-3-methylidene-2-oxo-3a,4,7,8,11,11a-hexahydrocyclodeca[b]furan-4-yl] 2,3-dihydroxy-2-methylpropanoate"
COc1cc(O)c2c(=O)c(-c3ccc(OC)c(O)c3)coc2c1,COc1cc(O)c2c(=O)c(-c3ccc(OC)c(O)c3)coc2c1,bitter,tas2r_agonists,5-hydroxy-3-(3-hydroxy-4-methoxyphenyl)-7-methoxychromen-4-one
NC(CCC(=O)O)C(=O)NC(Cc1ccc(O)cc1)C(=O)O,NC(CCC(=O)O)C(=O)NC(Cc1ccc(O)cc1)C(=O)O,bitter,chemtastes_db,4-amino-5-[[1-carboxy-2-(4-hydroxyphenyl)ethyl]amino]-5-oxopentanoic acid
CC(C)(C)C(=O)O,CC(C)(C)C(=O)O,sour,IUPAC Dissocation Constants,"2,2-dimethylpropanoic acid"
CCCCc1nc(O)cc(S)n1,CCCCc1nc(O)cc(S)n1,sour,IUPAC Dissocation Constants,2-butyl-4-sulfanyl-1H-pyrimidin-6-one
C=CCCCCCCCCCCCC(O)CC(O)CO,C=CCCCCCCCCCCCC(O)CC(O)CO,bitter,chemtastes_db,"heptadec-16-ene-1,2,4-triol"
O=C1CCCC2C3CC(CN12)C1CCCCN1C3,O=C1CCCC2C3CC(CN12)C1CCCCN1C3,bitter,phytocompounds_db,"7,15-diazatetracyclo[7.7.1.02,7.010,15]heptadecan-6-one"
C=CC1CN2CCC1CC2c1[nH]c2ccccc2c1CCO,C=CC1CN2CCC1CC2c1[nH]c2ccccc2c1CCO,bitter,phytocompounds_db,2-[2-(5-ethenyl-1-azabicyclo[2.2.2]octan-2-yl)-1H-indol-3-yl]ethanol
O=c1ccccc(Br)c1O,O=c1ccccc(Br)c1O,sour,IUPAC Dissocation Constants,"3-bromo-2-hydroxycyclohepta-2,4,6-trien-1-one"
CCC(C)C(=O)OC1CC(C)CCC1C(C)C,CCC(C)C(=O)OC1CC(C)CCC1C(C)C,bitter,flavor_db,(5-methyl-2-propan-2-ylcyclohexyl) 2-methylbutanoate
Cn1c(Br)nc2c(=O)[nH]c(=O)[nH]c21,Cn1c(Br)nc2c(=O)[nH]c(=O)[nH]c21,sour,IUPAC Dissocation Constants,"8-bromo-9-methyl-3H-purine-2,6-dione"
O=[N+]([O-])c1cccnc1S,O=[N+]([O-])c1cccnc1S,sour,IUPAC Dissocation Constants,3-nitro-1H-pyridine-2-thione
C=C1C(=O)OC2C3C(COC(=O)C(=O)O)=CC(=O)C3=C(C)CC(O)C12,C=C1C(=O)OC2C3C(COC(=O)C(=O)O)=CC(=O)C3=C(C)CC(O)C12,bitter,chemtastes_db,"2-[(4-hydroxy-6-methyl-3-methylidene-2,7-dioxo-4,5,9a,9b-tetrahydro-3aH-azuleno[8,7-b]furan-9-yl)methoxy]-2-oxoacetic acid"
CCCCCCCCCCCC=O,CCCCCCCCCCCC=O,bitter,phytocompounds_db,dodecanal
CC(CCCC(=O)O)c1ccccc1,CC(CCCC(=O)O)c1ccccc1,sour,IUPAC Dissocation Constants,5-phenylhexanoic acid
CC12CCC(CC1=O)C2(C)C,CC12CCC(CC1=O)C2(C)C,bitter,chemtastes_db,"1,7,7-trimethylbicyclo[2.2.1]heptan-2-one"
COc1cc(C2c3c(cc(OC)c(O)c3OC)CC(CO)C2CO)cc(OC)c1O,COc1cc(C2c3c(cc(OC)c(O)c3OC)CC(CO)C2CO)cc(OC)c1O,bitter,phytocompounds_db,"8-(4-hydroxy-3,5-dimethoxyphenyl)-6,7-bis(hydroxymethyl)-1,3-dimethoxy-5,6,7,8-tetrahydronaphthalen-2-ol"
CC(=O)C(O)CC([N+](=O)[O-])[N+](=O)[O-],CC(=O)C(O)CC([N+](=O)[O-])[N+](=O)[O-],sour,IUPAC Dissocation Constants,"3-hydroxy-5,5-dinitropentan-2-one"
CC(=O)C=CC(=O)C=O,CC(=O)C=CC(=O)C=O,bitter,phytocompounds_db,"2,5-dioxohex-3-enal"
Cc1c(O)c(OC2OC(CO)C(O)C(O)C2O)cc2c1C=CC1C2(C)C(=O)CC2(C)C(C(C)(O)C(=O)CCC(C)(C)O)C(O)CC12C,Cc1c(O)c(OC2OC(CO)C(O)C(O)C2O)cc2c1C=CC1C2(C)C(=O)CC2(C)C(C(C)(O)C(=O)CCC(C)(C)O)C(O)CC12C,bitter,phytocompounds_db,"17-(2,6-dihydroxy-6-methyl-3-oxoheptan-2-yl)-3,16-dihydroxy-4,9,13,14-tetramethyl-2-[3,4,5-trihydroxy-6-(hydroxymethyl)oxan-2-yl]oxy-12,15,16,17-tetrahydro-8H-cyclopenta[a]phenanthren-11-one"
CCC(C)C(=O)OC1CCC2(C)C3CC(O)C4C5(O)C(O)C(O)C6C(CN7CC(C)CCC7C6(C)O)C5CC42OC13O,CCC(C)C(=O)OC1CCC2(C)C3CC(O)C4C5(O)C(O)C(O)C6C(CN7CC(C)CCC7C6(C)O)C5CC42OC13O,bitter,phytocompounds_db,"(10,12,13,14,16,23-hexahydroxy-6,10,19-trimethyl-24-oxa-4-azaheptacyclo[12.12.0.02,11.04,9.015,25.018,23.019,25]hexacosan-22-yl) 2-methylbutanoate"
O=c1cnn([C@@H]2O[C@H](CO)[C@@H](O)[C@H]2O)c(=O)[nH]1,O=c1cnn([C@@H]2O[C@H](CO)[C@@H](O)[C@H]2O)c(=O)[nH]1,sour,IUPAC Dissocation Constants,"2-[(2R,3R,4S,5R)-3,4-dihydroxy-5-(hydroxymethyl)oxolan-2-yl]-1,2,4-triazine-3,5-dione"
O=C(O)c1cncc(C(=O)O)c1C(=O)O,O=C(O)c1cncc(C(=O)O)c1C(=O)O,sour,IUPAC Dissocation Constants,"pyridine-3,4,5-tricarboxylic acid"
O=C(O)[C@H](O)[C@@H](O)[C@H](O)[C@H](O)CO,O=C(O)[C@H](O)[C@@H](O)[C@H](O)[C@H](O)CO,sour,IUPAC Dissocation Constants,"(2R,3S,4R,5R)-2,3,4,5,6-pentahydroxyhexanoic acid"
Oc1c(Cl)cccc1Cl,Oc1c(Cl)cccc1Cl,sour,IUPAC Dissocation Constants,"2,6-dichlorophenol"
O=[N+]([O-])c1cc(O)cc(O)c1,O=[N+]([O-])c1cc(O)cc(O)c1,sour,IUPAC Dissocation Constants,"5-nitrobenzene-1,3-diol"
O=[N+]([O-])c1ccc(NS(=O)(=O)c2ccccc2)cc1,O=[N+]([O-])c1ccc(NS(=O)(=O)c2ccccc2)cc1,sour,IUPAC Dissocation Constants,N-(4-nitrophenyl)benzenesulfonamide
CC1CCC2(C(=O)O)CCC3(C(=O)O)C(=CCC4C5(C)CCC(OC6OC(C)C(O)C(O)C6O)C(C)(C)C5CCC43C)C2C1C,CC1CCC2(C(=O)O)CCC3(C(=O)O)C(=CCC4C5(C)CCC(OC6OC(C)C(O)C(O)C6O)C(C)(C)C5CCC43C)C2C1C,bitter,phytocompounds_db,"1,2,6b,9,9,12a-hexamethyl-10-(3,4,5-trihydroxy-6-methyloxan-2-yl)oxy-2,3,4,5,6,6a,7,8,8a,10,11,12,13,14b-tetradecahydro-1H-picene-4a,6a-dicarboxylic acid"
CCCCCCCCCCCCCCCCCC(=O)O,CCCCCCCCCCCCCCCCCC(=O)O,bitter,phytocompounds_db,octadecanoic acid
CCOP(=O)(CC(=O)O)OCC,CCOP(=O)(CC(=O)O)OCC,sour,IUPAC Dissocation Constants,2-diethoxyphosphorylacetic acid
CCC(CC(=O)O)(C(=O)OC)c1ccccc1,CCC(CC(=O)O)(C(=O)OC)c1ccccc1,sour,IUPAC Dissocation Constants,3-methoxycarbonyl-3-phenylpentanoic acid
O=C(O)c1ccccc1C(=O)c1ccccc1,O=C(O)c1ccccc1C(=O)c1ccccc1,sour,IUPAC Dissocation Constants,2-benzoylbenzoic acid
O=C(CCc1ccc(O)c(O)c1)NCCCCN(CCCNC(=O)CCc1ccc(O)c(O)c1)C(=O)CCc1ccc(O)c(O)c1,O=C(CCc1ccc(O)c(O)c1)NCCCCN(CCCNC(=O)CCc1ccc(O)c(O)c1)C(=O)CCc1ccc(O)c(O)c1,bitter,chemtastes_db,"3-(3,4-dihydroxyphenyl)-N-[4-[3-(3,4-dihydroxyphenyl)propanoyl-[3-[3-(3,4-dihydroxyphenyl)propanoylamino]propyl]amino]butyl]propanamide"
CCOC(=O)CSCC(=O)O,CCOC(=O)CSCC(=O)O,sour,IUPAC Dissocation Constants,2-(2-ethoxy-2-oxoethyl)sulfanylacetic acid
O=c1c([N+](=O)[O-])c[nH]cc1[N+](=O)[O-],O=c1c([N+](=O)[O-])c[nH]cc1[N+](=O)[O-],sour,IUPAC Dissocation Constants,"3,5-dinitro-1H-pyridin-4-one"
CC(=O)N(c1c(C)cccc1C)N1CCN(C(=O)OCc2ccccc2)CC1,CC(=O)N(c1c(C)cccc1C)N1CCN(C(=O)OCc2ccccc2)CC1,sour,IUPAC Dissocation Constants,"benzyl 4-(N-acetyl-2,6-dimethylanilino)piperazine-1-carboxylate"
CNc1nc(=O)c(C)n[nH]1,CNc1nc(=O)c(C)n[nH]1,sour,IUPAC Dissocation Constants,"6-methyl-3-(methylamino)-4H-1,2,4-triazin-5-one"
C=CC1C(OC2OC(CO)C(O)C(O)C2O)OC=C2C(=O)OC(OC(=O)C(C)=CCCC(C)(O)C=C)CC21,C=CC1C(OC2OC(CO)C(O)C(O)C2O)OC=C2C(=O)OC(OC(=O)C(C)=CCCC(C)(O)C=C)CC21,bitter,phytocompounds_db,"[5-ethenyl-1-oxo-6-[3,4,5-trihydroxy-6-(hydroxymethyl)oxan-2-yl]oxy-4,4a,5,6-tetrahydro-3H-pyrano[3,4-c]pyran-3-yl] 6-hydroxy-2,6-dimethylocta-2,7-dienoate"
CC12CC(c3ccoc3)OC(=O)C1CC(=O)C1C3CC(CC12)OC3=O,CC12CC(c3ccoc3)OC(=O)C1CC(=O)C1C3CC(CC12)OC3=O,bitter,chemtastes_db,"8-(furan-3-yl)-10-methyl-7,14-dioxatetracyclo[11.2.1.02,11.05,10]hexadecane-3,6,15-trione"
CC(C)CC(=O)c1c(O)c(C2OC(CO)C(O)C(O)C2O)c(O)c(C2OC(CO)C(O)C(O)C2O)c1O,CC(C)CC(=O)c1c(O)c(C2OC(CO)C(O)C(O)C2O)c(O)c(C2OC(CO)C(O)C(O)C2O)c1O,bitter,chemtastes_db,"3-methyl-1-[2,4,6-trihydroxy-3,5-bis[3,4,5-trihydroxy-6-(hydroxymethyl)oxan-2-yl]phenyl]butan-1-one"
CC(CC(=O)CC(C)C1CC(O)C2(C)C3=C(C(=O)CC12C)C1(C)CCC(=O)C(C)(C)C1CC3O)C(=O)O,CC(CC(=O)CC(C)C1CC(O)C2(C)C3=C(C(=O)CC12C)C1(C)CCC(=O)C(C)(C)C1CC3O)C(=O)O,bitter,chemtastes_db,"6-(7,15-dihydroxy-4,4,10,13,14-pentamethyl-3,11-dioxo-2,5,6,7,12,15,16,17-octahydro-1H-cyclopenta[a]phenanthren-17-yl)-2-methyl-4-oxoheptanoic acid"
CC(C)c1cc2c(c(O)c1O)C13CCCC(C)(C)C1CC2OC3=O,CC(C)c1cc2c(c(O)c1O)C13CCCC(C)(C)C1CC2OC3=O,bitter,chemtastes_db,"3,4-dihydroxy-11,11-dimethyl-5-propan-2-yl-16-oxatetracyclo[6.6.2.01,10.02,7]hexadeca-2,4,6-trien-15-one"
O=C(O)COc1ccccc1C(=O)O,O=C(O)COc1ccccc1C(=O)O,sour,IUPAC Dissocation Constants,2-(carboxymethoxy)benzoic acid
O=C(O)CN(CC(=O)O)CP(=O)(O)O,O=C(O)CN(CC(=O)O)CP(=O)(O)O,sour,IUPAC Dissocation Constants,2-[carboxymethyl(phosphonomethyl)amino]acetic acid
CC(=O)Oc1ccc(C(=O)O)cc1,CC(=O)Oc1ccc(C(=O)O)cc1,sour,IUPAC Dissocation Constants,4-acetyloxybenzoic acid
CC1(C)C(=O)C(O)CC2C1=CCC1C2(C)C(=O)CC2(C)C(C(C)(O)C(=O)CC(O)C(C)(C)O)C(O)CC12C,CC1(C)C(=O)C(O)CC2C1=CCC1C2(C)C(=O)CC2(C)C(C(C)(O)C(=O)CC(O)C(C)(C)O)C(O)CC12C,bitter,phytocompounds_db,"2,16-dihydroxy-4,4,9,13,14-pentamethyl-17-(2,5,6-trihydroxy-6-methyl-3-oxoheptan-2-yl)-2,7,8,10,12,15,16,17-octahydro-1H-cyclopenta[a]phenanthrene-3,11-dione"
COc1ccc(C(=O)NN)cc1,COc1ccc(C(=O)NN)cc1,sour,IUPAC Dissocation Constants,4-methoxybenzohydrazide
O=C1CC(c2ccc(O)c(O)c2)Oc2cc(O)cc(O)c21,O=C1CC(c2ccc(O)c(O)c2)Oc2cc(O)cc(O)c21,bitter,chemtastes_db,"2-(3,4-dihydroxyphenyl)-5,7-dihydroxy-2,3-dihydrochromen-4-one"
O=C(O)[C@@H]1CCC[C@H]1C(=O)O,O=C(O)[C@@H]1CCC[C@H]1C(=O)O,sour,IUPAC Dissocation Constants,"(1R,2R)-cyclopentane-1,2-dicarboxylic acid"
COc1cc(C=CC(=O)Nc2ccccc2C(=O)O)cc(OC)c1O,COc1cc(C=CC(=O)Nc2ccccc2C(=O)O)cc(OC)c1O,bitter,chemtastes_db,"2-[3-(4-hydroxy-3,5-dimethoxyphenyl)prop-2-enoylamino]benzoic acid"
C=CCC1(C(C)C)C(=O)NC(=O)NC1=O,C=CCC1(C(C)C)C(=O)NC(=O)NC1=O,bitter,chemtastes_db,"5-propan-2-yl-5-prop-2-enyl-1,3-diazinane-2,4,6-trione"
CCC(C)N=C=S,CCC(C)N=C=S,bitter,phytocompounds_db,2-isothiocyanatobutane
O=C(O)c1ccn(-c2ccccc2)n1,O=C(O)c1ccn(-c2ccccc2)n1,sour,IUPAC Dissocation Constants,1-phenylpyrazole-3-carboxylic acid
Cc1cc(=O)[nH]c(=S)[nH]1,Cc1cc(=O)[nH]c(=S)[nH]1,bitter,chemtastes_db,6-methyl-2-sulfanylidene-1H-pyrimidin-4-one
O=C(C=Cc1ccc(O)cc1)Nc1ccc(O)cc1C(=O)O,O=C(C=Cc1ccc(O)cc1)Nc1ccc(O)cc1C(=O)O,bitter,chemtastes_db,5-hydroxy-2-[3-(4-hydroxyphenyl)prop-2-enoylamino]benzoic acid
CC1(C)[C@H](C(=O)O)CC[C@]1(C)C(=O)O,CC1(C)[C@H](C(=O)O)CC[C@]1(C)C(=O)O,sour,IUPAC Dissocation Constants,"(1S,3R)-1,2,2-trimethylcyclopentane-1,3-dicarboxylic acid"
O=C(O)COc1cc(Cl)ccc1Cl,O=C(O)COc1cc(Cl)ccc1Cl,sour,IUPAC Dissocation Constants,"2-(2,5-dichlorophenoxy)acetic acid"
CC(=O)C1CC(C(=O)O)C1(C)C,CC(=O)C1CC(C(=O)O)C1(C)C,sour,IUPAC Dissocation Constants,"3-acetyl-2,2-dimethylcyclobutane-1-carboxylic acid"
O=C1CCCCCCC1,O=C1CCCCCCC1,bitter,chemtastes_db,cyclooctanone
CCC(C)C(N)C(=O)NC(CCC(N)=O)C(=O)NC(Cc1c[nH]c2ccccc12)C(=O)O,CCC(C)C(N)C(=O)NC(CCC(N)=O)C(=O)NC(Cc1c[nH]c2ccccc12)C(=O)O,bitter,tas2r_agonists,2-[[5-amino-2-[(2-amino-3-methylpentanoyl)amino]-5-oxopentanoyl]amino]-3-(1H-indol-3-yl)propanoic acid
Cc1ccccc1[Se]CC(=O)O,Cc1ccccc1[Se]CC(=O)O,sour,IUPAC Dissocation Constants,2-(2-methylphenyl)selanylacetic acid
CC1CCC2(NC1)OC1CC3C4CC=C5CC(O)CCC5(C)C4CCC3(C)C1C2C,CC1CCC2(NC1)OC1CC3C4CC=C5CC(O)CCC5(C)C4CCC3(C)C1C2C,bitter,phytocompounds_db,"5',7,9,13-tetramethylspiro[5-oxapentacyclo[10.8.0.02,9.04,8.013,18]icos-18-ene-6,2'-piperidine]-16-ol"
O=Cc1ccc(CO)n1Cc1ccc(CO)o1,O=Cc1ccc(CO)n1Cc1ccc(CO)o1,bitter,chemtastes_db,5-(hydroxymethyl)-1-[[5-(hydroxymethyl)furan-2-yl]methyl]pyrrole-2-carbaldehyde
CCCCCC(O)C=CC(O)C(O)CCCCCCCC(=O)O,CCCCCC(O)C=CC(O)C(O)CCCCCCCC(=O)O,bitter,chemtastes_db,"9,10,13-trihydroxyoctadec-11-enoic acid"
O=S(O)CCCCc1ccccc1,O=S(O)CCCCc1ccccc1,sour,IUPAC Dissocation Constants,4-phenylbutane-1-sulfinic acid
CC(=O)CC(=O)O,CC(=O)CC(=O)O,sour,IUPAC Dissocation Constants,3-oxobutanoic acid
CC(CCC(=O)O)C1CCC2C3C(O)CC4CC(O)CCC4(C)C3CC(O)C12C,CC(CCC(=O)O)C1CCC2C3C(O)CC4CC(O)CCC4(C)C3CC(O)C12C,bitter,flavor_db,"4-(3,7,12-trihydroxy-10,13-dimethyl-2,3,4,5,6,7,8,9,11,12,14,15,16,17-tetradecahydro-1H-cyclopenta[a]phenanthren-17-yl)pentanoic acid"
CC=Cc1ccc(OC)c(OC)c1,CC=Cc1ccc(OC)c(OC)c1,bitter,chemtastes_db,"1,2-dimethoxy-4-prop-1-enylbenzene"
Oc1c(Cl)cc(Cl)cc1Cl,Oc1c(Cl)cc(Cl)cc1Cl,sour,IUPAC Dissocation Constants,"2,4,6-trichlorophenol"
COc1ccc(CC(=O)O)cc1,COc1ccc(CC(=O)O)cc1,sour,IUPAC Dissocation Constants,2-(4-methoxyphenyl)acetic acid
O=C(O)COc1ccc(Cl)cc1Cl,O=C(O)COc1ccc(Cl)cc1Cl,sour,IUPAC Dissocation Constants,"2-(2,4-dichlorophenoxy)acetic acid"
O=P(O)(O)OCCCc1ccccn1,O=P(O)(O)OCCCc1ccccn1,sour,IUPAC Dissocation Constants,3-pyridin-2-ylpropyl dihydrogen phosphate
Cc1cc(O)[nH]c(=O)c1CCO,Cc1cc(O)[nH]c(=O)c1CCO,sour,IUPAC Dissocation Constants,6-hydroxy-5-(2-hydroxyethyl)-4-methyl-1H-pyridin-2-one
COc1ccc(C2Cc3cccc(O)c3C(=O)O2)cc1OC,COc1ccc(C2Cc3cccc(O)c3C(=O)O2)cc1OC,bitter,chemtastes_db,"3-(3,4-dimethoxyphenyl)-8-hydroxy-3,4-dihydroisochromen-1-one"
CCOC(=O)CC(=O)c1ccccc1,CCOC(=O)CC(=O)c1ccccc1,bitter,chemtastes_db,ethyl 3-oxo-3-phenylpropanoate
Cc1nc2c(=O)[nH]c(=O)[nH]c2n(C)c1=O,Cc1nc2c(=O)[nH]c(=O)[nH]c2n(C)c1=O,sour,IUPAC Dissocation Constants,"6,8-dimethyl-1H-pteridine-2,4,7-trione"
O=[N+]([O-])c1ccc(S(=O)O)cc1,O=[N+]([O-])c1ccc(S(=O)O)cc1,sour,IUPAC Dissocation Constants,4-nitrobenzenesulfinic acid
O=[As](O)(O)c1ccccc1,O=[As](O)(O)c1ccccc1,sour,IUPAC Dissocation Constants,phenylarsonic acid
C[C@@]1(C(=O)O)C[C@H]1C(=O)O,C[C@@]1(C(=O)O)C[C@H]1C(=O)O,sour,IUPAC Dissocation Constants,"(1R,2R)-1-methylcyclopropane-1,2-dicarboxylic acid"
[O-][N+]12CCCCC1CCCC2CO,[O-][N+]12CCCCC1CCCC2CO,bitter,chemtastes_db,"(5-oxido-2,3,4,6,7,8,9,9a-octahydro-1H-quinolizin-5-ium-4-yl)methanol"
O=C(O)c1ccccc1C(=O)c1ccc([N+](=O)[O-])cc1,O=C(O)c1ccccc1C(=O)c1ccc([N+](=O)[O-])cc1,bitter,chemtastes_db,2-(4-nitrobenzoyl)benzoic acid
NC(C(=O)O)C(CC(=O)O)C(=O)O,NC(C(=O)O)C(CC(=O)O)C(=O)O,sour,IUPAC Dissocation Constants,"1-aminopropane-1,2,3-tricarboxylic acid"
CCOC(=O)C(Cc1ccc(OC)c(O)c1)c1ccccc1,CCOC(=O)C(Cc1ccc(OC)c(O)c1)c1ccccc1,bitter,chemtastes_db,ethyl 3-(3-hydroxy-4-methoxyphenyl)-2-phenylpropanoate
O=c1c(-c2ccc(O)cc2)coc2cc(O)c(O)cc12,O=c1c(-c2ccc(O)cc2)coc2cc(O)c(O)cc12,bitter,chemtastes_db,"6,7-dihydroxy-3-(4-hydroxyphenyl)chromen-4-one"
NC(N)=NC(N)=Nc1ccccc1,NC(N)=NC(N)=Nc1ccccc1,bitter,chemtastes_db,1-(diaminomethylidene)-2-phenylguanidine
CC12C(=O)C=CCC1=CCC1C2CCC2(O)C(=O)OC3(C)C4CC5(C)C(COC16OC23C5C6=O)C(=O)O4,CC12C(=O)C=CCC1=CCC1C2CCC2(O)C(=O)OC3(C)C4CC5(C)C(COC16OC23C5C6=O)C(=O)O4,bitter,phytocompounds_db,"5-hydroxy-2,9,26-trimethyl-3,19,23,28-tetraoxaoctacyclo[16.9.1.118,27.01,5.02,24.08,17.09,14.021,26]nonacosa-11,14-diene-4,10,22,29-tetrone"
COc1ccc(NS(=O)(=O)c2ccc(N)cc2)nn1,COc1ccc(NS(=O)(=O)c2ccc(N)cc2)nn1,bitter,chemtastes_db,4-amino-N-(6-methoxypyridazin-3-yl)benzenesulfonamide
O=C(O)c1cc(-c2ccccc2)nc2ccccc12,O=C(O)c1cc(-c2ccccc2)nc2ccccc12,bitter,chemtastes_db,2-phenylquinoline-4-carboxylic acid
CCC(C(=O)O)(C(=O)O)C(C)C,CCC(C(=O)O)(C(=O)O)C(C)C,sour,IUPAC Dissocation Constants,2-ethyl-2-propan-2-ylpropanedioic acid
CCCCC(CC)CNC(=S)S,CCCCC(CC)CNC(=S)S,sour,IUPAC Dissocation Constants,2-ethylhexylcarbamodithioic acid
O=C(C=Cc1ccccc1)c1ccc(O)cc1O,O=C(C=Cc1ccccc1)c1ccc(O)cc1O,bitter,phytocompounds_db,"1-(2,4-dihydroxyphenyl)-3-phenylprop-2-en-1-one"
COC(=O)CC1C2(C)C3=C(C)C(C4=CC(=O)OC4O)CC3OC2C(O)C2C(C)(C(=O)OC)C=CC(=O)C21C,COC(=O)CC1C2(C)C3=C(C)C(C4=CC(=O)OC4O)CC3OC2C(O)C2C(C)(C(=O)OC)C=CC(=O)C21C,bitter,phytocompounds_db,"methyl 2-hydroxy-13-(2-hydroxy-5-oxo-2H-furan-3-yl)-9-(2-methoxy-2-oxoethyl)-4,8,10,12-tetramethyl-7-oxo-16-oxatetracyclo[8.6.0.03,8.011,15]hexadeca-5,11-diene-4-carboxylate"
CC(C)(O)C=CC(=O)C(C)(O)C1C(O)CC2(C)C3CC=C4C(CC(OC5OC(CO)C(O)C(O)C5O)C(=O)C4(C)C)C3(C)C(=O)CC12C,CC(C)(O)C=CC(=O)C(C)(O)C1C(O)CC2(C)C3CC=C4C(CC(OC5OC(CO)C(O)C(O)C5O)C(=O)C4(C)C)C3(C)C(=O)CC12C,bitter,phytocompounds_db,"17-(2,6-dihydroxy-6-methyl-3-oxohept-4-en-2-yl)-16-hydroxy-4,4,9,13,14-pentamethyl-2-[3,4,5-trihydroxy-6-(hydroxymethyl)oxan-2-yl]oxy-2,7,8,10,12,15,16,17-octahydro-1H-cyclopenta[a]phenanthrene-3,11-dione"
COc1cc(O)c(CCC(C)(C)O)c(O)c1C(=O)C=Cc1ccc(O)cc1,COc1cc(O)c(CCC(C)(C)O)c(O)c1C(=O)C=Cc1ccc(O)cc1,bitter,chemtastes_db,"1-[2,4-dihydroxy-3-(3-hydroxy-3-methylbutyl)-6-methoxyphenyl]-3-(4-hydroxyphenyl)prop-2-en-1-one"
CC=C1CC(C)C(C)(O)C(=O)OCC2=CCN3CCC(OC1=O)C23,CC=C1CC(C)C(C)(O)C(=O)OCC2=CCN3CCC(OC1=O)C23,bitter,chemtastes_db,"4-ethylidene-7-hydroxy-6,7-dimethyl-2,9-dioxa-14-azatricyclo[9.5.1.014,17]heptadec-11-ene-3,8-dione"
CC1(C)CC(=O)CC(=O)C1,CC1(C)CC(=O)CC(=O)C1,sour,IUPAC Dissocation Constants,"5,5-dimethylcyclohexane-1,3-dione"
C=C1C(=O)OC2CC3(C)CC(O)CC(=C)C3CC12,C=C1C(=O)OC2CC3(C)CC(O)CC(=C)C3CC12,bitter,phytocompounds_db,"7-hydroxy-8a-methyl-3,5-dimethylidene-3a,4,4a,6,7,8,9,9a-octahydrobenzo[f][1]benzofuran-2-one"
CC(=O)OCc1cc(=O)c(O)c([N+](=O)[O-])o1,CC(=O)OCc1cc(=O)c(O)c([N+](=O)[O-])o1,sour,IUPAC Dissocation Constants,(5-hydroxy-6-nitro-4-oxopyran-2-yl)methyl acetate
CCC(C)C1NC(=O)C(Cc2ccccc2)NC(=O)C(CC(C)C)NC(=O)C2CCCN2C(=O)C(Cc2ccccc2)NC(=O)C(C(C)C)NC(=O)C(CC(C)C)NC(=O)C(CCS(C)=O)NC1=O,CCC(C)C1NC(=O)C(Cc2ccccc2)NC(=O)C(CC(C)C)NC(=O)C2CCCN2C(=O)C(Cc2ccccc2)NC(=O)C(C(C)C)NC(=O)C(CC(C)C)NC(=O)C(CC[S+](C)[O-])NC1=O,bitter,chemtastes_db,"3,18-dibenzyl-15-butan-2-yl-9,21-bis(2-methylpropyl)-12-(2-methylsulfinylethyl)-6-propan-2-yl-1,4,7,10,13,16,19,22-octazabicyclo[22.3.0]heptacosane-2,5,8,11,14,17,20,23-octone"
COc1cc(C)ccc1O,COc1cc(C)ccc1O,bitter,chemtastes_db,2-methoxy-4-methylphenol
CCC(CC)C(=O)O,CCC(CC)C(=O)O,sour,flavor_db,2-ethylbutanoic acid
O=C(O)CSc1nc2cc3ccccc3cc2[nH]1,O=C(O)CSc1nc2cc3ccccc3cc2[nH]1,sour,IUPAC Dissocation Constants,2-(1H-benzo[f]benzimidazol-2-ylsulfanyl)acetic acid
CC1(C)C(=O)CCC2(C)C3CCC4CC3(CCC12)CC4(O)COC1OC(CO)C(O)C(O)C1O,CC1(C)C(=O)CCC2(C)C3CCC4CC3(CCC12)CC4(O)COC1OC(CO)C(O)C(O)C1O,bitter,chemtastes_db,"14-hydroxy-5,5,9-trimethyl-14-[[3,4,5-trihydroxy-6-(hydroxymethyl)oxan-2-yl]oxymethyl]tetracyclo[11.2.1.01,10.04,9]hexadecan-6-one"
NC(=O)CC([N+](=O)[O-])[N+](=O)[O-],NC(=O)CC([N+](=O)[O-])[N+](=O)[O-],sour,IUPAC Dissocation Constants,"3,3-dinitropropanamide"
Nc1cncnc1NCC(=O)O,Nc1cncnc1NCC(=O)O,sour,IUPAC Dissocation Constants,2-[(5-aminopyrimidin-4-yl)amino]acetic acid
O=c1ccc2ccccc2o1,O=c1ccc2ccccc2o1,bitter,flavor_db,chromen-2-one
O=C(O)CCCCCCc1ccccc1,O=C(O)CCCCCCc1ccccc1,sour,IUPAC Dissocation Constants,7-phenylheptanoic acid
CCC(CO)NC(=O)C1C=C2c3cccc4[nH]cc(c34)CC2N(C)C1,CCC(CO)NC(=O)C1C=C2c3cccc4[nH]cc(c34)CC2N(C)C1,bitter,phytocompounds_db,"N-(1-hydroxybutan-2-yl)-7-methyl-6,6a,8,9-tetrahydro-4H-indolo[4,3-fg]quinoline-9-carboxamide"
O=C(O)c1cc(I)cc(I)c1O,O=C(O)c1cc(I)cc(I)c1O,bitter,chemtastes_db,"2-hydroxy-3,5-diiodobenzoic acid"
NNC(=O)c1ccccc1,NNC(=O)c1ccccc1,sour,IUPAC Dissocation Constants,benzohydrazide
O=c1cc(-c2ccccc2)[nH]o1,O=c1cc(-c2ccccc2)[nH]o1,sour,IUPAC Dissocation Constants,"3-phenyl-2H-1,2-oxazol-5-one"
O=Cc1cccc2cccc(C(=O)O)c12,O=Cc1cccc2cccc(C(=O)O)c12,bitter,chemtastes_db,8-formylnaphthalene-1-carboxylic acid
Cc1ccccc1C(=O)O,Cc1ccccc1C(=O)O,sour,IUPAC Dissocation Constants,2-methylbenzoic acid
CC1OC(OC2CCC3(C=O)C4CCC5(C)C(C6=CC(=O)OC6)CCC5(O)C4CCC3(O)C2)C(O)C(O)C1O,CC1OC(OC2CCC3(C=O)C4CCC5(C)C(C6=CC(=O)OC6)CCC5(O)C4CCC3(O)C2)C(O)C(O)C1O,bitter,chemtastes_db,"5,14-dihydroxy-13-methyl-17-(5-oxo-2H-furan-3-yl)-3-(3,4,5-trihydroxy-6-methyloxan-2-yl)oxy-2,3,4,6,7,8,9,11,12,15,16,17-dodecahydro-1H-cyclopenta[a]phenanthrene-10-carbaldehyde"
O=C(O)CSSCC(=O)O,O=C(O)CSSCC(=O)O,sour,IUPAC Dissocation Constants,2-(carboxymethyldisulfanyl)acetic acid
Nc1ccc(NC(=O)c2ccc(Cl)cc2)cc1,Nc1ccc(NC(=O)c2ccc(Cl)cc2)cc1,sour,IUPAC Dissocation Constants,N-(4-aminophenyl)-4-chlorobenzamide
COCC(Cc1ccc(OC)c(OC)c1)C(COC)Cc1ccc(OC)c(OC)c1,COCC(Cc1ccc(OC)c(OC)c1)C(COC)Cc1ccc(OC)c(OC)c1,bitter,phytocompounds_db,"4-[3-[(3,4-dimethoxyphenyl)methyl]-4-methoxy-2-(methoxymethyl)butyl]-1,2-dimethoxybenzene"
O=C(O)[C@H]1CC[C@H]1C(=O)O,O=C(O)[C@H]1CC[C@H]1C(=O)O,sour,IUPAC Dissocation Constants,"(1R,2S)-cyclobutane-1,2-dicarboxylic acid"
C=C1C(=O)OC2C1CCC1(C)C(O)CCC(=C)C21O,C=C1C(=O)OC2C1CCC1(C)C(O)CCC(=C)C21O,bitter,phytocompounds_db,"6,9a-dihydroxy-5a-methyl-3,9-dimethylidene-4,5,6,7,8,9b-hexahydro-3aH-benzo[g][1]benzofuran-2-one"
O=C(O)c1cc(Br)c[nH]1,O=C(O)c1cc(Br)c[nH]1,sour,IUPAC Dissocation Constants,4-bromo-1H-pyrrole-2-carboxylic acid
O=c1cccc(O)cc1O,O=c1cccc(O)cc1O,sour,IUPAC Dissocation Constants,"3,4-dihydroxycyclohepta-2,4,6-trien-1-one"
O=C(C=Cc1ccc(O)c(O)c1)OC1CC2(O)CC(OC2=O)C1O,O=C(C=Cc1ccc(O)c(O)c1)OC1CC2(O)CC(OC2=O)C1O,bitter,chemtastes_db,"(1,4-dihydroxy-7-oxo-6-oxabicyclo[3.2.1]octan-3-yl) 3-(3,4-dihydroxyphenyl)prop-2-enoate"
O=Cc1ccc2n1CC1(CC(O)C(CO)O1)OC2,O=Cc1ccc2n1CC1(CC(O)C(CO)O1)OC2,bitter,chemtastes_db,"4'-hydroxy-5'-(hydroxymethyl)spiro[1,4-dihydropyrrolo[2,1-c][1,4]oxazine-3,2'-oxolane]-6-carbaldehyde"
Nc1cccc([As](=O)(O)O)c1,Nc1cccc([As](=O)(O)O)c1,sour,IUPAC Dissocation Constants,(3-aminophenyl)arsonic acid
CCCCCCCNC(=S)S,CCCCCCCNC(=S)S,sour,IUPAC Dissocation Constants,heptylcarbamodithioic acid
CC(=O)CCC=C(C)C,CC(=O)CCC=C(C)C,bitter,flavor_db,6-methylhept-5-en-2-one
O=CC1CCCC1=O,O=CC1CCCC1=O,sour,IUPAC Dissocation Constants,2-oxocyclopentane-1-carbaldehyde
CC(C)(C)C(C(=O)O)C(=O)O,CC(C)(C)C(C(=O)O)C(=O)O,sour,IUPAC Dissocation Constants,2-tert-butylpropanedioic acid
O=C(O)COc1ccc(Cl)cc1,O=C(O)COc1ccc(Cl)cc1,sour,IUPAC Dissocation Constants,2-(4-chlorophenoxy)acetic acid
O=c1c(-c2ccc(O)cc2)coc2c(C3OC(CO)C(O)C(O)C3O)c(O)cc(O)c12,O=c1c(-c2ccc(O)cc2)coc2c(C3OC(CO)C(O)C(O)C3O)c(O)cc(O)c12,bitter,phytocompounds_db,"5,7-dihydroxy-3-(4-hydroxyphenyl)-8-[3,4,5-trihydroxy-6-(hydroxymethyl)oxan-2-yl]chromen-4-one"
O=C(CCc1ccc(O)c(O)c1)NCCCCNCCCNC(=O)CCc1ccc(O)c(O)c1,O=C(CCc1ccc(O)c(O)c1)NCCCCNCCCNC(=O)CCc1ccc(O)c(O)c1,bitter,chemtastes_db,"3-(3,4-dihydroxyphenyl)-N-[4-[3-[3-(3,4-dihydroxyphenyl)propanoylamino]propylamino]butyl]propanamide"
O=C(O)c1ccc([N+](=O)[O-])s1,O=C(O)c1ccc([N+](=O)[O-])s1,sour,IUPAC Dissocation Constants,5-nitrothiophene-2-carboxylic acid
Cc1ccc(C(=O)O)[se]1,Cc1ccc(C(=O)O)[se]1,sour,IUPAC Dissocation Constants,5-methylselenophene-2-carboxylic acid
Cc1ccccn1,Cc1ccccn1,bitter,chemtastes_db,2-methylpyridine
COC(C)C1CCC=C(C=NO)C1,COC(C)C1CCC=C(C=NO)C1,bitter,chemtastes_db,N-[[5-(1-methoxyethyl)cyclohexen-1-yl]methylidene]hydroxylamine
CCC(C)C(=O)C1=C(O)C(O)C(CC=C(C)C)C1=O,CCC(C)C(=O)C1=C(O)C(O)C(CC=C(C)C)C1=O,bitter,chemtastes_db,"4-hydroxy-2-(1-hydroxy-2-methylbutylidene)-5-(3-methylbut-2-enyl)cyclopentane-1,3-dione"
COc1cc(CC2C(=O)OCC2Cc2ccc(OC)c(OC)c2)ccc1O,COc1cc(CC2C(=O)OCC2Cc2ccc(OC)c(OC)c2)ccc1O,bitter,phytocompounds_db,"4-[(3,4-dimethoxyphenyl)methyl]-3-[(4-hydroxy-3-methoxyphenyl)methyl]oxolan-2-one"
CSc1nc(C)c2nn[nH]c2n1,CSc1nc(C)c2nn[nH]c2n1,sour,IUPAC Dissocation Constants,"7-methyl-5-methylsulfanyl-2H-triazolo[4,5-d]pyrimidine"
O=c1[nH]cc([N+](=O)[O-])c(=O)[nH]1,O=c1[nH]cc([N+](=O)[O-])c(=O)[nH]1,sour,IUPAC Dissocation Constants,"5-nitro-1H-pyrimidine-2,4-dione"
CCOc1ccccc1[Se]CC(=O)O,CCOc1ccccc1[Se]CC(=O)O,sour,IUPAC Dissocation Constants,2-(2-ethoxyphenyl)selanylacetic acid
COc1nc(N)nc2c1nc(C(=O)O)c(=O)n2C,COc1nc(N)nc2c1nc(C(=O)O)c(=O)n2C,sour,IUPAC Dissocation Constants,2-amino-4-methoxy-8-methyl-7-oxopteridine-6-carboxylic acid
O=C(O)Cc1ccc(F)cc1,O=C(O)Cc1ccc(F)cc1,sour,IUPAC Dissocation Constants,2-(4-fluorophenyl)acetic acid
Cc1nc(C(=O)O)co1,Cc1nc(C(=O)O)co1,sour,IUPAC Dissocation Constants,"2-methyl-1,3-oxazole-4-carboxylic acid"
CCCCCC([N+](=O)[O-])[N+](=O)[O-],CCCCCC([N+](=O)[O-])[N+](=O)[O-],sour,IUPAC Dissocation Constants,"1,1-dinitrohexane"
CC(=O)c1ccc(OCC(=O)O)cc1,CC(=O)c1ccc(OCC(=O)O)cc1,sour,IUPAC Dissocation Constants,2-(4-acetylphenoxy)acetic acid
O=C(O)c1cccc(Br)c1O,O=C(O)c1cccc(Br)c1O,sour,IUPAC Dissocation Constants,3-bromo-2-hydroxybenzoic acid
CC(C)=CCC1=C(O)C(O)(CC=C(C)C)C(=O)C(C(=O)CC(C)C)=C1O,CC(C)=CCC1=C(O)C(O)(CC=C(C)C)C(=O)C(C(=O)CC(C)C)=C1O,bitter,chemtastes_db,"3,5,6-trihydroxy-2-(3-methylbutanoyl)-4,6-bis(3-methylbut-2-enyl)cyclohexa-2,4-dien-1-one"
COc1ccc2c(c1OC)C(=O)OC2C1c2cc3c(cc2CCN1C)OCO3,COc1ccc2c(c1OC)C(=O)OC2C1c2cc3c(cc2CCN1C)OCO3,bitter,phytocompounds_db,"6,7-dimethoxy-3-(6-methyl-7,8-dihydro-5H-[1,3]dioxolo[4,5-g]isoquinolin-5-yl)-3H-2-benzofuran-1-one"
COC(=O)c1cc(O)c(O)c(O)c1,COC(=O)c1cc(O)c(O)c(O)c1,bitter,phytocompounds_db,"methyl 3,4,5-trihydroxybenzoate"
Nc1cc(C(=O)O)cc([N+](=O)[O-])c1,Nc1cc(C(=O)O)cc([N+](=O)[O-])c1,sour,IUPAC Dissocation Constants,3-amino-5-nitrobenzoic acid
CC(Cl)CCCC(=O)O,CC(Cl)CCCC(=O)O,sour,IUPAC Dissocation Constants,5-chlorohexanoic acid
CCCCCC(C)O,CCCCCC(C)O,bitter,chemtastes_db,heptan-2-ol
NOCC(=O)O,NOCC(=O)O,sour,IUPAC Dissocation Constants,2-aminooxyacetic acid
O=S(=O)(O)CCN1CCN(CCS(=O)(=O)O)CC1,O=S(=O)(O)CCN1CCN(CCS(=O)(=O)O)CC1,sour,IUPAC Dissocation Constants,2-[4-(2-sulfoethyl)piperazin-1-yl]ethanesulfonic acid
OCC1CCCN2CCCCC12,OCC1CCCN2CCCCC12,bitter,chemtastes_db,"2,3,4,6,7,8,9,9a-octahydro-1H-quinolizin-1-ylmethanol"
O=C(O)c1ccc([N+](=O)[O-])c2ccccc12,O=C(O)c1ccc([N+](=O)[O-])c2ccccc12,sour,IUPAC Dissocation Constants,4-nitronaphthalene-1-carboxylic acid
CCCC(CCC)(CC(=O)O)CC(=O)O,CCCC(CCC)(CC(=O)O)CC(=O)O,sour,IUPAC Dissocation Constants,"3,3-dipropylpentanedioic acid"
Cc1cc([N+](=O)[O-])c(C)c(C(=O)O)c1O,Cc1cc([N+](=O)[O-])c(C)c(C(=O)O)c1O,sour,IUPAC Dissocation Constants,"2-hydroxy-3,6-dimethyl-5-nitrobenzoic acid"
O=C1CCCC2C3CC(CN12)C1CC(O)CCN1C3,O=C1CCCC2C3CC(CN12)C1CC(O)CCN1C3,bitter,chemtastes_db,"12-hydroxy-7,15-diazatetracyclo[7.7.1.02,7.010,15]heptadecan-6-one"
Cc1ccc(C(=O)O)c(C)c1,Cc1ccc(C(=O)O)c(C)c1,sour,IUPAC Dissocation Constants,"2,4-dimethylbenzoic acid"
C=CCC1NCC2CC1CN1C(=O)CCCC21,C=CCC1NCC2CC1CN1C(=O)CCCC21,bitter,phytocompounds_db,"10-prop-2-enyl-7,11-diazatricyclo[7.3.1.02,7]tridecan-6-one"
COC(=O)C1=COC(OC2OC(CO)C(O)C(O)C2O)C2C1C=CC2(O)CO,COC(=O)C1=COC(OC2OC(CO)C(O)C(O)C2O)C2C1C=CC2(O)CO,bitter,phytocompounds_db,"methyl 7-hydroxy-7-(hydroxymethyl)-1-[3,4,5-trihydroxy-6-(hydroxymethyl)oxan-2-yl]oxy-4a,7a-dihydro-1H-cyclopenta[c]pyran-4-carboxylate"
COc1cc2ccccc2cc1C(=O)O,COc1cc2ccccc2cc1C(=O)O,sour,IUPAC Dissocation Constants,3-methoxynaphthalene-2-carboxylic acid
O=C(C=Cc1ccc(O)cc1)c1ccc(O)cc1O,O=C(C=Cc1ccc(O)cc1)c1ccc(O)cc1O,bitter,chemtastes_db,"1-(2,4-dihydroxyphenyl)-3-(4-hydroxyphenyl)prop-2-en-1-one"
CC(=O)OCC12C(OC(C)=O)CC(C)C(C)(C3CC4C=COC4O3)C1CCCC21CO1,CC(=O)OCC12C(OC(C)=O)CC(C)C(C)(C3CC4C=COC4O3)C1CCCC21CO1,bitter,phytocompounds_db,"[8-(3a,4,5,6a-tetrahydrofuro[2,3-b]furan-5-yl)-5-acetyloxy-7,8-dimethylspiro[2,3,5,6,7,8a-hexahydro-1H-naphthalene-4,2'-oxirane]-4a-yl]methyl acetate"
COc1ccc(O)c(N=O)c1,COc1ccc(O)c(N=O)c1,sour,IUPAC Dissocation Constants,4-methoxy-2-nitrosophenol
NNC(=O)COc1ccc(Cl)cc1,NNC(=O)COc1ccc(Cl)cc1,sour,IUPAC Dissocation Constants,2-(4-chlorophenoxy)acetohydrazide
ON=C(Cl)C(Cl)=NO,ON=C(Cl)C(Cl)=NO,sour,IUPAC Dissocation Constants,"N,N'-dihydroxyethanediimidoyl dichloride"
O=C(O)CN(CCN(CC(=O)O)CC(=O)O)CC(=O)O,O=C(O)CN(CCN(CC(=O)O)CC(=O)O)CC(=O)O,sour,IUPAC Dissocation Constants,2-[2-[bis(carboxymethyl)amino]ethyl-(carboxymethyl)amino]acetic acid
COc1cccc(S)c1,COc1cccc(S)c1,sour,IUPAC Dissocation Constants,3-methoxybenzenethiol
O=C(O)C12CCC(Br)(CC1)C2,O=C(O)C12CCC(Br)(CC1)C2,sour,IUPAC Dissocation Constants,4-bromobicyclo[2.2.1]heptane-1-carboxylic acid
CC1(C)[C@@H](C(=O)O)C[C@H]1C(=O)O,CC1(C)[C@@H](C(=O)O)C[C@H]1C(=O)O,sour,IUPAC Dissocation Constants,"(1S,3R)-2,2-dimethylcyclobutane-1,3-dicarboxylic acid"
NNC(=O)c1ccc([N+](=O)[O-])cc1,NNC(=O)c1ccc([N+](=O)[O-])cc1,sour,IUPAC Dissocation Constants,4-nitrobenzohydrazide
CC1=CC(OC2OC(CO)C(O)C(O)C2O)C(O)C2(C)C1CC1OC(=O)CC3C(C)C(O)C4(O)OCC13C42,CC1=CC(OC2OC(CO)C(O)C(O)C2O)C(O)C2(C)C1CC1OC(=O)CC3C(C)C(O)C4(O)OCC13C42,bitter,phytocompounds_db,"4,5,17-trihydroxy-6,14,18-trimethyl-16-[3,4,5-trihydroxy-6-(hydroxymethyl)oxan-2-yl]oxy-3,10-dioxapentacyclo[9.8.0.01,7.04,19.013,18]nonadec-14-en-9-one"
COc1cc(C(=O)O)cc(OC)c1OC,COc1cc(C(=O)O)cc(OC)c1OC,sour,IUPAC Dissocation Constants,"3,4,5-trimethoxybenzoic acid"
O=C(O)Cc1c[nH]c2ccccc12,O=C(O)Cc1c[nH]c2ccccc12,sour,flavor_db,2-(1H-indol-3-yl)acetic acid
C=CCN=C=S,C=CCN=C=S,bitter,flavor_db,3-isothiocyanatoprop-1-ene
CC(=O)c1cccc(C(=O)O)c1,CC(=O)c1cccc(C(=O)O)c1,sour,IUPAC Dissocation Constants,3-acetylbenzoic acid
CC(O)CCOCCC(C)O,CC(O)CCOCCC(C)O,bitter,chemtastes_db,4-(3-hydroxybutoxy)butan-2-ol
C=CC1C(OC2OC(CO)C(O)C(O)C2O)OC=C2C(=O)OCCC21O,C=CC1C(OC2OC(CO)C(O)C(O)C2O)OC=C2C(=O)OCCC21O,bitter,chemtastes_db,"4-ethenyl-4a-hydroxy-3-[3,4,5-trihydroxy-6-(hydroxymethyl)oxan-2-yl]oxy-3,4,5,6-tetrahydropyrano[3,4-c]pyran-8-one"
O=C(O)c1cc(Br)cc(Br)c1O,O=C(O)c1cc(Br)cc(Br)c1O,sour,IUPAC Dissocation Constants,"3,5-dibromo-2-hydroxybenzoic acid"
Cc1ccccc1C(c1ccccc1C)C([N+](=O)[O-])[N+](=O)[O-],Cc1ccccc1C(c1ccccc1C)C([N+](=O)[O-])[N+](=O)[O-],sour,IUPAC Dissocation Constants,"1-methyl-2-[1-(2-methylphenyl)-2,2-dinitroethyl]benzene"
CC(CCC(OC1OC(CO)C(O)C(O)C1O)C(C)(C)O)C1CCC2(C)C3CC=C4C(CCC(OC5OC(CO)C(O)C(O)C5O)C4(C)C)C3(C)C(=O)CC12C,CC(CCC(OC1OC(CO)C(O)C(O)C1O)C(C)(C)O)C1CCC2(C)C3CC=C4C(CCC(OC5OC(CO)C(O)C(O)C5O)C4(C)C)C3(C)C(=O)CC12C,bitter,phytocompounds_db,"17-[6-hydroxy-6-methyl-5-[3,4,5-trihydroxy-6-(hydroxymethyl)oxan-2-yl]oxyheptan-2-yl]-4,4,9,13,14-pentamethyl-3-[3,4,5-trihydroxy-6-(hydroxymethyl)oxan-2-yl]oxy-1,2,3,7,8,10,12,15,16,17-decahydrocyclopenta[a]phenanthren-11-one"
[O-][n+]1ccccc1O,[O-][n+]1ccccc1O,sour,IUPAC Dissocation Constants,1-hydroxypyridin-2-one
O=[As](O)(O)c1ccc(O)cc1O,O=[As](O)(O)c1ccc(O)cc1O,sour,IUPAC Dissocation Constants,"(2,4-dihydroxyphenyl)arsonic acid"
CC1C(=O)OC2CCN3CC=C(COC(=O)C(C)(O)C1(C)O)C23,CC1C(=O)OC2CCN3CC=C(COC(=O)C(C)(O)C1(C)O)C23,bitter,phytocompounds_db,"5,6-dihydroxy-4,5,6-trimethyl-2,8-dioxa-13-azatricyclo[8.5.1.013,16]hexadec-10-ene-3,7-dione"
CCCCCC=CCC=CCCCCCCCC(O)CC(O)COC(C)=O,CCCCCC=CCC=CCCCCCCCC(O)CC(O)COC(C)=O,bitter,chemtastes_db,"2,4-dihydroxyhenicosa-12,15-dienyl acetate"
NC(CC(=O)O)C(F)(F)F,NC(CC(=O)O)C(F)(F)F,sour,IUPAC Dissocation Constants,"3-amino-4,4,4-trifluorobutanoic acid"
Cn1ncc(=S)[nH]c1=O,Cn1ncc(=S)[nH]c1=O,sour,IUPAC Dissocation Constants,"2-methyl-5-sulfanylidene-1,2,4-triazin-3-one"
OCC=Cc1ccccc1,OCC=Cc1ccccc1,bitter,chemtastes_db,3-phenylprop-2-en-1-ol
CC(C)(O)C1C2OC(=O)C1C1(O)CC3OC34C(=O)OC2C14C,CC(C)(O)C1C2OC(=O)C1C1(O)CC3OC34C(=O)OC2C14C,bitter,chemtastes_db,"1-hydroxy-14-(2-hydroxypropan-2-yl)-13-methyl-4,7,10-trioxapentacyclo[6.4.1.19,12.03,5.05,13]tetradecane-6,11-dione"
O=[As](O)(O)c1ccc(O)cc1,O=[As](O)(O)c1ccc(O)cc1,sour,IUPAC Dissocation Constants,(4-hydroxyphenyl)arsonic acid
COc1cccc(SCC(=O)O)c1,COc1cccc(SCC(=O)O)c1,sour,IUPAC Dissocation Constants,2-(3-methoxyphenyl)sulfanylacetic acid
Sc1cnc2ccccc2c1,Sc1cnc2ccccc2c1,sour,IUPAC Dissocation Constants,quinoline-3-thiol
CNc1ccc(C(=O)O)cc1,CNc1ccc(C(=O)O)cc1,sour,IUPAC Dissocation Constants,4-(methylamino)benzoic acid
COc1cc(CC2COC(=O)C2(O)Cc2ccc(OC3OC(CO)C(O)C(O)C3O)c(OC)c2)ccc1O,COc1cc(CC2COC(=O)C2(O)Cc2ccc(OC3OC(CO)C(O)C(O)C3O)c(OC)c2)ccc1O,bitter,phytocompounds_db,"3-hydroxy-4-[(4-hydroxy-3-methoxyphenyl)methyl]-3-[[3-methoxy-4-[3,4,5-trihydroxy-6-(hydroxymethyl)oxan-2-yl]oxyphenyl]methyl]oxolan-2-one"
O=C(O)c1cc(O)c(O)c(O)c1,O=C(O)c1cc(O)c(O)c(O)c1,sour,phytocompounds_db,"3,4,5-trihydroxybenzoic acid"
CC(=O)OC(C)(C)C=CC(=O)C(C)(O)C1C(O)CC2(C)C3CC=C4C(CC(OS(=O)(=O)O)C(=O)C4(C)C)C3(C)C(=O)CC12C,CC(=O)OC(C)(C)C=CC(=O)C(C)(O)C1C(O)CC2(C)C3CC=C4C(CC(OS(=O)(=O)O)C(=O)C4(C)C)C3(C)C(=O)CC12C,bitter,phytocompounds_db,"[6-hydroxy-6-(16-hydroxy-4,4,9,13,14-pentamethyl-3,11-dioxo-2-sulfooxy-2,7,8,10,12,15,16,17-octahydro-1H-cyclopenta[a]phenanthren-17-yl)-2-methyl-5-oxohept-3-en-2-yl] acetate"
O=c1cccccc1O,O=c1cccccc1O,sour,IUPAC Dissocation Constants,"2-hydroxycyclohepta-2,4,6-trien-1-one"
CC(C)C(N)C(=O)O,CC(C)C(N)C(=O)O,bitter,chemtastes_db,2-amino-3-methylbutanoic acid
O=[N+]([O-])c1ccc(O)c([N+](=O)[O-])c1,O=[N+]([O-])c1ccc(O)c([N+](=O)[O-])c1,sour,IUPAC Dissocation Constants,"2,4-dinitrophenol"
CC(=O)S,CC(=O)S,sour,IUPAC Dissocation Constants,ethanethioic S-acid
Cc1cc(C)n(OCC(=O)O)c(=O)n1,Cc1cc(C)n(OCC(=O)O)c(=O)n1,sour,IUPAC Dissocation Constants,"2-(4,6-dimethyl-2-oxopyrimidin-1-yl)oxyacetic acid"
O=S(=O)(O)CCCNCCNCCCS(=O)(=O)O,O=S(=O)(O)CCCNCCNCCCS(=O)(=O)O,sour,IUPAC Dissocation Constants,3-[2-(3-sulfopropylamino)ethylamino]propane-1-sulfonic acid
C[C@H]1C[C@H]1C(=O)O,C[C@H]1C[C@H]1C(=O)O,sour,IUPAC Dissocation Constants,"(1R,2S)-2-methylcyclopropane-1-carboxylic acid"
CC(C)=CCC(=O)C1(O)C(=O)C(C(=O)CC(C)C)=C(O)C1(O)CC=C(C)C,CC(C)=CCC(=O)C1(O)C(=O)C(C(=O)CC(C)C)=C(O)C1(O)CC=C(C)C,bitter,chemtastes_db,"3,4,5-trihydroxy-2-(3-methylbutanoyl)-4-(3-methylbut-2-enyl)-5-(4-methylpent-3-enoyl)cyclopent-2-en-1-one"
CC(C)(SCC(=O)O)C(=O)O,CC(C)(SCC(=O)O)C(=O)O,sour,IUPAC Dissocation Constants,2-(carboxymethylsulfanyl)-2-methylpropanoic acid
O=C(O)[C@@H](O)[C@H](O)[C@H](O)[C@@H](O)C(=O)O,O=C(O)[C@@H](O)[C@H](O)[C@H](O)[C@@H](O)C(=O)O,sour,IUPAC Dissocation Constants,"(2S,3R,4S,5R)-2,3,4,5-tetrahydroxyhexanedioic acid"
O=C(O)c1ccc(C2CCC2)cc1,O=C(O)c1ccc(C2CCC2)cc1,sour,IUPAC Dissocation Constants,4-cyclobutylbenzoic acid
O=C(O)c1ccccc1[N+](=O)[O-],O=C(O)c1ccccc1[N+](=O)[O-],sour,IUPAC Dissocation Constants,2-nitrobenzoic acid
S=C(S)N1CCCC1,S=C(S)N1CCCC1,sour,IUPAC Dissocation Constants,pyrrolidine-1-carbodithioic acid
C1CCc2nnnn2CC1,C1CCc2nnnn2CC1,bitter,chemtastes_db,"6,7,8,9-tetrahydro-5H-tetrazolo[1,5-a]azepine"
COC(=O)c1cccc(C(=O)O)n1,COC(=O)c1cccc(C(=O)O)n1,sour,IUPAC Dissocation Constants,6-methoxycarbonylpyridine-2-carboxylic acid
O=C(O)CCCl,O=C(O)CCCl,sour,IUPAC Dissocation Constants,3-chloropropanoic acid
O=Cc1ccc2c(c1)OCO2,O=Cc1ccc2c(c1)OCO2,bitter,flavor_db,"1,3-benzodioxole-5-carbaldehyde"
CC1C(=O)c2ccccc2C1=O,CC1C(=O)c2ccccc2C1=O,sour,IUPAC Dissocation Constants,"2-methylindene-1,3-dione"
Oc1cccnc1,Oc1cccnc1,sour,IUPAC Dissocation Constants,pyridin-3-ol
COCC(C)(OC)C1CC=C(C)CC1,COCC(C)(OC)C1CC=C(C)CC1,bitter,chemtastes_db,"4-(1,2-dimethoxypropan-2-yl)-1-methylcyclohexene"
CC(=O)Nc1ncc2ncc(O)nc2n1,CC(=O)Nc1ncc2ncc(O)nc2n1,sour,IUPAC Dissocation Constants,N-(7-oxo-8H-pteridin-2-yl)acetamide
COC(=O)C(CC(=O)O)c1ccc([N+](=O)[O-])cc1,COC(=O)C(CC(=O)O)c1ccc([N+](=O)[O-])cc1,sour,IUPAC Dissocation Constants,4-methoxy-3-(4-nitrophenyl)-4-oxobutanoic acid
O=C(O)CCCC1CCCC1=O,O=C(O)CCCC1CCCC1=O,sour,IUPAC Dissocation Constants,4-(2-oxocyclopentyl)butanoic acid
O=c1c(-c2ccc(O)cc2)coc2c(O)c(O)ccc12,O=c1c(-c2ccc(O)cc2)coc2c(O)c(O)ccc12,bitter,chemtastes_db,"7,8-dihydroxy-3-(4-hydroxyphenyl)chromen-4-one"
O=C(O)C1CSCN1,O=C(O)C1CSCN1,sour,IUPAC Dissocation Constants,"1,3-thiazolidine-4-carboxylic acid"
Cn1cnc([N+](=O)[O-])c1C[N+](=O)[O-],Cn1cnc([N+](=O)[O-])c1C[N+](=O)[O-],sour,IUPAC Dissocation Constants,1-methyl-4-nitro-5-(nitromethyl)imidazole
CC1C(=O)OC2C3=C(C4C(=O)C3(C)C3C(O)C5=C(C6OC(=O)C(C)C6CCC5(C)O)C43C)C(C)(O)CCC12,CC1C(=O)OC2C3=C(C4C(=O)C3(C)C3C(O)C5=C(C6OC(=O)C(C)C6CCC5(C)O)C43C)C(C)(O)CCC12,bitter,phytocompounds_db,"11,13,24-trihydroxy-2,7,11,15,20,24-hexamethyl-5,18-dioxaheptacyclo[13.10.1.02,14.03,12.04,8.016,25.017,21]hexacosa-3(12),16(25)-diene-6,19,26-trione"
C=C1C(=O)OC2C1CCC1(C)C(O)CC=C(C)C21,C=C1C(=O)OC2C1CCC1(C)C(O)CC=C(C)C21,bitter,chemtastes_db,"6-hydroxy-5a,9-dimethyl-3-methylidene-4,5,6,7,9a,9b-hexahydro-3aH-benzo[g][1]benzofuran-2-one"
COCC(O)CCCc1ccccc1,COCC(O)CCCc1ccccc1,bitter,chemtastes_db,1-methoxy-5-phenylpentan-2-ol
CCCCC1C(=O)N(c2ccccc2)N(c2ccccc2)C1=O,CCCCC1C(=O)N(c2ccccc2)N(c2ccccc2)C1=O,bitter,chemtastes_db,"4-butyl-1,2-diphenylpyrazolidine-3,5-dione"
O=[N+]([O-])c1cc(Cl)ccc1O,O=[N+]([O-])c1cc(Cl)ccc1O,sour,IUPAC Dissocation Constants,4-chloro-2-nitrophenol
COc1cc(O)c(CC(O)C(C)(C)O)c(O)c1C(=O)C=Cc1ccc(O)cc1,COc1cc(O)c(CC(O)C(C)(C)O)c(O)c1C(=O)C=Cc1ccc(O)cc1,bitter,chemtastes_db,"1-[3-(2,3-dihydroxy-3-methylbutyl)-2,4-dihydroxy-6-methoxyphenyl]-3-(4-hydroxyphenyl)prop-2-en-1-one"
COc1cc2ccc(=O)oc2cc1OC1OC(COC2OCC(O)(CO)C2O)C(O)C(O)C1O,COc1cc2ccc(=O)oc2cc1OC1OC(COC2OCC(O)(CO)C2O)C(O)C(O)C1O,bitter,phytocompounds_db,"7-[6-[[3,4-dihydroxy-4-(hydroxymethyl)oxolan-2-yl]oxymethyl]-3,4,5-trihydroxyoxan-2-yl]oxy-6-methoxychromen-2-one"
O=C1CC(c2ccccc2)Oc2cc(O)cc(O)c21,O=C1CC(c2ccccc2)Oc2cc(O)cc(O)c21,bitter,chemtastes_db,"5,7-dihydroxy-2-phenyl-2,3-dihydrochromen-4-one"
Cc1c(C(=O)O)nnn1-c1ccccc1,Cc1c(C(=O)O)nnn1-c1ccccc1,sour,IUPAC Dissocation Constants,5-methyl-1-phenyltriazole-4-carboxylic acid
COc1c(-c2ccccc2)oc2c(ccc3occc32)c1=O,COc1c(-c2ccccc2)oc2c(ccc3occc32)c1=O,bitter,phytocompounds_db,"3-methoxy-2-phenylfuro[2,3-h]chromen-4-one"
O=C1C=CC(=Nc2c(Cl)cc(O)cc2Cl)C=C1,O=C1C=CC(=Nc2c(Cl)cc(O)cc2Cl)C=C1,sour,IUPAC Dissocation Constants,"3,5-dichloro-4-(4-hydroxyphenyl)iminocyclohexa-2,5-dien-1-one"
Sc1cccc2ncccc12,Sc1cccc2ncccc12,sour,IUPAC Dissocation Constants,quinoline-5-thiol
CC(O)C(N)C(=O)O,CC(O)C(N)C(=O)O,sour,phytocompounds_db,2-amino-3-hydroxybutanoic acid
O=C(O)c1ccco1,O=C(O)c1ccco1,sour,IUPAC Dissocation Constants,furan-2-carboxylic acid
CCN(CC(=O)O)C(C(=O)O)c1ccc(C)cc1,CCN(CC(=O)O)C(C(=O)O)c1ccc(C)cc1,sour,IUPAC Dissocation Constants,2-[carboxymethyl(ethyl)amino]-2-(4-methylphenyl)acetic acid
O=[N+]([O-])C(CN(C1CCCCC1)[N+](=O)[O-])[N+](=O)[O-],O=[N+]([O-])C(CN(C1CCCCC1)[N+](=O)[O-])[N+](=O)[O-],sour,IUPAC Dissocation Constants,"N-cyclohexyl-N-(2,2-dinitroethyl)nitramide"
COC(=O)CC(C)(C(=O)O)c1ccccc1,COC(=O)CC(C)(C(=O)O)c1ccccc1,sour,IUPAC Dissocation Constants,4-methoxy-2-methyl-4-oxo-2-phenylbutanoic acid
COC(=O)C(C(C(=O)O)C(C)(C)C)C(C)(C)C,COC(=O)C(C(C(=O)O)C(C)(C)C)C(C)(C)C,sour,IUPAC Dissocation Constants,"2-tert-butyl-3-methoxycarbonyl-4,4-dimethylpentanoic acid"
CC(C)=CCC1=C(O)C(CC=C(C)C)(CC=C(C)C)C(=O)C2=C1OC(c1ccc(O)cc1)CC2=O,CC(C)=CCC1=C(O)C(CC=C(C)C)(CC=C(C)C)C(=O)C2=C1OC(c1ccc(O)cc1)CC2=O,bitter,chemtastes_db,"7-hydroxy-2-(4-hydroxyphenyl)-6,6,8-tris(3-methylbut-2-enyl)-2,3-dihydrochromene-4,5-dione"
O=C(O)c1ccnn1-c1ccccc1,O=C(O)c1ccnn1-c1ccccc1,sour,IUPAC Dissocation Constants,2-phenylpyrazole-3-carboxylic acid
O=c1c(O)c(-c2ccc(O)c(O)c2)oc2cc(O)c(O)c(O)c12,O=c1c(O)c(-c2ccc(O)c(O)c2)oc2cc(O)c(O)c(O)c12,bitter,chemtastes_db,"2-(3,4-dihydroxyphenyl)-3,5,6,7-tetrahydroxychromen-4-one"
NC(CO)C(=O)O,NC(CO)C(=O)O,sour,phytocompounds_db,2-amino-3-hydroxypropanoic acid
COC1C(O)C(OC2CCC3(C)C(CCC4C3CCC3(C)C(C5=CC(=O)OC5)C(O)CC43O)C2)OC(C)C1OC1OC(CO)C(O)C(O)C1O,COC1C(O)C(OC2CCC3(C)C(CCC4C3CCC3(C)C(C5=CC(=O)OC5)C(O)CC43O)C2)OC(C)C1OC1OC(CO)C(O)C(O)C1O,bitter,phytocompounds_db,"3-[14,16-dihydroxy-3-[3-hydroxy-4-methoxy-6-methyl-5-[3,4,5-trihydroxy-6-(hydroxymethyl)oxan-2-yl]oxyoxan-2-yl]oxy-10,13-dimethyl-1,2,3,4,5,6,7,8,9,11,12,15,16,17-tetradecahydrocyclopenta[a]phenanthren-17-yl]-2H-furan-5-one"
CNc1nc(=O)n(C)cc1C,CNc1nc(=O)n(C)cc1C,sour,IUPAC Dissocation Constants,"1,5-dimethyl-4-(methylamino)pyrimidin-2-one"
CCC(CC)(CC(=O)O)CC(=O)O,CCC(CC)(CC(=O)O)CC(=O)O,sour,IUPAC Dissocation Constants,"3,3-diethylpentanedioic acid"
Cc1ccc(C2CC2C(=O)O)cc1,Cc1ccc(C2CC2C(=O)O)cc1,sour,IUPAC Dissocation Constants,2-(4-methylphenyl)cyclopropane-1-carboxylic acid
O=C(O)C(O)C(C(=O)O)(c1ccccc1)c1ccccc1,O=C(O)C(O)C(C(=O)O)(c1ccccc1)c1ccccc1,sour,IUPAC Dissocation Constants,"3-hydroxy-2,2-diphenylbutanedioic acid"
CC(C(=O)O)C1CCC(C23CCC(=O)C(C)(C)C2C(=O)OC3)C(C(=O)O)C1,CC(C(=O)O)C1CCC(C23CCC(=O)C(C)(C)C2C(=O)OC3)C(C(=O)O)C1,bitter,chemtastes_db,"5-(1-carboxyethyl)-2-(7,7-dimethyl-1,6-dioxo-3,4,5,7a-tetrahydro-2-benzofuran-3a-yl)cyclohexane-1-carboxylic acid"
CC(C)C(=O)c1c(O)cc(O)cc1OC1OC(CO)C(O)C(O)C1O,CC(C)C(=O)c1c(O)cc(O)cc1OC1OC(CO)C(O)C(O)C1O,bitter,chemtastes_db,"1-[2,4-dihydroxy-6-[3,4,5-trihydroxy-6-(hydroxymethyl)oxan-2-yl]oxyphenyl]-2-methylpropan-1-one"
O=C1CC(O)Cc2ccc(O)c(c2)-c2cc(ccc2O)CC(O)C1O,O=C1CC(O)Cc2ccc(O)c(c2)-c2cc(ccc2O)CC(O)C1O,bitter,phytocompounds_db,"3,8,9,12,17-pentahydroxytricyclo[12.3.1.12,6]nonadeca-1(17),2,4,6(19),14(18),15-hexaen-10-one"
O=C(O)c1cccc(O)c1O,O=C(O)c1cccc(O)c1O,sour,IUPAC Dissocation Constants,"2,3-dihydroxybenzoic acid"
CC(=O)OC(C)(C)C=CC(=O)C(C)(O)C1C(O)CC2(C)C3CC=C4C(C=C(OC5OC(CO)C(O)C(O)C5O)C(=O)C4(C)C)C3(C)C(=O)CC12C,CC(=O)OC(C)(C)C=CC(=O)C(C)(O)C1C(O)CC2(C)C3CC=C4C(C=C(OC5OC(CO)C(O)C(O)C5O)C(=O)C4(C)C)C3(C)C(=O)CC12C,bitter,phytocompounds_db,"[6-hydroxy-6-[16-hydroxy-4,4,9,13,14-pentamethyl-3,11-dioxo-2-[3,4,5-trihydroxy-6-(hydroxymethyl)oxan-2-yl]oxy-8,10,12,15,16,17-hexahydro-7H-cyclopenta[a]phenanthren-17-yl]-2-methyl-5-oxohept-3-en-2-yl] acetate"
O=c1cc(-c2ccccc2O)oc2cc(O)cc(O)c12,O=c1cc(-c2ccccc2O)oc2cc(O)cc(O)c12,bitter,chemtastes_db,"5,7-dihydroxy-2-(2-hydroxyphenyl)chromen-4-one"
O=[N+]([O-])c1ccc2ccccc2c1O,O=[N+]([O-])c1ccc2ccccc2c1O,sour,IUPAC Dissocation Constants,2-nitronaphthalen-1-ol
CC1(C)OC(=O)CC(O)C2(C)C1CC(=O)C1(C)C2CCC2(C)C(c3ccoc3)OC(=O)C3OC321,CC1(C)OC(=O)CC(O)C2(C)C1CC(=O)C1(C)C2CCC2(C)C(c3ccoc3)OC(=O)C3OC321,bitter,tas2r_agonists,"7-(furan-3-yl)-13-hydroxy-1,8,12,17,17-pentamethyl-3,6,16-trioxapentacyclo[9.9.0.02,4.02,8.012,18]icosane-5,15,20-trione"
CC1CCC2(C(=O)O)CCC3(C)C(=CCC4C5(C)CCC(OC6OCC(O)C(O)C6O)C(C)(CO)C5CCC43C)C2C1(C)O,CC1CCC2(C(=O)O)CCC3(C)C(=CCC4C5(C)CCC(OC6OCC(O)C(O)C6O)C(C)(CO)C5CCC43C)C2C1(C)O,bitter,phytocompounds_db,"1-hydroxy-9-(hydroxymethyl)-1,2,6a,6b,9,12a-hexamethyl-10-(3,4,5-trihydroxyoxan-2-yl)oxy-2,3,4,5,6,6a,7,8,8a,10,11,12,13,14b-tetradecahydropicene-4a-carboxylic acid"
CC12CC(=O)c3occc3C1CCC13CC(CC(O)C21)C(O)(COC1OC(CO)C(O)C(O)C1O)C3O,CC12CC(=O)c3occc3C1CCC13CC(CC(O)C21)C(O)(COC1OC(CO)C(O)C(O)C1O)C3O,bitter,phytocompounds_db,"14,17,18-trihydroxy-12-methyl-17-[[3,4,5-trihydroxy-6-(hydroxymethyl)oxan-2-yl]oxymethyl]-8-oxapentacyclo[14.2.1.01,13.04,12.05,9]nonadeca-5(9),6-dien-10-one"
O=C(O)c1ccc(Br)[se]1,O=C(O)c1ccc(Br)[se]1,sour,IUPAC Dissocation Constants,5-bromoselenophene-2-carboxylic acid
CCCCCSCC(=O)O,CCCCCSCC(=O)O,sour,IUPAC Dissocation Constants,2-pentylsulfanylacetic acid
O=C(CCc1ccc(O)cc1)c1c(O)cc(O)cc1OC1OC(CO)C(O)C(O)C1O,O=C(CCc1ccc(O)cc1)c1c(O)cc(O)cc1OC1OC(CO)C(O)C(O)C1O,bitter,flavor_db,"1-[2,4-dihydroxy-6-[3,4,5-trihydroxy-6-(hydroxymethyl)oxan-2-yl]oxyphenyl]-3-(4-hydroxyphenyl)propan-1-one"
O=S(=O)(O)C(O)c1ccncc1,O=S(=O)(O)C(O)c1ccncc1,sour,IUPAC Dissocation Constants,hydroxy(pyridin-4-yl)methanesulfonic acid
COC1CC(O)C(O)C(C)O1,COC1CC(O)C(O)C(C)O1,bitter,chemtastes_db,"6-methoxy-2-methyloxane-3,4-diol"
CC(CC(=O)O)(Cc1ccccc1)C(=O)O,CC(CC(=O)O)(Cc1ccccc1)C(=O)O,sour,IUPAC Dissocation Constants,2-benzyl-2-methylbutanedioic acid
CCCCCC(O)C=CC(=O)O,CCCCCC(O)C=CC(=O)O,bitter,phytocompounds_db,4-hydroxynon-2-enoic acid
Nc1ccc(Br)cc1C(=O)O,Nc1ccc(Br)cc1C(=O)O,sour,IUPAC Dissocation Constants,2-amino-5-bromobenzoic acid
COc1nc2c(nc1C(=O)O)c(=O)n(C)c(=O)n2C,COc1nc2c(nc1C(=O)O)c(=O)n(C)c(=O)n2C,sour,IUPAC Dissocation Constants,"7-methoxy-1,3-dimethyl-2,4-dioxopteridine-6-carboxylic acid"
O=c1c(OC2OC(CO)C(O)C2O)c(-c2ccc(O)c(O)c2)oc2cc(O)cc(O)c12,O=c1c(OC2OC(CO)C(O)C2O)c(-c2ccc(O)c(O)c2)oc2cc(O)cc(O)c12,bitter,phytocompounds_db,"3-[3,4-dihydroxy-5-(hydroxymethyl)oxolan-2-yl]oxy-2-(3,4-dihydroxyphenyl)-5,7-dihydroxychromen-4-one"
CC1=C2C(=O)C=C(CO)C2C2OC(=O)C(C)C2CC1,CC1=C2C(=O)C=C(CO)C2C2OC(=O)C(C)C2CC1,bitter,phytocompounds_db,"9-(hydroxymethyl)-3,6-dimethyl-3,3a,4,5,9a,9b-hexahydroazuleno[4,5-b]furan-2,7-dione"
COC(=O)c1ccccc1N,COC(=O)c1ccccc1N,bitter,chemtastes_db,methyl 2-aminobenzoate
COc1ccc(CC2COC(=O)C2Cc2ccc(OC3OC(CO)C(O)C(O)C3O)c(OC)c2)cc1OC,COc1ccc(CC2COC(=O)C2Cc2ccc(OC3OC(CO)C(O)C(O)C3O)c(OC)c2)cc1OC,bitter,phytocompounds_db,"4-[(3,4-dimethoxyphenyl)methyl]-3-[[3-methoxy-4-[3,4,5-trihydroxy-6-(hydroxymethyl)oxan-2-yl]oxyphenyl]methyl]oxolan-2-one"
O=C(O)CP(=O)(c1ccccc1)c1ccccc1,O=C(O)CP(=O)(c1ccccc1)c1ccccc1,sour,IUPAC Dissocation Constants,2-diphenylphosphorylacetic acid
O=C(O)C[Se]c1ccc([N+](=O)[O-])cc1,O=C(O)C[Se]c1ccc([N+](=O)[O-])cc1,sour,IUPAC Dissocation Constants,2-(4-nitrophenyl)selanylacetic acid
CC(C)C1NC(=O)C(C(C)C)NC1=O,CC(C)C1NC(=O)C(C(C)C)NC1=O,bitter,chemtastes_db,"3,6-di(propan-2-yl)piperazine-2,5-dione"
Cn1c(=O)c(=O)[nH]c2c(=O)[nH]c(=O)[nH]c21,Cn1c(=O)c(=O)[nH]c2c(=O)[nH]c(=O)[nH]c21,sour,IUPAC Dissocation Constants,"8-methyl-1,5-dihydropteridine-2,4,6,7-tetrone"
CC1C(=O)OC2C(O)C34C5CC(C(C)(C)C)C36C(OC(=O)C6O)OC4(C(=O)O5)C12O,CC1C(=O)OC2C(O)C34C5CC(C(C)(C)C)C36C(OC(=O)C6O)OC4(C(=O)O5)C12O,bitter,chemtastes_db,"8-tert-butyl-6,12,17-trihydroxy-16-methyl-2,4,14,19-tetraoxahexacyclo[8.7.2.01,11.03,7.07,11.013,17]nonadecane-5,15,18-trione"
Cn1c(=O)c2ncc(O)nc2n(C)c1=O,Cn1c(=O)c2ncc(O)nc2n(C)c1=O,sour,IUPAC Dissocation Constants,"1,3-dimethyl-8H-pteridine-2,4,7-trione"
O=C(O)CCN(CC(=O)O)CC(=O)O,O=C(O)CCN(CC(=O)O)CC(=O)O,sour,IUPAC Dissocation Constants,3-[bis(carboxymethyl)amino]propanoic acid
CC1=CCC(C(C)(C)OC(=O)c2ccccc2N)CC1,CC1=CCC(C(C)(C)OC(=O)c2ccccc2N)CC1,bitter,chemtastes_db,2-(4-methylcyclohex-3-en-1-yl)propan-2-yl 2-aminobenzoate
NNC(=O)C(c1ccccc1)c1ccccc1,NNC(=O)C(c1ccccc1)c1ccccc1,sour,IUPAC Dissocation Constants,"2,2-diphenylacetohydrazide"
CC(=O)C(=O)O,CC(=O)C(=O)O,sour,flavor_db,2-oxopropanoic acid
CN(C)CC(O)CC(=O)O,CN(C)CC(O)CC(=O)O,sour,IUPAC Dissocation Constants,4-(dimethylamino)-3-hydroxybutanoic acid
CC1=C(c2c(C)cc(O)cc2O)C(=O)C=C(O)C1=O,CC1=C(c2c(C)cc(O)cc2O)C(=O)C=C(O)C1=O,sour,IUPAC Dissocation Constants,"4-(2,4-dihydroxy-6-methylphenyl)-5-hydroxy-3-methylcyclohexa-3,5-diene-1,2-dione"
CC(C)=CCC1C(=O)C(C(=O)CC(C)C)=C(O)C(O)(CC=C(C)C)C1=O,CC(C)=CCC1C(=O)C(C(=O)CC(C)C)=C(O)C(O)(CC=C(C)C)C1=O,bitter,flavor_db,"5,6-dihydroxy-4-(3-methylbutanoyl)-2,6-bis(3-methylbut-2-enyl)cyclohex-4-ene-1,3-dione"
COc1cc2ccc(=O)oc2cc1O,COc1cc2ccc(=O)oc2cc1O,bitter,phytocompounds_db,7-hydroxy-6-methoxychromen-2-one
c1ccc2ncncc2c1,c1ccc2ncncc2c1,bitter,chemtastes_db,quinazoline
CC1=CC(=O)C=C(O)C1=O,CC1=CC(=O)C=C(O)C1=O,sour,IUPAC Dissocation Constants,"2-hydroxy-6-methylcyclohexa-2,5-diene-1,4-dione"
O=C(O)c1cccc2cccnc12,O=C(O)c1cccc2cccnc12,sour,IUPAC Dissocation Constants,quinoline-8-carboxylic acid
O=C(O)c1cc(O)cc(O)c1,O=C(O)c1cc(O)cc(O)c1,sour,IUPAC Dissocation Constants,"3,5-dihydroxybenzoic acid"
CC1=C2C(=O)C=C(CO)C2C2OC(=O)C(C)C2C(OC(=O)Cc2ccc(O)cc2)C1,CC1=C2C(=O)C=C(CO)C2C2OC(=O)C(C)C2C(OC(=O)Cc2ccc(O)cc2)C1,bitter,tas2r_agonists,"[9-(hydroxymethyl)-3,6-dimethyl-2,7-dioxo-3,3a,4,5,9a,9b-hexahydroazuleno[4,5-b]furan-4-yl] 2-(4-hydroxyphenyl)acetate"
O=[N+]([O-])c1cc(O)c(O)c([N+](=O)[O-])c1,O=[N+]([O-])c1cc(O)c(O)c([N+](=O)[O-])c1,sour,IUPAC Dissocation Constants,"3,5-dinitrobenzene-1,2-diol"
CC(CN(C)C)C(C)(O)Cc1ccc(Cl)cc1,CC(CN(C)C)C(C)(O)Cc1ccc(Cl)cc1,bitter,flavor_db,"1-(4-chlorophenyl)-4-(dimethylamino)-2,3-dimethylbutan-2-ol"
CCOC(=O)C(C)(C)C(=O)O,CCOC(=O)C(C)(C)C(=O)O,sour,IUPAC Dissocation Constants,"3-ethoxy-2,2-dimethyl-3-oxopropanoic acid"
CC(C)(O)C=CC(=O)C(C)(O)C1C(O)CC2(C)C3CC=C4C(C=C(OC5OC(CO)C(O)C(O)C5O)C(=O)C4(C)C)C3(C)C(=O)CC12C,CC(C)(O)C=CC(=O)C(C)(O)C1C(O)CC2(C)C3CC=C4C(C=C(OC5OC(CO)C(O)C(O)C5O)C(=O)C4(C)C)C3(C)C(=O)CC12C,bitter,phytocompounds_db,"17-(2,6-dihydroxy-6-methyl-3-oxohept-4-en-2-yl)-16-hydroxy-4,4,9,13,14-pentamethyl-2-[3,4,5-trihydroxy-6-(hydroxymethyl)oxan-2-yl]oxy-8,10,12,15,16,17-hexahydro-7H-cyclopenta[a]phenanthrene-3,11-dione"
CN1C2CC(OC(=O)C(CO)c3ccccc3)CC1C(O)C2,CN1C2CC(OC(=O)C(CO)c3ccccc3)CC1C(O)C2,bitter,phytocompounds_db,(6-hydroxy-8-methyl-8-azabicyclo[3.2.1]octan-3-yl) 3-hydroxy-2-phenylpropanoate
O=C(O)Cc1cccc(F)c1,O=C(O)Cc1cccc(F)c1,sour,IUPAC Dissocation Constants,2-(3-fluorophenyl)acetic acid
O=C(O)CCCCCCCC(=O)OCC(O)CO,O=C(O)CCCCCCCC(=O)OCC(O)CO,bitter,phytocompounds_db,"9-(2,3-dihydroxypropoxy)-9-oxononanoic acid"
CC(=O)OC1C2C(Cc3occc3C2(C)O)C2(C)C(=O)CCC(C)(C)C2(O)C1OC(C)=O,CC(=O)OC1C2C(Cc3occc3C2(C)O)C2(C)C(=O)CCC(C)(C)C2(O)C1OC(C)=O,bitter,phytocompounds_db,"(5-acetyloxy-4a,7-dihydroxy-4,4,7,11b-tetramethyl-1-oxo-3,5,6,6a,11,11a-hexahydro-2H-naphtho[2,1-f][1]benzofuran-6-yl) acetate"
S=C=NCCc1ccccc1,S=C=NCCc1ccccc1,bitter,chemtastes_db,2-isothiocyanatoethylbenzene
CN1CCC23c4c5ccc(OCCN6CCOCC6)c4OC2C(O)C=CC3C1C5,CN1CCC23c4c5ccc(OCCN6CCOCC6)c4OC2C(O)C=CC3C1C5,bitter,chemtastes_db,"3-methyl-9-(2-morpholin-4-ylethoxy)-2,4,4a,7,7a,13-hexahydro-1H-4,12-methanobenzofuro[3,2-e]isoquinolin-7-ol"
CC(=O)OC(C)(C)CCC(=O)C(C)(O)C1C(O)CC2(C)C3CCc4c(cc(OC5OC(CO)C(O)C(O)C5O)c(O)c4C)C3(C)C(=O)CC12C,CC(=O)OC(C)(C)CCC(=O)C(C)(O)C1C(O)CC2(C)C3CCc4c(cc(OC5OC(CO)C(O)C(O)C5O)c(O)c4C)C3(C)C(=O)CC12C,bitter,phytocompounds_db,"[6-[3,16-dihydroxy-4,9,13,14-tetramethyl-11-oxo-2-[3,4,5-trihydroxy-6-(hydroxymethyl)oxan-2-yl]oxy-7,8,12,15,16,17-hexahydro-6H-cyclopenta[a]phenanthren-17-yl]-6-hydroxy-2-methyl-5-oxoheptan-2-yl] acetate"
CC(C)C1=CC2=CC[C@@H]3[C@](C)(CCC[C@@]3(C)C(=O)O)[C@H]2CC1,CC(C)C1=CC2=CC[C@@H]3[C@](C)(CCC[C@@]3(C)C(=O)O)[C@H]2CC1,sour,IUPAC Dissocation Constants,"(1R,4aR,4bR,10aR)-1,4a-dimethyl-7-propan-2-yl-2,3,4,4b,5,6,10,10a-octahydrophenanthrene-1-carboxylic acid"
CCC1(C2=CCCCCC2)C(=O)NC(=O)NC1=O,CCC1(C2=CCCCCC2)C(=O)NC(=O)NC1=O,bitter,chemtastes_db,"5-(cyclohepten-1-yl)-5-ethyl-1,3-diazinane-2,4,6-trione"
COc1cc2c(c(OC)c1OC)-c1ccc(OC)c(=O)cc1C(NC(C)=O)CC2,COc1cc2c(c(OC)c1OC)-c1ccc(OC)c(=O)cc1C(NC(C)=O)CC2,bitter,chemtastes_db,"N-(1,2,3,10-tetramethoxy-9-oxo-6,7-dihydro-5H-benzo[a]heptalen-7-yl)acetamide"
O=C(O)CCC(CCC(=O)O)([N+](=O)[O-])[N+](=O)[O-],O=C(O)CCC(CCC(=O)O)([N+](=O)[O-])[N+](=O)[O-],sour,IUPAC Dissocation Constants,"4,4-dinitroheptanedioic acid"
CCCCCCCCCCCC(=O)OCC(O)C1OCC(OCCO)C1OCCO,CCCCCCCCCCCC(=O)OCC(O)C1OCC(OCCO)C1OCCO,bitter,flavor_db,"[2-[3,4-bis(2-hydroxyethoxy)oxolan-2-yl]-2-hydroxyethyl] dodecanoate"
CC=C(C)C(=O)OC1CC2C(CC=C3CC(O)CCC32C)C2(O)CCC(C(C)=O)C12C,CC=C(C)C(=O)OC1CC2C(CC=C3CC(O)CCC32C)C2(O)CCC(C(C)=O)C12C,bitter,chemtastes_db,"(17-acetyl-3,14-dihydroxy-10,13-dimethyl-1,2,3,4,7,8,9,11,12,15,16,17-dodecahydrocyclopenta[a]phenanthren-12-yl) 2-methylbut-2-enoate"
O=C(CCCN1CCC(O)(c2ccc(Cl)cc2)CC1)c1ccc(F)cc1,O=C(CCCN1CCC(O)(c2ccc(Cl)cc2)CC1)c1ccc(F)cc1,bitter,chemtastes_db,4-[4-(4-chlorophenyl)-4-hydroxypiperidin-1-yl]-1-(4-fluorophenyl)butan-1-one
Cc1cccc(C(=O)O)n1,Cc1cccc(C(=O)O)n1,sour,IUPAC Dissocation Constants,6-methylpyridine-2-carboxylic acid
COC1CCC(CCC2CCCCC2)CC1O,COC1CCC(CCC2CCCCC2)CC1O,bitter,chemtastes_db,5-(2-cyclohexylethyl)-2-methoxycyclohexan-1-ol
Cn1cnc2ncc(=O)[nH]c2c1=O,Cn1cnc2ncc(=O)[nH]c2c1=O,sour,IUPAC Dissocation Constants,"3-methyl-5H-pteridine-4,6-dione"
COc1ccc(C(O)C(=O)O)cc1,COc1ccc(C(O)C(=O)O)cc1,sour,IUPAC Dissocation Constants,2-hydroxy-2-(4-methoxyphenyl)acetic acid
CNC1C(OC2C(OC3C(O)C(O)C(N=C(N)N)C(O)C3N=C(N)N)OC(C)C2(O)C=O)OC(CO)C(O)C1O,CNC1C(OC2C(OC3C(O)C(O)C(N=C(N)N)C(O)C3N=C(N)N)OC(C)C2(O)C=O)OC(CO)C(O)C1O,bitter,chemtastes_db,"2-[3-(diaminomethylideneamino)-4-[3-[4,5-dihydroxy-6-(hydroxymethyl)-3-(methylamino)oxan-2-yl]oxy-4-formyl-4-hydroxy-5-methyloxolan-2-yl]oxy-2,5,6-trihydroxycyclohexyl]guanidine"
CC(C)=CCC(=O)C1(O)C(O)=C(C(=O)C(C)C)C(=O)C1CC=C(C)C,CC(C)=CCC(=O)C1(O)C(O)=C(C(=O)C(C)C)C(=O)C1CC=C(C)C,bitter,chemtastes_db,"3,4-dihydroxy-5-(3-methylbut-2-enyl)-4-(4-methylpent-3-enoyl)-2-(2-methylpropanoyl)cyclopent-2-en-1-one"
O=c1ccc2ccc3occc3c2o1,O=c1ccc2ccc3occc3c2o1,bitter,phytocompounds_db,"furo[2,3-h]chromen-2-one"
O=C(C=Cc1ccccc1)c1ccccc1,O=C(C=Cc1ccccc1)c1ccccc1,bitter,chemtastes_db,"1,3-diphenylprop-2-en-1-one"
O=C(O)c1ccc(Cl)c(Cl)c1,O=C(O)c1ccc(Cl)c(Cl)c1,sour,IUPAC Dissocation Constants,"3,4-dichlorobenzoic acid"
Cc1ccc(N(CC2=NCCN2)c2cccc(O)c2)cc1,Cc1ccc(N(CC2=NCCN2)c2cccc(O)c2)cc1,bitter,chemtastes_db,"3-[N-(4,5-dihydro-1H-imidazol-2-ylmethyl)-4-methylanilino]phenol"
O=C(O)c1cccc(CO)n1,O=C(O)c1cccc(CO)n1,sour,IUPAC Dissocation Constants,6-(hydroxymethyl)pyridine-2-carboxylic acid
O=C(O)CC(NCc1ccccc1)C(=O)O,O=C(O)CC(NCc1ccccc1)C(=O)O,sour,IUPAC Dissocation Constants,2-(benzylamino)butanedioic acid
CCC1CN2CCc3cc(OC)c(OC)cc3C2CC1CC1NCCc2cc(OC)c(OC)cc21,CCC1CN2CCc3cc(OC)c(OC)cc3C2CC1CC1NCCc2cc(OC)c(OC)cc21,bitter,chemtastes_db,"2-[(6,7-dimethoxy-1,2,3,4-tetrahydroisoquinolin-1-yl)methyl]-3-ethyl-9,10-dimethoxy-2,3,4,6,7,11b-hexahydro-1H-benzo[a]quinolizine"
CC(=O)OC1CC2(O)C3CCC4CC(OC(=O)CCCCCCC(=O)NC(CCCN=C(N)N)C(=O)O)CCC4(C)C3CCC2(C)C1c1ccoc(=O)c1,CC(=O)OC1CC2(O)C3CCC4CC(OC(=O)CCCCCCC(=O)NC(CCCN=C(N)N)C(=O)O)CCC4(C)C3CCC2(C)C1c1ccoc(=O)c1,bitter,flavor_db,"2-[[8-[[16-acetyloxy-14-hydroxy-10,13-dimethyl-17-(2-oxopyran-4-yl)-1,2,3,4,5,6,7,8,9,11,12,15,16,17-tetradecahydrocyclopenta[a]phenanthren-3-yl]oxy]-8-oxooctanoyl]amino]-5-(diaminomethylideneamino)pentanoic acid"
CC1=CCC(C(C)C)C=C1,CC1=CCC(C(C)C)C=C1,bitter,phytocompounds_db,"2-methyl-5-propan-2-ylcyclohexa-1,3-diene"
O=C1C(=Cc2ccc(O)c(O)c2)Oc2cc(O)ccc21,O=C1C(=Cc2ccc(O)c(O)c2)Oc2cc(O)ccc21,bitter,chemtastes_db,"2-[(3,4-dihydroxyphenyl)methylidene]-6-hydroxy-1-benzofuran-3-one"
Cc1cccc(S(=O)CC(=O)O)c1,Cc1cccc([S+]([O-])CC(=O)O)c1,sour,IUPAC Dissocation Constants,2-(3-methylphenyl)sulfinylacetic acid
C[Si](C)(C)c1ccc(C(=O)O)cc1,C[Si](C)(C)c1ccc(C(=O)O)cc1,sour,IUPAC Dissocation Constants,4-trimethylsilylbenzoic acid
CC(C)(C)CC([N+](=O)[O-])[N+](=O)[O-],CC(C)(C)CC([N+](=O)[O-])[N+](=O)[O-],sour,IUPAC Dissocation Constants,"3,3-dimethyl-1,1-dinitrobutane"
NC(C(=O)O)c1cccc([N+](=O)[O-])c1,NC(C(=O)O)c1cccc([N+](=O)[O-])c1,sour,IUPAC Dissocation Constants,2-amino-2-(3-nitrophenyl)acetic acid
COC(=O)C1=CC(=O)CC2C1(C)CCC1C(=O)OC(c3ccoc3)CC12C,COC(=O)C1=CC(=O)CC2C1(C)CCC1C(=O)OC(c3ccoc3)CC12C,bitter,phytocompounds_db,"methyl 2-(furan-3-yl)-6a,10b-dimethyl-4,9-dioxo-2,4a,5,6,10,10a-hexahydro-1H-benzo[f]isochromene-7-carboxylate"
CCN(CC)C1=NS(=O)(=O)c2cc([N+](=O)[O-])ccc21,CCN(CC)C1=NS(=O)(=O)c2cc([N+](=O)[O-])ccc21,bitter,chemtastes_db,"N,N-diethyl-6-nitro-1,1-dioxo-1,2-benzothiazol-3-amine"
CC(Cc1ccc2c(c1)OCO2)NC(=O)C(N)CC(=O)O,CC(Cc1ccc2c(c1)OCO2)NC(=O)C(N)CC(=O)O,bitter,chemtastes_db,"3-amino-4-[1-(1,3-benzodioxol-5-yl)propan-2-ylamino]-4-oxobutanoic acid"
CCCCC1(CC)C(=O)NC(=O)NC1=O,CCCCC1(CC)C(=O)NC(=O)NC1=O,bitter,chemtastes_db,"5-butyl-5-ethyl-1,3-diazinane-2,4,6-trione"
C=C(C)c1ccc(C(=O)O)cc1,C=C(C)c1ccc(C(=O)O)cc1,sour,IUPAC Dissocation Constants,4-prop-1-en-2-ylbenzoic acid
CCC12CCCN(CCc3c([nH]c4ccccc34)CC1)C2,CCC12CCCN(CCc3c([nH]c4ccccc34)CC1)C2,bitter,chemtastes_db,"15-ethyl-1,11-diazatetracyclo[13.3.1.04,12.05,10]nonadeca-4(12),5,7,9-tetraene"
Cc1cc(C)cc(C(=O)O)c1,Cc1cc(C)cc(C(=O)O)c1,sour,IUPAC Dissocation Constants,"3,5-dimethylbenzoic acid"
Cc1nc(=S)s[nH]1,Cc1nc(=S)s[nH]1,sour,IUPAC Dissocation Constants,"3-methyl-2H-1,2,4-thiadiazole-5-thione"
OC(O)C(Cl)(Cl)Cl,OC(O)C(Cl)(Cl)Cl,bitter,chemtastes_db,"2,2,2-trichloroethane-1,1-diol"
C=C1C(C2(C)C=CC(=O)OC(C)(C)C2CC(=O)OC)CCC2(C)C(c3ccoc3)OC(=O)CC12O,C=C1C(C2(C)C=CC(=O)OC(C)(C)C2CC(=O)OC)CCC2(C)C(c3ccoc3)OC(=O)CC12O,bitter,phytocompounds_db,"methyl 2-[4-[1-(furan-3-yl)-4a-hydroxy-8a-methyl-5-methylidene-3-oxo-4,6,7,8-tetrahydro-1H-isochromen-6-yl]-2,2,4-trimethyl-7-oxo-3H-oxepin-3-yl]acetate"
O=C(O)[C@@H]1CCCCC[C@H]1C(=O)O,O=C(O)[C@@H]1CCCCC[C@H]1C(=O)O,sour,IUPAC Dissocation Constants,"(1R,2R)-cycloheptane-1,2-dicarboxylic acid"
COc1nc[nH]c(=O)n1,COc1nc[nH]c(=O)n1,sour,IUPAC Dissocation Constants,"6-methoxy-1H-1,3,5-triazin-2-one"
O=c1ccc(Cl)ccc1O,O=c1ccc(Cl)ccc1O,sour,IUPAC Dissocation Constants,"5-chloro-2-hydroxycyclohepta-2,4,6-trien-1-one"
CC(C)=CCC1C(=O)C(C(=O)CC(C)C)=C(O)C(CC=C(C)C)(CC=C(C)C)C1=O,CC(C)=CCC1C(=O)C(C(=O)CC(C)C)=C(O)C(CC=C(C)C)(CC=C(C)C)C1=O,bitter,flavor_db,"5-hydroxy-4-(3-methylbutanoyl)-2,6,6-tris(3-methylbut-2-enyl)cyclohex-4-ene-1,3-dione"
O=P(O)(O)OCc1ccccn1,O=P(O)(O)OCc1ccccn1,sour,IUPAC Dissocation Constants,pyridin-2-ylmethyl dihydrogen phosphate
CCOc1ccc(NC(=O)C(C)O)cc1,CCOc1ccc(NC(=O)C(C)O)cc1,bitter,chemtastes_db,N-(4-ethoxyphenyl)-2-hydroxypropanamide
O=c1[nH]c2ccccc2s1,O=c1[nH]c2ccccc2s1,sour,IUPAC Dissocation Constants,"3H-1,3-benzothiazol-2-one"
O=C(O)c1ccc(C(=O)O)cc1,O=C(O)c1ccc(C(=O)O)cc1,sour,IUPAC Dissocation Constants,terephthalic acid
C=CCC1(C(C)CC)C(=O)NC(=O)NC1=O,C=CCC1(C(C)CC)C(=O)NC(=O)NC1=O,bitter,chemtastes_db,"5-butan-2-yl-5-prop-2-enyl-1,3-diazinane-2,4,6-trione"
Cn1c(N)nc2nccnc2c1=O,Cn1c(N)nc2nccnc2c1=O,sour,IUPAC Dissocation Constants,2-amino-3-methylpteridin-4-one
On1ccccc1=S,On1ccccc1=S,sour,IUPAC Dissocation Constants,1-hydroxypyridine-2-thione
CCCCCCCCCO,CCCCCCCCCO,bitter,chemtastes_db,nonan-1-ol
Oc1cccc2cccc(O)c12,Oc1cccc2cccc(O)c12,sour,IUPAC Dissocation Constants,"naphthalene-1,8-diol"
CC(CC([N+](=O)[O-])[N+](=O)[O-])C(N)=O,CC(CC([N+](=O)[O-])[N+](=O)[O-])C(N)=O,sour,IUPAC Dissocation Constants,"2-methyl-4,4-dinitrobutanamide"
O=C(O)COc1ccc([N+](=O)[O-])cc1,O=C(O)COc1ccc([N+](=O)[O-])cc1,sour,IUPAC Dissocation Constants,2-(4-nitrophenoxy)acetic acid
C=C(C)CCCC(C)CCOC(C)=O,C=C(C)CCCC(C)CCOC(C)=O,bitter,chemtastes_db,"3,7-dimethyloct-7-enyl acetate"
CC(=O)OCC1(O)C(OC(C)=O)CC2C(CO)=COC(OC(=O)CC(C)C)C21,CC(=O)OCC1(O)C(OC(C)=O)CC2C(CO)=COC(OC(=O)CC(C)C)C21,bitter,phytocompounds_db,"[6-acetyloxy-7-(acetyloxymethyl)-7-hydroxy-4-(hydroxymethyl)-4a,5,6,7a-tetrahydro-1H-cyclopenta[c]pyran-1-yl] 3-methylbutanoate"
O=C(O)C1OC(O)C(O)C(O)C1O,O=C(O)C1OC(O)C(O)C(O)C1O,sour,phytocompounds_db,"3,4,5,6-tetrahydroxyoxane-2-carboxylic acid"
CC1OC(OC2C(OC3CCC4(C)C(CCC5(C)C4CC=C4C6CC(C)(C)CCC6(C(=O)O)CCC45C)C3(C)CO)OCC(O)C2O)C(O)C(O)C1O,CC1OC(OC2C(OC3CCC4(C)C(CCC5(C)C4CC=C4C6CC(C)(C)CCC6(C(=O)O)CCC45C)C3(C)CO)OCC(O)C2O)C(O)C(O)C1O,bitter,phytocompounds_db,"10-[4,5-dihydroxy-3-(3,4,5-trihydroxy-6-methyloxan-2-yl)oxyoxan-2-yl]oxy-9-(hydroxymethyl)-2,2,6a,6b,9,12a-hexamethyl-1,3,4,5,6,6a,7,8,8a,10,11,12,13,14b-tetradecahydropicene-4a-carboxylic acid"
CCC(CC(=O)O)(C(=O)O)c1ccc([N+](=O)[O-])cc1,CCC(CC(=O)O)(C(=O)O)c1ccc([N+](=O)[O-])cc1,sour,IUPAC Dissocation Constants,2-ethyl-2-(4-nitrophenyl)butanedioic acid
COC(=O)C(CC(C)C)NC(=O)C(N)CC(=O)O,COC(=O)C(CC(C)C)NC(=O)C(N)CC(=O)O,bitter,chemtastes_db,3-amino-4-[(1-methoxy-4-methyl-1-oxopentan-2-yl)amino]-4-oxobutanoic acid
CC(C)c1cccc(=O)c(O)c1,CC(C)c1cccc(=O)c(O)c1,sour,IUPAC Dissocation Constants,"2-hydroxy-6-propan-2-ylcyclohepta-2,4,6-trien-1-one"
C=C(C)C=CC(O)C(C)(O)C1C(O)CC2(C)C3CCc4c(cc(OC5OC(CO)C(O)C(O)C5O)c(O)c4C)C3(C)C(=O)CC12C,C=C(C)C=CC(O)C(C)(O)C1C(O)CC2(C)C3CCc4c(cc(OC5OC(CO)C(O)C(O)C5O)c(O)c4C)C3(C)C(=O)CC12C,bitter,phytocompounds_db,"17-(2,3-dihydroxy-6-methylhepta-4,6-dien-2-yl)-3,16-dihydroxy-4,9,13,14-tetramethyl-2-[3,4,5-trihydroxy-6-(hydroxymethyl)oxan-2-yl]oxy-7,8,12,15,16,17-hexahydro-6H-cyclopenta[a]phenanthren-11-one"
CCC(CC(=O)O)(C(=O)OC)c1ccc([N+](=O)[O-])cc1,CCC(CC(=O)O)(C(=O)OC)c1ccc([N+](=O)[O-])cc1,sour,IUPAC Dissocation Constants,3-methoxycarbonyl-3-(4-nitrophenyl)pentanoic acid
CCCC1CC(C(=O)NC(C(C)Cl)C2OC(SC)C(O)C(O)C2O)N(C)C1,CCCC1CC(C(=O)NC(C(C)Cl)C2OC(SC)C(O)C(O)C2O)N(C)C1,bitter,chemtastes_db,"N-[2-chloro-1-(3,4,5-trihydroxy-6-methylsulfanyloxan-2-yl)propyl]-1-methyl-4-propylpyrrolidine-2-carboxamide"
O=C(O)C(C(=O)O)c1ccccc1,O=C(O)C(C(=O)O)c1ccccc1,sour,IUPAC Dissocation Constants,2-phenylpropanedioic acid
Nc1nc(N)c2nc(C(=O)O)cnc2n1,Nc1nc(N)c2nc(C(=O)O)cnc2n1,sour,IUPAC Dissocation Constants,"2,4-diaminopteridine-6-carboxylic acid"
CC(=O)OCCCc1ccccc1,CC(=O)OCCCc1ccccc1,bitter,flavor_db,3-phenylpropyl acetate
COCC([N+](=O)[O-])[N+](=O)[O-],COCC([N+](=O)[O-])[N+](=O)[O-],sour,IUPAC Dissocation Constants,"2-methoxy-1,1-dinitroethane"
CCC(=O)OCC(COC(=O)CC)OC(=O)CC,CCC(=O)OCC(COC(=O)CC)OC(=O)CC,bitter,chemtastes_db,"2,3-di(propanoyloxy)propyl propanoate"
Cn1c(=O)[nH]c(=O)c2nc(C(=O)O)c(=O)[nH]c21,Cn1c(=O)[nH]c(=O)c2nc(C(=O)O)c(=O)[nH]c21,sour,IUPAC Dissocation Constants,"1-methyl-2,4,7-trioxo-8H-pteridine-6-carboxylic acid"
CCC([N+](=O)[O-])[N+](=O)[O-],CCC([N+](=O)[O-])[N+](=O)[O-],sour,IUPAC Dissocation Constants,"1,1-dinitropropane"
COc1ccc(-c2cc(=S)ss2)cc1,COc1ccc(-c2cc(=S)ss2)cc1,bitter,chemtastes_db,5-(4-methoxyphenyl)dithiole-3-thione
COc1ccc([N+](=O)[O-])c(O)c1,COc1ccc([N+](=O)[O-])c(O)c1,sour,IUPAC Dissocation Constants,5-methoxy-2-nitrophenol
COc1ccc(C(=O)O)c(N)c1,COc1ccc(C(=O)O)c(N)c1,sour,IUPAC Dissocation Constants,2-amino-4-methoxybenzoic acid
CC(C)=CCCC(C)CCO,CC(C)=CCCC(C)CCO,bitter,chemtastes_db,"3,7-dimethyloct-6-en-1-ol"
O=c1[nH]nc(Br)c(=O)[nH]1,O=c1[nH]nc(Br)c(=O)[nH]1,sour,IUPAC Dissocation Constants,"6-bromo-2H-1,2,4-triazine-3,5-dione"
O=C(O)C[C@H](NO)C(=O)O,O=C(O)C[C@H](NO)C(=O)O,sour,IUPAC Dissocation Constants,(2S)-2-(hydroxyamino)butanedioic acid
O=C1CSC(=S)N1,O=C1CSC(=S)N1,sour,IUPAC Dissocation Constants,"2-sulfanylidene-1,3-thiazolidin-4-one"
CC(=S)Nc1ccccc1,CC(=S)Nc1ccccc1,bitter,chemtastes_db,N-phenylethanethioamide
NCc1ccc(CC(=O)O)cc1,NCc1ccc(CC(=O)O)cc1,sour,IUPAC Dissocation Constants,2-[4-(aminomethyl)phenyl]acetic acid
Nc1ncc2nn[nH]c2n1,Nc1ncc2nn[nH]c2n1,sour,IUPAC Dissocation Constants,"2H-triazolo[4,5-d]pyrimidin-5-amine"
NC(=S)Nc1cccc2ccccc12,NC(=S)Nc1cccc2ccccc12,bitter,chemtastes_db,naphthalen-1-ylthiourea
O=C(O)CCN(CCC(=O)O)[N+](=O)[O-],O=C(O)CCN(CCC(=O)O)[N+](=O)[O-],sour,IUPAC Dissocation Constants,3-[2-carboxyethyl(nitro)amino]propanoic acid
CC(C)CC(NC(=O)C(C)N)C(=O)O,CC(C)CC(NC(=O)C(C)N)C(=O)O,bitter,chemtastes_db,2-(2-aminopropanoylamino)-4-methylpentanoic acid
CC12CC(c3ccoc3)OC(=O)C1CC1OC(=O)C3(O)C(OC4OC(CO)C(O)C(O)C4O)CCC2C13C,CC12CC(c3ccoc3)OC(=O)C1CC1OC(=O)C3(O)C(OC4OC(CO)C(O)C(O)C4O)CCC2C13C,bitter,phytocompounds_db,"4-(furan-3-yl)-12-hydroxy-2,16-dimethyl-13-[3,4,5-trihydroxy-6-(hydroxymethyl)oxan-2-yl]oxy-5,10-dioxatetracyclo[7.6.1.02,7.012,16]hexadecane-6,11-dione"
COc1cc(C=CC(=O)NCCc2c[nH]c3ccc(O)cc23)ccc1O,COc1cc(C=CC(=O)NCCc2c[nH]c3ccc(O)cc23)ccc1O,bitter,phytocompounds_db,N-[2-(5-hydroxy-1H-indol-3-yl)ethyl]-3-(4-hydroxy-3-methoxyphenyl)prop-2-enamide
CCOc1ccc(NC(N)=S)cc1,CCOc1ccc(NC(N)=S)cc1,bitter,chemtastes_db,(4-ethoxyphenyl)thiourea
O=C1NS(=O)(=O)c2ccccc21,O=C1NS(=O)(=O)c2ccccc21,bitter,flavor_db,"1,1-dioxo-1,2-benzothiazol-3-one"
O=C(O)[C@@H]1C[C@H]1c1cccc([N+](=O)[O-])c1,O=C(O)[C@@H]1C[C@H]1c1cccc([N+](=O)[O-])c1,sour,IUPAC Dissocation Constants,"(1R,2R)-2-(3-nitrophenyl)cyclopropane-1-carboxylic acid"
CC(C(=O)O)C1CCC(C23CCC(O)C(C)(C)C2C(=O)OC3)C(C(=O)O)C1,CC(C(=O)O)C1CCC(C23CCC(O)C(C)(C)C2C(=O)OC3)C(C(=O)O)C1,bitter,chemtastes_db,"5-(1-carboxyethyl)-2-(6-hydroxy-7,7-dimethyl-1-oxo-4,5,6,7a-tetrahydro-3H-2-benzofuran-3a-yl)cyclohexane-1-carboxylic acid"
Cn1nc(O)ccc1=O,Cn1nc(O)ccc1=O,sour,IUPAC Dissocation Constants,"2-methyl-1H-pyridazine-3,6-dione"
CCC(C)C(=O)O,CCC(C)C(=O)O,sour,flavor_db,2-methylbutanoic acid
O=C(O)CCSCSCCC(=O)O,O=C(O)CCSCSCCC(=O)O,sour,IUPAC Dissocation Constants,3-(2-carboxyethylsulfanylmethylsulfanyl)propanoic acid
CCN1CC2(COC)C(O)CC(OC)C34C5CC6(O)C(OC)CC(O)(C5C6O)C(C(OC)C23)C14,CCN1CC2(COC)C(O)CC(OC)C34C5CC6(O)C(OC)CC(O)(C5C6O)C(C(OC)C23)C14,bitter,phytocompounds_db,"11-ethyl-6,16,18-trimethoxy-13-(methoxymethyl)-11-azahexacyclo[7.7.2.12,5.01,10.03,8.013,17]nonadecane-4,5,8,14-tetrol"
CC(OC(C)(C)C(=O)O)C(=O)O,CC(OC(C)(C)C(=O)O)C(=O)O,sour,IUPAC Dissocation Constants,2-(1-carboxyethoxy)-2-methylpropanoic acid
COC1=CC(C)C2CC3OC(=O)CC4C(C)(O)C(O)C(O)C(C2(C)C1=O)C34C,COC1=CC(C)C2CC3OC(=O)CC4C(C)(O)C(O)C(O)C(C2(C)C1=O)C34C,bitter,phytocompounds_db,"14,15,16-trihydroxy-4-methoxy-2,6,14,17-tetramethyl-10-oxatetracyclo[7.7.1.02,7.013,17]heptadec-4-ene-3,11-dione"
O=C(O)CC1CCCC1=O,O=C(O)CC1CCCC1=O,sour,IUPAC Dissocation Constants,2-(2-oxocyclopentyl)acetic acid
C=C1C(=O)C23C(O)CC4C(C)(C)CC(=O)CC4(C)C2CCC1C3O,C=C1C(=O)C23C(O)CC4C(C)(C)CC(=O)CC4(C)C2CCC1C3O,bitter,phytocompounds_db,"2,16-dihydroxy-5,5,9-trimethyl-14-methylidenetetracyclo[11.2.1.01,10.04,9]hexadecane-7,15-dione"
CC(C)(O)CCC(=O)C(C)(O)C1C(O)CC2(C)C3CC=C4C(CC(OC5OC(CO)C(O)C(O)C5O)C(O)C4(C)C)C3(C)C(=O)CC12C,CC(C)(O)CCC(=O)C(C)(O)C1C(O)CC2(C)C3CC=C4C(CC(OC5OC(CO)C(O)C(O)C5O)C(O)C4(C)C)C3(C)C(=O)CC12C,bitter,phytocompounds_db,"17-(2,6-dihydroxy-6-methyl-3-oxoheptan-2-yl)-3,16-dihydroxy-4,4,9,13,14-pentamethyl-2-[3,4,5-trihydroxy-6-(hydroxymethyl)oxan-2-yl]oxy-1,2,3,7,8,10,12,15,16,17-decahydrocyclopenta[a]phenanthren-11-one"
O=C1CCCc2c([N+](=O)[O-])cc([N+](=O)[O-])c(O)c21,O=C1CCCc2c([N+](=O)[O-])cc([N+](=O)[O-])c(O)c21,sour,IUPAC Dissocation Constants,"8-hydroxy-5,7-dinitro-3,4-dihydro-2H-naphthalen-1-one"
O=C(O)CCc1ccccc1Br,O=C(O)CCc1ccccc1Br,sour,IUPAC Dissocation Constants,3-(2-bromophenyl)propanoic acid
NCC(=O)NC(Cc1ccccc1)C(=O)O,NCC(=O)NC(Cc1ccccc1)C(=O)O,bitter,chemtastes_db,2-[(2-aminoacetyl)amino]-3-phenylpropanoic acid
CN(C)CCC=C1c2ccccc2COc2ccccc21,CN(C)CCC=C1c2ccccc2COc2ccccc21,bitter,chemtastes_db,"3-(6H-benzo[c][1]benzoxepin-11-ylidene)-N,N-dimethylpropan-1-amine"
CCOP(=O)(OCC)c1ccc(C(=O)O)cc1,CCOP(=O)(OCC)c1ccc(C(=O)O)cc1,sour,IUPAC Dissocation Constants,4-diethoxyphosphorylbenzoic acid
C=C(CO)C(=O)OC1CC(=C)C2CC(O)C(=C)C2C2OC(=O)C(=C)C12,C=C(CO)C(=O)OC1CC(=C)C2CC(O)C(=C)C2C2OC(=O)C(=C)C12,bitter,chemtastes_db,"(8-hydroxy-3,6,9-trimethylidene-2-oxo-3a,4,5,6a,7,8,9a,9b-octahydroazuleno[4,5-b]furan-4-yl) 2-(hydroxymethyl)prop-2-enoate"
O=C(O)c1csccc1=O,O=C(O)c1csccc1=O,sour,IUPAC Dissocation Constants,4-oxothiopyran-3-carboxylic acid
O=C(O)CS(=O)c1cccc(Cl)c1,O=C(O)C[S+]([O-])c1cccc(Cl)c1,sour,IUPAC Dissocation Constants,2-(3-chlorophenyl)sulfinylacetic acid
O=C(C=Cc1ccc(O)c(O)c1)OC1CC(O)(C(=O)O)CC(O)C1O,O=C(C=Cc1ccc(O)c(O)c1)OC1CC(O)(C(=O)O)CC(O)C1O,bitter,chemtastes_db,"3-[3-(3,4-dihydroxyphenyl)prop-2-enoyloxy]-1,4,5-trihydroxycyclohexane-1-carboxylic acid"
CC1=C2C(=CC1)C(C)(O)CCC1C(C)C(=O)OC21,CC1=C2C(=CC1)C(C)(O)CCC1C(C)C(=O)OC21,bitter,chemtastes_db,"6-hydroxy-3,6,9-trimethyl-3,3a,4,5,8,9b-hexahydroazuleno[4,5-b]furan-2-one"
S=C(S)N1CCOCC1,S=C(S)N1CCOCC1,sour,IUPAC Dissocation Constants,morpholine-4-carbodithioic acid
CC(=O)c1cnccn1,CC(=O)c1cnccn1,bitter,chemtastes_db,1-pyrazin-2-ylethanone
C=C(C)C1C2CC3(C)C4(CO4)C4OC4C3(O)C1C(=O)O2,C=C(C)C1C2CC3(C)C4(CO4)C4OC4C3(O)C1C(=O)O2,bitter,chemtastes_db,"2-hydroxy-7-methyl-12-prop-1-en-2-ylspiro[4,10-dioxatetracyclo[7.2.1.02,7.03,5]dodecane-6,2'-oxirane]-11-one"
CC(=O)CCCC(=O)O,CC(=O)CCCC(=O)O,sour,IUPAC Dissocation Constants,5-oxohexanoic acid
O=c1cc(-c2cc(O)c(O)c(O)c2)oc2cc(O)cc(O)c12,O=c1cc(-c2cc(O)c(O)c(O)c2)oc2cc(O)cc(O)c12,bitter,chemtastes_db,"5,7-dihydroxy-2-(3,4,5-trihydroxyphenyl)chromen-4-one"
CC(C)CC1NC(=O)C(C(C)C)NC1=O,CC(C)CC1NC(=O)C(C(C)C)NC1=O,bitter,chemtastes_db,"3-(2-methylpropyl)-6-propan-2-ylpiperazine-2,5-dione"
COc1cc(CN(C)C)c(O)c(CN(C)C)c1,COc1cc(CN(C)C)c(O)c(CN(C)C)c1,sour,IUPAC Dissocation Constants,"2,6-bis[(dimethylamino)methyl]-4-methoxyphenol"
CC(CCC1(O)OC2CC3C4CCC5CC(OC6OC(CO)C(O)C(O)C6OC6OC(CO)C(O)C(O)C6O)CCC5(C)C4CCC3(C)C2C1C)COC1OC(CO)C(O)C(O)C1O,CC(CCC1(O)OC2CC3C4CCC5CC(OC6OC(CO)C(O)C(O)C6OC6OC(CO)C(O)C(O)C6O)CCC5(C)C4CCC3(C)C2C1C)COC1OC(CO)C(O)C(O)C1O,bitter,chemtastes_db,"2-[4-[16-[4,5-dihydroxy-6-(hydroxymethyl)-3-[3,4,5-trihydroxy-6-(hydroxymethyl)oxan-2-yl]oxyoxan-2-yl]oxy-6-hydroxy-7,9,13-trimethyl-5-oxapentacyclo[10.8.0.02,9.04,8.013,18]icosan-6-yl]-2-methylbutoxy]-6-(hydroxymethyl)oxane-3,4,5-triol"
CC(=O)OC1CC(=O)OC(C)(C)C2CC(=O)C3(C)C(CCC4(C)C(c5ccoc5)OC(=O)C5OC543)C12C,CC(=O)OC1CC(=O)OC(C)(C)C2CC(=O)C3(C)C(CCC4(C)C(c5ccoc5)OC(=O)C5OC543)C12C,bitter,chemtastes_db,"[7-(furan-3-yl)-1,8,12,17,17-pentamethyl-5,15,20-trioxo-3,6,16-trioxapentacyclo[9.9.0.02,4.02,8.012,18]icosan-13-yl] acetate"
CC(O)(CO)C1CC=C(C=NO)CC1,CC(O)(CO)C1CC=C(C=NO)CC1,bitter,chemtastes_db,"2-[4-(hydroxyiminomethyl)cyclohex-3-en-1-yl]propane-1,2-diol"
COC1=CC(C)C2CC3OC(O)CC4C(C)C(O)C(O)C(C2(C)C1=O)C34C,COC1=CC(C)C2CC3OC(O)CC4C(C)C(O)C(O)C(C2(C)C1=O)C34C,bitter,phytocompounds_db,"11,15,16-trihydroxy-4-methoxy-2,6,14,17-tetramethyl-10-oxatetracyclo[7.7.1.02,7.013,17]heptadec-4-en-3-one"
CC(CC(=O)O)CC(=O)O,CC(CC(=O)O)CC(=O)O,sour,IUPAC Dissocation Constants,3-methylpentanedioic acid
COc1cc(O)c2ccoc2c1C(=O)C=Cc1ccc(O)cc1,COc1cc(O)c2ccoc2c1C(=O)C=Cc1ccc(O)cc1,bitter,chemtastes_db,1-(4-hydroxy-6-methoxy-1-benzofuran-7-yl)-3-(4-hydroxyphenyl)prop-2-en-1-one
O=C(O)C(O)C(O)C(=O)O,O=C(O)C(O)C(O)C(=O)O,sour,chemtastes_db,"2,3-dihydroxybutanedioic acid"
CCC(C)(O)C(=O)OC1C(=O)OC2CC3C(C)=CC(O)C(O)C3(C)C3C4(O)OCC23C1C(C)C4O,CCC(C)(O)C(=O)OC1C(=O)OC2CC3C(C)=CC(O)C(O)C3(C)C3C4(O)OCC23C1C(C)C4O,bitter,chemtastes_db,"(4,5,16,17-tetrahydroxy-6,14,18-trimethyl-9-oxo-3,10-dioxapentacyclo[9.8.0.01,7.04,19.013,18]nonadec-14-en-8-yl) 2-hydroxy-2-methylbutanoate"
CC1=CC(OC2OC(CO)C(O)C(O)C2O)C(O)C2(C)C1CC1OC(=O)C(O)C3C(C)C(O)C4(O)OCC13C42,CC1=CC(OC2OC(CO)C(O)C(O)C2O)C(O)C2(C)C1CC1OC(=O)C(O)C3C(C)C(O)C4(O)OCC13C42,bitter,phytocompounds_db,"4,5,8,17-tetrahydroxy-6,14,18-trimethyl-16-[3,4,5-trihydroxy-6-(hydroxymethyl)oxan-2-yl]oxy-3,10-dioxapentacyclo[9.8.0.01,7.04,19.013,18]nonadec-14-en-9-one"
CC(Cc1ccccc1)N(C)C(=O)C(N)CC(=O)O,CC(Cc1ccccc1)N(C)C(=O)C(N)CC(=O)O,bitter,chemtastes_db,3-amino-4-[methyl(1-phenylpropan-2-yl)amino]-4-oxobutanoic acid
CC(=O)OC1CC2(C)OC23CC=C(C)C3C2OC(=O)C(C)C12,CC(=O)OC1CC2(C)OC23CC=C(C)C3C2OC(=O)C(C)C12,bitter,phytocompounds_db,"(3,7,12-trimethyl-8-oxo-2,9-dioxatetracyclo[9.3.0.01,3.06,10]tetradec-12-en-5-yl) acetate"
Nc1ccc(O)cc1C(=O)O,Nc1ccc(O)cc1C(=O)O,sour,IUPAC Dissocation Constants,2-amino-5-hydroxybenzoic acid
Oc1ncnc2[nH]nnc12,Oc1ncnc2[nH]nnc12,sour,IUPAC Dissocation Constants,"2,6-dihydrotriazolo[4,5-d]pyrimidin-7-one"
CC=C1C2C=C(C)CC1(N)c1ccc(=O)[nH]c1C2,CC=C1C2C=C(C)CC1(N)c1ccc(=O)[nH]c1C2,bitter,phytocompounds_db,"1-amino-13-ethylidene-11-methyl-6-azatricyclo[7.3.1.02,7]trideca-2(7),3,10-trien-5-one"
CCCCN(CCCC)CCN1S(=O)(=O)c2ccccc2S1(=O)=O,CCCCN(CCCC)CCN1S(=O)(=O)c2ccccc2S1(=O)=O,bitter,chemtastes_db,"N-butyl-N-[2-(1,1,3,3-tetraoxo-1lambda6,3lambda6,2-benzodithiazol-2-yl)ethyl]butan-1-amine"
COc1ccc(SCC(=O)O)cc1,COc1ccc(SCC(=O)O)cc1,sour,IUPAC Dissocation Constants,2-(4-methoxyphenyl)sulfanylacetic acid
OC1OCC(Cc2ccc3c(c2)OCO3)C1Cc1ccc2c(c1)OCO2,OC1OCC(Cc2ccc3c(c2)OCO3)C1Cc1ccc2c(c1)OCO2,bitter,phytocompounds_db,"3,4-bis(1,3-benzodioxol-5-ylmethyl)oxolan-2-ol"
C[n+]1cccc(C(=O)[O-])c1,C[n+]1cccc(C(=O)[O-])c1,bitter,phytocompounds_db,1-methylpyridin-1-ium-3-carboxylate
Cc1nc(N)c(C(=O)O)nc1C,Cc1nc(N)c(C(=O)O)nc1C,sour,IUPAC Dissocation Constants,"3-amino-5,6-dimethylpyrazine-2-carboxylic acid"
COC1=CC(C)C2CC3OC(=O)C=C4C(C)(O)C(OC)C(O)C(C43C)C2(C)C1=O,COC1=CC(C)C2CC3OC(=O)C=C4C(C)(O)C(OC)C(O)C(C43C)C2(C)C1=O,bitter,phytocompounds_db,"14,16-dihydroxy-4,15-dimethoxy-2,6,14,17-tetramethyl-10-oxatetracyclo[7.7.1.02,7.013,17]heptadeca-4,12-diene-3,11-dione"
NCC(=O)NC(Cc1ccccc1)C(=O)Nc1ccc2ccccc2c1,NCC(=O)NC(Cc1ccccc1)C(=O)Nc1ccc2ccccc2c1,bitter,tas2r_agonists,2-[(2-aminoacetyl)amino]-N-naphthalen-2-yl-3-phenylpropanamide
O=C(O)CCNC(=O)Cc1ccc([N+](=O)[O-])cc1,O=C(O)CCNC(=O)Cc1ccc([N+](=O)[O-])cc1,bitter,chemtastes_db,3-[[2-(4-nitrophenyl)acetyl]amino]propanoic acid
CC(=O)OC1CC2(C)C(C)=CCCC2C(C)(CCC(C)=CC(=O)O)C1C,CC(=O)OC1CC2(C)C(C)=CCCC2C(C)(CCC(C)=CC(=O)O)C1C,bitter,phytocompounds_db,"5-(3-acetyloxy-1,2,4a,5-tetramethyl-2,3,4,7,8,8a-hexahydronaphthalen-1-yl)-3-methylpent-2-enoic acid"
COc1cc(CNC(=O)CCCCCCCC(C)C)ccc1O,COc1cc(CNC(=O)CCCCCCCC(C)C)ccc1O,sour,phytocompounds_db,N-[(4-hydroxy-3-methoxyphenyl)methyl]-9-methyldecanamide
CCC(=O)O,CCC(=O)O,sour,chemtastes_db,propanoic acid
O=C(O)c1cc([N+](=O)[O-])cc2ccccc12,O=C(O)c1cc([N+](=O)[O-])cc2ccccc12,sour,IUPAC Dissocation Constants,3-nitronaphthalene-1-carboxylic acid
C=CCCC(=NOS(=O)(=O)O)SC1OC(CO)C(O)C(O)C1O,C=CCCC(=NOS(=O)(=O)O)SC1OC(CO)C(O)C(O)C1O,bitter,phytocompounds_db,"[3,4,5-trihydroxy-6-(hydroxymethyl)oxan-2-yl] N-sulfooxypent-4-enimidothioate"
CCN1CC2(COC)C(O)CC(OC)C34C5CC6(O)C(OC)C(O)C(O)(C5C6OC(=O)c5ccccc5)C(C(OC)C23)C14,CCN1CC2(COC)C(O)CC(OC)C34C5CC6(O)C(OC)C(O)C(O)(C5C6OC(=O)c5ccccc5)C(C(OC)C23)C14,bitter,phytocompounds_db,"[11-ethyl-5,7,8,14-tetrahydroxy-6,16,18-trimethoxy-13-(methoxymethyl)-11-azahexacyclo[7.7.2.12,5.01,10.03,8.013,17]nonadecan-4-yl] benzoate"
CC(=O)NC(CC([N+](=O)[O-])([N+](=O)[O-])[N+](=O)[O-])C(=O)O,CC(=O)NC(CC([N+](=O)[O-])([N+](=O)[O-])[N+](=O)[O-])C(=O)O,sour,IUPAC Dissocation Constants,"2-acetamido-4,4,4-trinitrobutanoic acid"
CC1CCC2C(C)C3C(CC4C5CC=C6CC(OC7OC(CO)C(O)C(OC8OC(CO)C(O)C(O)C8O)C7OC7OC(C)C(O)C(O)C7O)CCC6(C)C5CCC43C)N2C1,CC1CCC2C(C)C3C(CC4C5CC=C6CC(OC7OC(CO)C(O)C(OC8OC(CO)C(O)C(O)C8O)C7OC7OC(C)C(O)C(O)C7O)CCC6(C)C5CCC43C)N2C1,bitter,chemtastes_db,"2-[5-hydroxy-6-(hydroxymethyl)-2-[(10,14,16,20-tetramethyl-22-azahexacyclo[12.10.0.02,11.05,10.015,23.017,22]tetracos-4-en-7-yl)oxy]-4-[3,4,5-trihydroxy-6-(hydroxymethyl)oxan-2-yl]oxyoxan-3-yl]oxy-6-methyloxane-3,4,5-triol"
C[C@H](CCC(=O)O)[C@H]1CC[C@H]2[C@@H]3[C@H](O)C[C@@H]4C[C@H](O)CC[C@]4(C)[C@H]3C[C@H](O)[C@]12C,C[C@H](CCC(=O)O)[C@H]1CC[C@H]2[C@@H]3[C@H](O)C[C@@H]4C[C@H](O)CC[C@]4(C)[C@H]3C[C@H](O)[C@]12C,sour,IUPAC Dissocation Constants,"(4R)-4-[(3R,5S,7R,8R,9S,10S,12S,13R,14S,17R)-3,7,12-trihydroxy-10,13-dimethyl-2,3,4,5,6,7,8,9,11,12,14,15,16,17-tetradecahydro-1H-cyclopenta[a]phenanthren-17-yl]pentanoic acid"
O=C(O)C1(OC2(C(=O)O)CCCC2)CCCC1,O=C(O)C1(OC2(C(=O)O)CCCC2)CCCC1,sour,IUPAC Dissocation Constants,1-(1-carboxycyclopentyl)oxycyclopentane-1-carboxylic acid
CC(SC(C)C(=O)O)C(=O)O,CC(SC(C)C(=O)O)C(=O)O,sour,IUPAC Dissocation Constants,2-(1-carboxyethylsulfanyl)propanoic acid
O=C(O)c1cc([N+](=O)[O-])c[nH]1,O=C(O)c1cc([N+](=O)[O-])c[nH]1,sour,IUPAC Dissocation Constants,4-nitro-1H-pyrrole-2-carboxylic acid
O=[N+]([O-])c1ccc(S)nc1,O=[N+]([O-])c1ccc(S)nc1,sour,IUPAC Dissocation Constants,5-nitro-1H-pyridine-2-thione
CC(=O)c1cc(Cl)c(O)c(Cl)c1,CC(=O)c1cc(Cl)c(O)c(Cl)c1,sour,IUPAC Dissocation Constants,"1-(3,5-dichloro-4-hydroxyphenyl)ethanone"
O=c1ccc(Br)ccc1O,O=c1ccc(Br)ccc1O,sour,IUPAC Dissocation Constants,"5-bromo-2-hydroxycyclohepta-2,4,6-trien-1-one"
CC1CCCC2(C)CCC3C(C)C(=O)OC3C12,CC1CCCC2(C)CCC3C(C)C(=O)OC3C12,bitter,chemtastes_db,"3,5a,9-trimethyl-3,3a,4,5,6,7,8,9,9a,9b-decahydrobenzo[g][1]benzofuran-2-one"
Cc1cccc(S)c1,Cc1cccc(S)c1,sour,IUPAC Dissocation Constants,3-methylbenzenethiol
C=C1C(O)C2(O)OCC34C(CC5C(C)=CC(OC6OC(CO)C(O)C(O)C6O)C(O)C5(C)C23)OC(=O)CC14,C=C1C(O)C2(O)OCC34C(CC5C(C)=CC(OC6OC(CO)C(O)C(O)C6O)C(O)C5(C)C23)OC(=O)CC14,bitter,phytocompounds_db,"4,5,17-trihydroxy-14,18-dimethyl-6-methylidene-16-[3,4,5-trihydroxy-6-(hydroxymethyl)oxan-2-yl]oxy-3,10-dioxapentacyclo[9.8.0.01,7.04,19.013,18]nonadec-14-en-9-one"
CCC1OC(=O)C(C)C(OC2CC(C)(OC)C(O)C(C)O2)C(C)C(OC2OC(C)CC(N(C)C)C2O)C(C)(OC)CC(C)C(=O)C(C)C(O)C1(C)O,CCC1OC(=O)C(C)C(OC2CC(C)(OC)C(O)C(C)O2)C(C)C(OC2OC(C)CC(N(C)C)C2O)C(C)(OC)CC(C)C(=O)C(C)C(O)C1(C)O,bitter,chemtastes_db,"6-[4-(dimethylamino)-3-hydroxy-6-methyloxan-2-yl]oxy-14-ethyl-12,13-dihydroxy-4-(5-hydroxy-4-methoxy-4,6-dimethyloxan-2-yl)oxy-7-methoxy-3,5,7,9,11,13-hexamethyl-oxacyclotetradecane-2,10-dione"
CC1=CC2C=CC1CC2,CC1=CC2C=CC1CC2,bitter,chemtastes_db,"2-methylbicyclo[2.2.2]octa-2,5-diene"
NNC(=O)Cc1ccccc1,NNC(=O)Cc1ccccc1,sour,IUPAC Dissocation Constants,2-phenylacetohydrazide
O=C1c2c(O)cccc2C(C2OC(CO)C(O)C(O)C2O)c2cc(CO)cc(O)c21,O=C1c2c(O)cccc2C(C2OC(CO)C(O)C(O)C2O)c2cc(CO)cc(O)c21,bitter,chemtastes_db,"1,8-dihydroxy-3-(hydroxymethyl)-10-[3,4,5-trihydroxy-6-(hydroxymethyl)oxan-2-yl]-10H-anthracen-9-one"
O=CO,O=CO,sour,chemtastes_db,formic acid
O=C(CC(=O)C(F)(F)F)c1ccccc1,O=C(CC(=O)C(F)(F)F)c1ccccc1,sour,IUPAC Dissocation Constants,"4,4,4-trifluoro-1-phenylbutane-1,3-dione"
CCCCCCCCCC(=O)O,CCCCCCCCCC(=O)O,sour,flavor_db,decanoic acid
O=C(OCC1OC(O)C(O)C(O)C1O)c1ccccc1,O=C(OCC1OC(O)C(O)C(O)C1O)c1ccccc1,bitter,phytocompounds_db,"(3,4,5,6-tetrahydroxyoxan-2-yl)methyl benzoate"
COc1cc2c(cc1OC)C1c3ccc(OC)c(OC)c3OCC1(O)C2,COc1cc2c(cc1OC)C1c3ccc(OC)c(OC)c3OCC1(O)C2,bitter,chemtastes_db,"3,4,9,10-tetramethoxy-7,11b-dihydro-6H-indeno[2,1-c]chromen-6a-ol"
COc1c(O)cc2c(c1O)C1OC(CO)C(O)C(O)C1OC2=O,COc1c(O)cc2c(c1O)C1OC(CO)C(O)C(O)C1OC2=O,bitter,phytocompounds_db,"3,4,8,10-tetrahydroxy-2-(hydroxymethyl)-9-methoxy-3,4,4a,10b-tetrahydro-2H-pyrano[3,2-c]isochromen-6-one"
Cn1c(=O)c2nc(C(=O)O)c(=O)[nH]c2n(C)c1=O,Cn1c(=O)c2nc(C(=O)O)c(=O)[nH]c2n(C)c1=O,sour,IUPAC Dissocation Constants,"1,3-dimethyl-2,4,7-trioxo-8H-pteridine-6-carboxylic acid"
COC(=O)CC1C2(C)C3=C(C)C(c4ccoc4)CC3OC2C(OC(C)=O)C2C(C)(C(=O)OC)C=CC(=O)C21C,COC(=O)CC1C2(C)C3=C(C)C(c4ccoc4)CC3OC2C(OC(C)=O)C2C(C)(C(=O)OC)C=CC(=O)C21C,bitter,phytocompounds_db,"methyl 2-acetyloxy-13-(furan-3-yl)-9-(2-methoxy-2-oxoethyl)-4,8,10,12-tetramethyl-7-oxo-16-oxatetracyclo[8.6.0.03,8.011,15]hexadeca-5,11-diene-4-carboxylate"
COC1=CC(C)C2CC3OC(=O)CC4C(C)C5OCOC5C(C2(C)C1=O)C34C,COC1=CC(C)C2CC3OC(=O)CC4C(C)C5OCOC5C(C2(C)C1=O)C34C,bitter,phytocompounds_db,"17-methoxy-7,15,19,20-tetramethyl-3,5,11-trioxapentacyclo[10.7.1.02,6.08,20.014,19]icos-16-ene-10,18-dione"
CC1(C)OC(=O)C=CC2(C)C1CC(=O)C1(C)C2C(O)CC2(C)C(c3ccoc3)OC(=O)C3OC321,CC1(C)OC(=O)C=CC2(C)C1CC(=O)C1(C)C2C(O)CC2(C)C(c3ccoc3)OC(=O)C3OC321,bitter,phytocompounds_db,"7-(furan-3-yl)-10-hydroxy-1,8,12,17,17-pentamethyl-3,6,16-trioxapentacyclo[9.9.0.02,4.02,8.012,18]icos-13-ene-5,15,20-trione"
O=C(O)C(Cc1ccccc1)C(=O)O,O=C(O)C(Cc1ccccc1)C(=O)O,sour,IUPAC Dissocation Constants,2-benzylpropanedioic acid
O=C(O)C[Se]c1ccc(Cl)cc1,O=C(O)C[Se]c1ccc(Cl)cc1,sour,IUPAC Dissocation Constants,2-(4-chlorophenyl)selanylacetic acid
COc1cc(C=CCO)cc(OC)c1OC1OC(CO)C(O)C(O)C1O,COc1cc(C=CCO)cc(OC)c1OC1OC(CO)C(O)C(O)C1O,bitter,phytocompounds_db,"2-(hydroxymethyl)-6-[4-(3-hydroxyprop-1-enyl)-2,6-dimethoxyphenoxy]oxane-3,4,5-triol"
O=P(O)(O)OCc1ccncc1,O=P(O)(O)OCc1ccncc1,sour,IUPAC Dissocation Constants,pyridin-4-ylmethyl dihydrogen phosphate
CCC(=O)C(CC(C)N(C)C)(c1ccccc1)c1ccccc1,CCC(=O)C(CC(C)N(C)C)(c1ccccc1)c1ccccc1,bitter,chemtastes_db,"6-(dimethylamino)-4,4-diphenylheptan-3-one"
Cc1cc([N+](=O)[O-])c(O)c([N+](=O)[O-])c1,Cc1cc([N+](=O)[O-])c(O)c([N+](=O)[O-])c1,sour,IUPAC Dissocation Constants,"4-methyl-2,6-dinitrophenol"
CC(C)CC(=O)OC1c2c(ccc3ccc(=O)oc23)OC1C(C)(C)OC(=O)CC(C)C,CC(C)CC(=O)OC1c2c(ccc3ccc(=O)oc23)OC1C(C)(C)OC(=O)CC(C)C,bitter,phytocompounds_db,"[8-[2-(3-methylbutanoyloxy)propan-2-yl]-2-oxo-8,9-dihydrofuro[2,3-h]chromen-9-yl] 3-methylbutanoate"
CC(C)(OCC(=O)O)C(=O)O,CC(C)(OCC(=O)O)C(=O)O,sour,IUPAC Dissocation Constants,2-(carboxymethoxy)-2-methylpropanoic acid
COc1ccc(C=O)c(C(=O)O)c1OC,COc1ccc(C=O)c(C(=O)O)c1OC,sour,IUPAC Dissocation Constants,"6-formyl-2,3-dimethoxybenzoic acid"
O=c1c(-c2ccc(O)cc2)coc2cc(OC3OC(CO)C(O)C(O)C3O)ccc12,O=c1c(-c2ccc(O)cc2)coc2cc(OC3OC(CO)C(O)C(O)C3O)ccc12,bitter,chemtastes_db,"3-(4-hydroxyphenyl)-7-[3,4,5-trihydroxy-6-(hydroxymethyl)oxan-2-yl]oxychromen-4-one"
COP(=O)(OC)c1ccc(C(=O)O)cc1,COP(=O)(OC)c1ccc(C(=O)O)cc1,sour,IUPAC Dissocation Constants,4-dimethoxyphosphorylbenzoic acid
Cc1ccc(C(=O)O)c(O)c1,Cc1ccc(C(=O)O)c(O)c1,sour,IUPAC Dissocation Constants,2-hydroxy-4-methylbenzoic acid
OCC1OC(CO)(OC2OC(CCl)C(O)C(O)C2O)C(O)C1O,OCC1OC(CO)(OC2OC(CCl)C(O)C(O)C2O)C(O)C1O,bitter,chemtastes_db,"2-(chloromethyl)-6-[3,4-dihydroxy-2,5-bis(hydroxymethyl)oxolan-2-yl]oxyoxane-3,4,5-triol"
O=c1cc(-c2ccccc2)oc2cccc(O)c12,O=c1cc(-c2ccccc2)oc2cccc(O)c12,bitter,chemtastes_db,5-hydroxy-2-phenylchromen-4-one
COC1C(O)C(OC2CCC3(C)C(CCC4C3CCC3(C)C(C5=CC(=O)OC5)CCC43O)C2)OC(C)C1OC1OC(COC2OC(CO)C(O)C(O)C2O)C(O)C(O)C1O,COC1C(O)C(OC2CCC3(C)C(CCC4C3CCC3(C)C(C5=CC(=O)OC5)CCC43O)C2)OC(C)C1OC1OC(COC2OC(CO)C(O)C(O)C2O)C(O)C(O)C1O,bitter,phytocompounds_db,"3-[14-hydroxy-3-[3-hydroxy-4-methoxy-6-methyl-5-[3,4,5-trihydroxy-6-[[3,4,5-trihydroxy-6-(hydroxymethyl)oxan-2-yl]oxymethyl]oxan-2-yl]oxyoxan-2-yl]oxy-10,13-dimethyl-1,2,3,4,5,6,7,8,9,11,12,15,16,17-tetradecahydrocyclopenta[a]phenanthren-17-yl]-2H-furan-5-one"
O=C(O)c1c[nH]cn1,O=C(O)c1c[nH]cn1,sour,IUPAC Dissocation Constants,1H-imidazole-5-carboxylic acid
O=C(O)C(O)c1ccccc1Cl,O=C(O)C(O)c1ccccc1Cl,sour,IUPAC Dissocation Constants,2-(2-chlorophenyl)-2-hydroxyacetic acid
NC1CCCCC1,NC1CCCCC1,bitter,chemtastes_db,cyclohexanamine
Cc1ccc([Se]CC(=O)O)cc1,Cc1ccc([Se]CC(=O)O)cc1,sour,IUPAC Dissocation Constants,2-(4-methylphenyl)selanylacetic acid
COc1ccc2ccc(=O)oc2c1CC1OC1(C)C,COc1ccc2ccc(=O)oc2c1CC1OC1(C)C,bitter,chemtastes_db,"8-[(3,3-dimethyloxiran-2-yl)methyl]-7-methoxychromen-2-one"
CC=C(C)C(=O)OC(c1cc(OC)c2c(c1)OCO2)C(C)OC(=O)C1(C)OC1C,CC=C(C)C(=O)OC(c1cc(OC)c2c(c1)OCO2)C(C)OC(=O)C1(C)OC1C,bitter,phytocompounds_db,"[1-(7-methoxy-1,3-benzodioxol-5-yl)-1-(2-methylbut-2-enoyloxy)propan-2-yl] 2,3-dimethyloxirane-2-carboxylate"
CCC1(CC)C(=O)CCNC1=O,CCC1(CC)C(=O)CCNC1=O,bitter,chemtastes_db,"3,3-diethylpiperidine-2,4-dione"
O=C(O)c1ccc2ccccc2n1,O=C(O)c1ccc2ccccc2n1,sour,IUPAC Dissocation Constants,quinoline-2-carboxylic acid
O=C(OCC1OC(OC(=O)c2cc(O)c(O)c(OC(=O)c3cc(O)c(O)c(O)c3)c2)C(OC(=O)c2cc(O)c(O)c(OC(=O)c3cc(O)c(O)c(O)c3)c2)C(OC(=O)c2cc(O)c(O)c(OC(=O)c3cc(O)c(O)c(O)c3)c2)C1OC(=O)c1cc(O)c(O)c(OC(=O)c2cc(O)c(O)c(O)c2)c1)c1cc(O)c(O)c(OC(=O)c2cc(O)c(O)c(O)c2)c1,O=C(OCC1OC(OC(=O)c2cc(O)c(O)c(OC(=O)c3cc(O)c(O)c(O)c3)c2)C(OC(=O)c2cc(O)c(O)c(OC(=O)c3cc(O)c(O)c(O)c3)c2)C(OC(=O)c2cc(O)c(O)c(OC(=O)c3cc(O)c(O)c(O)c3)c2)C1OC(=O)c1cc(O)c(O)c(OC(=O)c2cc(O)c(O)c(O)c2)c1)c1cc(O)c(O)c(OC(=O)c2cc(O)c(O)c(O)c2)c1,bitter,phytocompounds_db,"[2,3-dihydroxy-5-[[3,4,5,6-tetrakis[[3,4-dihydroxy-5-(3,4,5-trihydroxybenzoyl)oxybenzoyl]oxy]oxan-2-yl]methoxycarbonyl]phenyl] 3,4,5-trihydroxybenzoate"
O=C(O)[C@@H]1CCCC[C@H]1C(=O)O,O=C(O)[C@@H]1CCCC[C@H]1C(=O)O,sour,IUPAC Dissocation Constants,"(1R,2R)-cyclohexane-1,2-dicarboxylic acid"
CCc1occc(=O)c1O,CCc1occc(=O)c1O,bitter,chemtastes_db,2-ethyl-3-hydroxypyran-4-one
CC(CC(=O)O)(CC(=O)O)c1ccccc1,CC(CC(=O)O)(CC(=O)O)c1ccccc1,sour,IUPAC Dissocation Constants,3-methyl-3-phenylpentanedioic acid
Oc1ccc(S)nn1,Oc1ccc(S)nn1,sour,IUPAC Dissocation Constants,"6-sulfanylidene-1,2-dihydropyridazin-3-one"
O=C1CCCC(=O)C1,O=C1CCCC(=O)C1,sour,IUPAC Dissocation Constants,"cyclohexane-1,3-dione"
O=C(O)C1C2CCC(O2)C1C(=O)O,O=C(O)C1C2CCC(O2)C1C(=O)O,sour,IUPAC Dissocation Constants,"7-oxabicyclo[2.2.1]heptane-2,3-dicarboxylic acid"
CC(CCC(OC1OC(CO)C(O)C(O)C1O)C(C)(C)O)C1CCC2(C)C3CC=C4C(CCC(OC5OC(CO)C(O)C(O)C5O)C4(C)C)C3(C)C(O)CC12C,CC(CCC(OC1OC(CO)C(O)C(O)C1O)C(C)(C)O)C1CCC2(C)C3CC=C4C(CCC(OC5OC(CO)C(O)C(O)C5O)C4(C)C)C3(C)C(O)CC12C,bitter,phytocompounds_db,"2-[[11-hydroxy-17-[6-hydroxy-6-methyl-5-[3,4,5-trihydroxy-6-(hydroxymethyl)oxan-2-yl]oxyheptan-2-yl]-4,4,9,13,14-pentamethyl-2,3,7,8,10,11,12,15,16,17-decahydro-1H-cyclopenta[a]phenanthren-3-yl]oxy]-6-(hydroxymethyl)oxane-3,4,5-triol"
C=CC1C(OC2OC(COC(C)=O)C(OC(=O)c3cccc(OC4OC(CO)C(O)C(O)C4O)c3O)C(OC(C)=O)C2OC(C)=O)OC=C2C(=O)OCCC21O,C=CC1C(OC2OC(COC(C)=O)C(OC(=O)c3cccc(OC4OC(CO)C(O)C(O)C4O)c3O)C(OC(C)=O)C2OC(C)=O)OC=C2C(=O)OCCC21O,bitter,phytocompounds_db,"[4,5-diacetyloxy-2-(acetyloxymethyl)-6-[(4-ethenyl-4a-hydroxy-8-oxo-3,4,5,6-tetrahydropyrano[3,4-c]pyran-3-yl)oxy]oxan-3-yl] 2-hydroxy-3-[3,4,5-trihydroxy-6-(hydroxymethyl)oxan-2-yl]oxybenzoate"
O=C(CBr)c1ccc(O)c([N+](=O)[O-])c1,O=C(CBr)c1ccc(O)c([N+](=O)[O-])c1,sour,IUPAC Dissocation Constants,2-bromo-1-(4-hydroxy-3-nitrophenyl)ethanone
NC(=O)CCCC([N+](=O)[O-])[N+](=O)[O-],NC(=O)CCCC([N+](=O)[O-])[N+](=O)[O-],sour,IUPAC Dissocation Constants,"5,5-dinitropentanamide"
CC1=CCC(C(C)C)CC1=O,CC1=CCC(C(C)C)CC1=O,bitter,phytocompounds_db,2-methyl-5-propan-2-ylcyclohex-2-en-1-one
NC(=O)c1ccccc1O,NC(=O)c1ccccc1O,bitter,chemtastes_db,2-hydroxybenzamide
CC1(C)[C@@H](C(=O)O)C[C@@H]1C(=O)O,CC1(C)[C@@H](C(=O)O)C[C@@H]1C(=O)O,sour,IUPAC Dissocation Constants,"(1S,3S)-2,2-dimethylcyclobutane-1,3-dicarboxylic acid"
CC1=CC(O)C(O)C2(C)C1CC1OC(=O)CC3C(C)C(O)C4(O)OCC13C42,CC1=CC(O)C(O)C2(C)C1CC1OC(=O)CC3C(C)C(O)C4(O)OCC13C42,bitter,phytocompounds_db,"4,5,16,17-tetrahydroxy-6,14,18-trimethyl-3,10-dioxapentacyclo[9.8.0.01,7.04,19.013,18]nonadec-14-en-9-one"
CCC1(CCC(C)C)C(=O)NC(=O)NC1=O,CCC1(CCC(C)C)C(=O)NC(=O)NC1=O,bitter,chemtastes_db,"5-ethyl-5-(3-methylbutyl)-1,3-diazinane-2,4,6-trione"
O=C(O)[C@@H]1C[C@H]1c1ccccc1,O=C(O)[C@@H]1C[C@H]1c1ccccc1,sour,IUPAC Dissocation Constants,"(1R,2R)-2-phenylcyclopropane-1-carboxylic acid"
Cc1nn2c(C)n[nH]c2nc1=O,Cc1nn2c(C)n[nH]c2nc1=O,sour,IUPAC Dissocation Constants,"3,6-dimethyl-8H-[1,2,4]triazolo[4,3-b][1,2,4]triazin-7-one"
O=CC(=O)O,O=CC(=O)O,sour,IUPAC Dissocation Constants,oxaldehydic acid
COc1cc(-c2oc3cc(O)cc(O)c3c(=O)c2O)ccc1O,COc1cc(-c2oc3cc(O)cc(O)c3c(=O)c2O)ccc1O,bitter,chemtastes_db,"3,5,7-trihydroxy-2-(4-hydroxy-3-methoxyphenyl)chromen-4-one"
Cc1c(O)c(OC2OC(CO)C(O)C(O)C2O)cc2c1CCC1C2(C)C(=O)CC2(C)C(C(C)(O)C(=O)CCC(C)(C)O)C(O)CC12C,Cc1c(O)c(OC2OC(CO)C(O)C(O)C2O)cc2c1CCC1C2(C)C(=O)CC2(C)C(C(C)(O)C(=O)CCC(C)(C)O)C(O)CC12C,bitter,phytocompounds_db,"17-(2,6-dihydroxy-6-methyl-3-oxoheptan-2-yl)-3,16-dihydroxy-4,9,13,14-tetramethyl-2-[3,4,5-trihydroxy-6-(hydroxymethyl)oxan-2-yl]oxy-7,8,12,15,16,17-hexahydro-6H-cyclopenta[a]phenanthren-11-one"
COc1cc(O)c2c(c1C(=O)C=Cc1ccc(O)cc1)OC(C)(C)CC2,COc1cc(O)c2c(c1C(=O)C=Cc1ccc(O)cc1)OC(C)(C)CC2,bitter,chemtastes_db,"1-(5-hydroxy-7-methoxy-2,2-dimethyl-3,4-dihydrochromen-8-yl)-3-(4-hydroxyphenyl)prop-2-en-1-one"
Cc1ccc(OCC(=O)O)c(C)c1,Cc1ccc(OCC(=O)O)c(C)c1,sour,IUPAC Dissocation Constants,"2-(2,4-dimethylphenoxy)acetic acid"
CCCCCCCCCOC(C)=O,CCCCCCCCCOC(C)=O,bitter,chemtastes_db,nonyl acetate
C=C1C(=O)C23CC1CC(O)C2C12COC(O)C1C(C)(C)CCC2OC3=O,C=C1C(=O)C23CC1CC(O)C2C12COC(O)C1C(C)(C)CCC2OC3=O,bitter,chemtastes_db,"9,14-dihydroxy-7,7-dimethyl-17-methylidene-3,10-dioxapentacyclo[14.2.1.01,13.04,12.08,12]nonadecane-2,18-dione"
O=C(O)c1ccc(Br)[nH]1,O=C(O)c1ccc(Br)[nH]1,sour,IUPAC Dissocation Constants,5-bromo-1H-pyrrole-2-carboxylic acid
O=C(O)c1cccc2ccccc12,O=C(O)c1cccc2ccccc12,bitter,chemtastes_db,naphthalene-1-carboxylic acid
S=C1NCCN1,S=C1NCCN1,bitter,chemtastes_db,imidazolidine-2-thione
CC1(C)CCC2(CO)CCC3(C)C(=CCC4C5(C)CCC(O)C(C)(C)C5CCC43C)C2C1,CC1(C)CCC2(CO)CCC3(C)C(=CCC4C5(C)CCC(O)C(C)(C)C5CCC43C)C2C1,bitter,phytocompounds_db,"8a-(hydroxymethyl)-4,4,6a,6b,11,11,14b-heptamethyl-1,2,3,4a,5,6,7,8,9,10,12,12a,14,14a-tetradecahydropicen-3-ol"
CC=C1C(OC2OC(CO)C(O)C(O)C2O)OC=C(C(=O)OC)C1CC(=O)OCCc1ccc(O)c(O)c1,CC=C1C(OC2OC(CO)C(O)C(O)C2O)OC=C(C(=O)OC)C1CC(=O)OCCc1ccc(O)c(O)c1,bitter,chemtastes_db,"methyl 4-[2-[2-(3,4-dihydroxyphenyl)ethoxy]-2-oxoethyl]-5-ethylidene-6-[3,4,5-trihydroxy-6-(hydroxymethyl)oxan-2-yl]oxy-4H-pyran-3-carboxylate"
C=C1C(OC(C)=O)CCC(C)=CC2OC(=O)C(C)C2CC1OC(C)=O,C=C1C(OC(C)=O)CCC(C)=CC2OC(=O)C(C)C2CC1OC(C)=O,bitter,chemtastes_db,"(5-acetyloxy-3,10-dimethyl-6-methylidene-2-oxo-3,3a,4,5,7,8,9,11a-octahydrocyclodeca[b]furan-7-yl) acetate"
CC1OC(OCC2OC(Oc3c(-c4ccc(O)c(O)c4)oc4cc(O)cc(O)c4c3=O)C(O)C(O)C2O)C(O)C(O)C1O,CC1OC(OCC2OC(Oc3c(-c4ccc(O)c(O)c4)oc4cc(O)cc(O)c4c3=O)C(O)C(O)C2O)C(O)C(O)C1O,bitter,phytocompounds_db,"2-(3,4-dihydroxyphenyl)-5,7-dihydroxy-3-[3,4,5-trihydroxy-6-[(3,4,5-trihydroxy-6-methyloxan-2-yl)oxymethyl]oxan-2-yl]oxychromen-4-one"
COc1cc(O)c2c(c1)OC(c1ccc(O)c(O)c1)CC2=O,COc1cc(O)c2c(c1)OC(c1ccc(O)c(O)c1)CC2=O,bitter,phytocompounds_db,"2-(3,4-dihydroxyphenyl)-5-hydroxy-7-methoxy-2,3-dihydrochromen-4-one"
CC(C)(C)C1CCC(C(=O)O)C(C(=O)O)C1,CC(C)(C)C1CCC(C(=O)O)C(C(=O)O)C1,sour,IUPAC Dissocation Constants,"4-tert-butylcyclohexane-1,2-dicarboxylic acid"
CC1=CCOCC1,CC1=CCOCC1,bitter,chemtastes_db,"4-methyl-3,6-dihydro-2H-pyran"
C[C@@]1(C(=O)O)C[C@@]1(C(=O)O)c1ccccc1,C[C@@]1(C(=O)O)C[C@@]1(C(=O)O)c1ccccc1,sour,IUPAC Dissocation Constants,"(1R,2R)-1-methyl-2-phenylcyclopropane-1,2-dicarboxylic acid"
CC(C)=CCC1OC(=O)C2=C1COC(=O)C1(C)C2CCC2C3(C)CCC(OC4OC(COC5OC(C)C(O)C(O)C5O)C(O)C(O)C4O)C(C)(C)C3CCC21C,CC(C)=CCC1OC(=O)C2=C1COC(=O)C1(C)C2CCC2C3(C)CCC(OC4OC(COC5OC(C)C(O)C(O)C5O)C(O)C(O)C4O)C(C)(C)C3CCC21C,bitter,phytocompounds_db,"1,2,6,6,10-pentamethyl-18-(3-methylbut-2-enyl)-7-[3,4,5-trihydroxy-6-[(3,4,5-trihydroxy-6-methyloxan-2-yl)oxymethyl]oxan-2-yl]oxy-17,21-dioxapentacyclo[12.8.0.02,11.05,10.015,19]docos-15(19)-ene-16,22-dione"
O=C(O)c1cc[nH]c1,O=C(O)c1cc[nH]c1,sour,IUPAC Dissocation Constants,1H-pyrrole-3-carboxylic acid
CC(=O)OC(C)(C)C=CC(=O)C(C)(O)C1C(O)CC2(C)C3CC=C4C(C=C(O)C(=O)C4(C)C)C3(C)C(=O)CC12C,CC(=O)OC(C)(C)C=CC(=O)C(C)(O)C1C(O)CC2(C)C3CC=C4C(C=C(O)C(=O)C4(C)C)C3(C)C(=O)CC12C,bitter,chemtastes_db,"[6-(2,16-dihydroxy-4,4,9,13,14-pentamethyl-3,11-dioxo-8,10,12,15,16,17-hexahydro-7H-cyclopenta[a]phenanthren-17-yl)-6-hydroxy-2-methyl-5-oxohept-3-en-2-yl] acetate"
CC(C)C(CC(=O)O)CC(=O)O,CC(C)C(CC(=O)O)CC(=O)O,sour,IUPAC Dissocation Constants,3-propan-2-ylpentanedioic acid
CC1C(=O)OC2C1CCC1(C)C(=O)C=CC(C)(O)C21,CC1C(=O)OC2C1CCC1(C)C(=O)C=CC(C)(O)C21,bitter,phytocompounds_db,"9-hydroxy-3,5a,9-trimethyl-3,3a,4,5,9a,9b-hexahydrobenzo[g][1]benzofuran-2,6-dione"
C=C(CC(=O)O)C(=O)O,C=C(CC(=O)O)C(=O)O,sour,IUPAC Dissocation Constants,2-methylidenebutanedioic acid
CC(CC([N+](=O)[O-])[N+](=O)[O-])[N+](=O)[O-],CC(CC([N+](=O)[O-])[N+](=O)[O-])[N+](=O)[O-],sour,IUPAC Dissocation Constants,"1,1,3-trinitrobutane"
c1cncnc1,c1cncnc1,bitter,chemtastes_db,pyrimidine
CC(C)(O)Cc1ccccc1,CC(C)(O)Cc1ccccc1,bitter,chemtastes_db,2-methyl-1-phenylpropan-2-ol
CC(C)=CCC1C(O)=C(C(=O)CC(C)C)C(=O)C1O,CC(C)=CCC1C(O)=C(C(=O)CC(C)C)C(=O)C1O,bitter,chemtastes_db,"3,5-dihydroxy-2-(3-methylbutanoyl)-4-(3-methylbut-2-enyl)cyclopent-2-en-1-one"
CC(CCC(=O)O)(N(F)F)N(F)F,CC(CCC(=O)O)(N(F)F)N(F)F,sour,IUPAC Dissocation Constants,"4,4-bis(difluoroamino)pentanoic acid"
CC12CC(c3ccoc3)OC(=O)C1CC1OC(=O)C3(O)C(O)CCC2C13C,CC12CC(c3ccoc3)OC(=O)C1CC1OC(=O)C3(O)C(O)CCC2C13C,bitter,phytocompounds_db,"4-(furan-3-yl)-12,13-dihydroxy-2,16-dimethyl-5,10-dioxatetracyclo[7.6.1.02,7.012,16]hexadecane-6,11-dione"
O=Cc1cc(Br)cc([N+](=O)[O-])c1O,O=Cc1cc(Br)cc([N+](=O)[O-])c1O,sour,IUPAC Dissocation Constants,5-bromo-2-hydroxy-3-nitrobenzaldehyde
O=C(O)c1ccc(Br)cc1O,O=C(O)c1ccc(Br)cc1O,sour,IUPAC Dissocation Constants,4-bromo-2-hydroxybenzoic acid
CC(=CCO)COC1OC(COC(=O)Cc2ccc(O)c(O)c2)C(O)C(O)C1OC(=O)Cc1ccc(O)c(O)c1,CC(=CCO)COC1OC(COC(=O)Cc2ccc(O)c(O)c2)C(O)C(O)C1OC(=O)Cc1ccc(O)c(O)c1,bitter,phytocompounds_db,"[5-[2-(3,4-dihydroxyphenyl)acetyl]oxy-3,4-dihydroxy-6-(4-hydroxy-2-methylbut-2-enoxy)oxan-2-yl]methyl 2-(3,4-dihydroxyphenyl)acetate"
CC1CCC2C(C)CCC(c3ccoc3)[N+]2([O-])C1,CC1CCC2C(C)CCC(c3ccoc3)[N+]2([O-])C1,bitter,phytocompounds_db,"4-(furan-3-yl)-1,7-dimethyl-5-oxido-2,3,4,6,7,8,9,9a-octahydro-1H-quinolizin-5-ium"
CC=C(C=O)C(CC=O)CC(=O)OCCc1ccc(O)cc1,CC=C(C=O)C(CC=O)CC(=O)OCCc1ccc(O)cc1,bitter,phytocompounds_db,2-(4-hydroxyphenyl)ethyl 4-formyl-3-(2-oxoethyl)hex-4-enoate
COc1ccc2ccc(=O)oc2c1,COc1ccc2ccc(=O)oc2c1,bitter,phytocompounds_db,7-methoxychromen-2-one
Cn1c(=O)c2nc(C(=O)O)c(=O)n(C)c2n(C)c1=O,Cn1c(=O)c2nc(C(=O)O)c(=O)n(C)c2n(C)c1=O,sour,IUPAC Dissocation Constants,"1,3,8-trimethyl-2,4,7-trioxopteridine-6-carboxylic acid"
OCC1(O)OCC(O)C(O)C1O,OCC1(O)OCC(O)C(O)C1O,bitter,chemtastes_db,"2-(hydroxymethyl)oxane-2,3,4,5-tetrol"
Cc1cc(C)n(O)c(=O)n1,Cc1cc(C)n(O)c(=O)n1,sour,IUPAC Dissocation Constants,"1-hydroxy-4,6-dimethylpyrimidin-2-one"
Cc1ccc(C(=O)c2ccccc2C(=O)O)cc1,Cc1ccc(C(=O)c2ccccc2C(=O)O)cc1,sour,IUPAC Dissocation Constants,2-(4-methylbenzoyl)benzoic acid
CNc1[nH]c(=O)cnc1C=O,CNc1[nH]c(=O)cnc1C=O,sour,IUPAC Dissocation Constants,2-(methylamino)-6-oxo-1H-pyrazine-3-carbaldehyde
COc1cc2c3cc1OCc1c(O)c(OC)cc4c1C(Cc1ccc(cc1)Oc1cc(ccc1O)CC3N(C)CC2)N(C)CC4,COc1cc2c3cc1OCc1c(O)c(OC)cc4c1C(Cc1ccc(cc1)Oc1cc(ccc1O)CC3N(C)CC2)N(C)CC4,bitter,flavor_db,"20,26-dimethoxy-15,31-dimethyl-8,24-dioxa-15,31-diazaheptacyclo[23.6.2.29,12.13,7.114,18.028,32.022,34]heptatriaconta-3(37),4,6,9(36),10,12(35),18,20,22(34),25,27,32-dodecaene-6,21-diol"
Cc1c(Cl)cccc1Nc1ncccc1C(=O)O,Cc1c(Cl)cccc1Nc1ncccc1C(=O)O,bitter,chemtastes_db,2-(3-chloro-2-methylanilino)pyridine-3-carboxylic acid
CN(C)C(=O)SCC(=O)O,CN(C)C(=O)SCC(=O)O,sour,IUPAC Dissocation Constants,2-(dimethylcarbamoylsulfanyl)acetic acid
CC(=O)Nc1ccc([N+](=O)[O-])c(O)c1,CC(=O)Nc1ccc([N+](=O)[O-])c(O)c1,sour,IUPAC Dissocation Constants,N-(3-hydroxy-4-nitrophenyl)acetamide
CCCCCCCCCCCC(=O)O,CCCCCCCCCCCC(=O)O,sour,IUPAC Dissocation Constants,dodecanoic acid
CC1CCC2(C)CCC3(C)C(=CCC4C5(C)CCC(O)C(C)(C(=O)O)C5CCC43C)C2C1C,CC1CCC2(C)CCC3(C)C(=CCC4C5(C)CCC(O)C(C)(C(=O)O)C5CCC43C)C2C1C,bitter,phytocompounds_db,"3-hydroxy-4,6a,6b,8a,11,12,14b-heptamethyl-2,3,4a,5,6,7,8,9,10,11,12,12a,14,14a-tetradecahydro-1H-picene-4-carboxylic acid"
CC(C)COC(=O)c1ccccc1O,CC(C)COC(=O)c1ccccc1O,bitter,chemtastes_db,2-methylpropyl 2-hydroxybenzoate
O=C(O)CC(C(=O)O)c1ccc([N+](=O)[O-])cc1,O=C(O)CC(C(=O)O)c1ccc([N+](=O)[O-])cc1,sour,IUPAC Dissocation Constants,2-(4-nitrophenyl)butanedioic acid
O=[N+]([O-])c1cccc(NS(=O)(=O)c2ccccc2)c1,O=[N+]([O-])c1cccc(NS(=O)(=O)c2ccccc2)c1,sour,IUPAC Dissocation Constants,N-(3-nitrophenyl)benzenesulfonamide
O=C(O)c1cc2ccccc2o1,O=C(O)c1cc2ccccc2o1,bitter,chemtastes_db,1-benzofuran-2-carboxylic acid
C=C1CC23CCC4C(C)(C(=O)OC5OC(CO)C(O)C(O)C5OC5OC(CO)C(O)C(O)C5O)CCCC4(C)C2CCC1(OC1OC(CO)C(O)C(O)C1OC1OC(CO)C(O)C(O)C1O)C3,C=C1CC23CCC4C(C)(C(=O)OC5OC(CO)C(O)C(O)C5OC5OC(CO)C(O)C(O)C5O)CCCC4(C)C2CCC1(OC1OC(CO)C(O)C(O)C1OC1OC(CO)C(O)C(O)C1O)C3,bitter,phytocompounds_db,"[4,5-dihydroxy-6-(hydroxymethyl)-3-[3,4,5-trihydroxy-6-(hydroxymethyl)oxan-2-yl]oxyoxan-2-yl] 13-[4,5-dihydroxy-6-(hydroxymethyl)-3-[3,4,5-trihydroxy-6-(hydroxymethyl)oxan-2-yl]oxyoxan-2-yl]oxy-5,9-dimethyl-14-methylidenetetracyclo[11.2.1.01,10.04,9]hexadecane-5-carboxylate"
CC(C)C(C(=O)O)(C(=O)O)C(C)C,CC(C)C(C(=O)O)(C(=O)O)C(C)C,sour,IUPAC Dissocation Constants,"2,2-di(propan-2-yl)propanedioic acid"
COC1=CC(C)C2CC3OC(=O)CC4C(C)(O)C5OCOC5C(C2(C)C1=O)C34C,COC1=CC(C)C2CC3OC(=O)CC4C(C)(O)C5OCOC5C(C2(C)C1=O)C34C,bitter,phytocompounds_db,"7-hydroxy-17-methoxy-7,15,19,20-tetramethyl-3,5,11-trioxapentacyclo[10.7.1.02,6.08,20.014,19]icos-16-ene-10,18-dione"
COc1ccc(-c2cc(=O)c3c(OC)cc(OC)cc3o2)cc1,COc1ccc(-c2cc(=O)c3c(OC)cc(OC)cc3o2)cc1,bitter,chemtastes_db,"5,7-dimethoxy-2-(4-methoxyphenyl)chromen-4-one"
CSc1cccc(SCC(=O)O)c1,CSc1cccc(SCC(=O)O)c1,sour,IUPAC Dissocation Constants,2-(3-methylsulfanylphenyl)sulfanylacetic acid
C=CC1C(OC2OC(CO)C(O)C(O)C2O)OC=C2C(=O)OC(OC(=O)C(C)=CCCC(C)=CCO)CC21,C=CC1C(OC2OC(CO)C(O)C(O)C2O)OC=C2C(=O)OC(OC(=O)C(C)=CCCC(C)=CCO)CC21,bitter,phytocompounds_db,"[5-ethenyl-1-oxo-6-[3,4,5-trihydroxy-6-(hydroxymethyl)oxan-2-yl]oxy-4,4a,5,6-tetrahydro-3H-pyrano[3,4-c]pyran-3-yl] 8-hydroxy-2,6-dimethylocta-2,6-dienoate"
CCOC(=O)C(CC)(CC)C(=O)O,CCOC(=O)C(CC)(CC)C(=O)O,sour,IUPAC Dissocation Constants,2-ethoxycarbonyl-2-ethylbutanoic acid
O=C(OC1Cc2c(O)cc(O)cc2OC1c1cc(=O)c(O)c2c(O)c(O)cc(C3Oc4cc(O)cc(O)c4CC3O)c2c1)c1cc(O)c(O)c(O)c1,O=C(OC1Cc2c(O)cc(O)cc2OC1c1cc(=O)c(O)c2c(O)c(O)cc(C3Oc4cc(O)cc(O)c4CC3O)c2c1)c1cc(O)c(O)c(O)c1,bitter,phytocompounds_db,"[5,7-dihydroxy-2-[3,4,6-trihydroxy-5-oxo-1-(3,5,7-trihydroxy-3,4-dihydro-2H-chromen-2-yl)benzo[7]annulen-8-yl]-3,4-dihydro-2H-chromen-3-yl] 3,4,5-trihydroxybenzoate"
COC(=O)C(Cc1ccccc1)NC(=O)C(N)CC(=O)O,COC(=O)C(Cc1ccccc1)NC(=O)C(N)CC(=O)O,bitter,chemtastes_db,3-amino-4-[(1-methoxy-1-oxo-3-phenylpropan-2-yl)amino]-4-oxobutanoic acid
CCOC(=O)c1nc(C=O)c(N)[nH]c1=O,CCOC(=O)c1nc(C=O)c(N)[nH]c1=O,sour,IUPAC Dissocation Constants,ethyl 6-amino-5-formyl-2-oxo-1H-pyrazine-3-carboxylate
O=c1c(OC2OC(CO)C(O)C(O)C2O)c(-c2ccc(O)cc2)oc2cc(O)cc(O)c12,O=c1c(OC2OC(CO)C(O)C(O)C2O)c(-c2ccc(O)cc2)oc2cc(O)cc(O)c12,bitter,chemtastes_db,"5,7-dihydroxy-2-(4-hydroxyphenyl)-3-[3,4,5-trihydroxy-6-(hydroxymethyl)oxan-2-yl]oxychromen-4-one"
Oc1ccnc(O)c1,Oc1ccnc(O)c1,sour,IUPAC Dissocation Constants,4-hydroxy-1H-pyridin-2-one
O=C(O)CCc1ccccc1F,O=C(O)CCc1ccccc1F,sour,IUPAC Dissocation Constants,3-(2-fluorophenyl)propanoic acid
CC(C)(C(=O)O)N(CC(=O)O)CC(=O)O,CC(C)(C(=O)O)N(CC(=O)O)CC(=O)O,sour,IUPAC Dissocation Constants,2-[bis(carboxymethyl)amino]-2-methylpropanoic acid
CCC12CCCN3CCC4(c5cccc(OC)c5N(C(C)=O)C4CC1)C32,CCC12CCCN3CCC4(c5cccc(OC)c5N(C(C)=O)C4CC1)C32,bitter,phytocompounds_db,"1-(12-ethyl-6-methoxy-8,16-diazapentacyclo[10.6.1.01,9.02,7.016,19]nonadeca-2(7),3,5-trien-8-yl)ethanone"
COc1ccc([Se]CC(=O)O)cc1,COc1ccc([Se]CC(=O)O)cc1,sour,IUPAC Dissocation Constants,2-(4-methoxyphenyl)selanylacetic acid
O=C1c2c(O)cc(O)cc2OC(c2ccc(O)c(O)c2)C1O,O=C1c2c(O)cc(O)cc2OC(c2ccc(O)c(O)c2)C1O,bitter,chemtastes_db,"2-(3,4-dihydroxyphenyl)-3,5,7-trihydroxy-2,3-dihydrochromen-4-one"
CCCCCCCCC=O,CCCCCCCCC=O,bitter,phytocompounds_db,nonanal
CC(=O)OC1CC=C(C)C(OC(C)=O)CC2C(C=C1C)OC(=O)C2C,CC(=O)OC1CC=C(C)C(OC(C)=O)CC2C(C=C1C)OC(=O)C2C,bitter,chemtastes_db,"(5-acetyloxy-3,6,10-trimethyl-2-oxo-3a,4,5,8,9,11a-hexahydro-3H-cyclodeca[b]furan-9-yl) acetate"
C=C1CCC2C(C)(CO)C(O)CCC2(C)C1CC=C1C=COC1=O,C=C1CCC2C(C)(CO)C(O)CCC2(C)C1CC=C1C=COC1=O,bitter,tas2r_agonists,"3-[2-[6-hydroxy-5-(hydroxymethyl)-5,8a-dimethyl-2-methylidene-3,4,4a,6,7,8-hexahydro-1H-naphthalen-1-yl]ethylidene]furan-2-one"
C=CC1C(OC2OC(CO)C(O)C(O)C2O)OC=C2C(=O)OCCC21,C=CC1C(OC2OC(CO)C(O)C(O)C2O)OC=C2C(=O)OCCC21,bitter,phytocompounds_db,"4-ethenyl-3-[3,4,5-trihydroxy-6-(hydroxymethyl)oxan-2-yl]oxy-4,4a,5,6-tetrahydro-3H-pyrano[3,4-c]pyran-8-one"
CC(C)=CCc1c(O)c(O)c(O)c2c1OC(C)(C)CC2=O,CC(C)=CCc1c(O)c(O)c(O)c2c1OC(C)(C)CC2=O,bitter,chemtastes_db,"5,6,7-trihydroxy-2,2-dimethyl-8-(3-methylbut-2-enyl)-3H-chromen-4-one"
O=S(O)CCCc1ccccc1,O=S(O)CCCc1ccccc1,sour,IUPAC Dissocation Constants,3-phenylpropane-1-sulfinic acid
CC1(C)OC2CC(=O)OCC23C1CC(=O)C1(C)C3CCC2(C)C(c3ccoc3)OC(=O)C3OC321,CC1(C)OC2CC(=O)OCC23C1CC(=O)C1(C)C3CCC2(C)C(c3ccoc3)OC(=O)C3OC321,bitter,chemtastes_db,"19-(furan-3-yl)-9,9,13,20-tetramethyl-4,8,15,18-tetraoxahexacyclo[11.9.0.02,7.02,10.014,16.014,20]docosane-5,12,17-trione"
O=c1cc(-c2ccccc2O)oc2cccc(O)c12,O=c1cc(-c2ccccc2O)oc2cccc(O)c12,bitter,chemtastes_db,5-hydroxy-2-(2-hydroxyphenyl)chromen-4-one
C=CCC1(CC=C)C(=O)NC(=O)NC1=O,C=CCC1(CC=C)C(=O)NC(=O)NC1=O,bitter,chemtastes_db,"5,5-bis(prop-2-enyl)-1,3-diazinane-2,4,6-trione"
O=C(O)c1c(F)c(F)c(O)c(F)c1F,O=C(O)c1c(F)c(F)c(O)c(F)c1F,sour,IUPAC Dissocation Constants,"2,3,5,6-tetrafluoro-4-hydroxybenzoic acid"
NC(Cc1ccccc1)C(=O)NCC(=O)NC(Cc1ccccc1)C(=O)NCC(=O)O,NC(Cc1ccccc1)C(=O)NCC(=O)NC(Cc1ccccc1)C(=O)NCC(=O)O,bitter,chemtastes_db,2-[[2-[[2-[(2-amino-3-phenylpropanoyl)amino]acetyl]amino]-3-phenylpropanoyl]amino]acetic acid
S=C(Nc1ccccc1)Nc1ccccc1,S=C(Nc1ccccc1)Nc1ccccc1,bitter,chemtastes_db,"1,3-diphenylthiourea"
COC(=O)c1ccc(C(=O)O)nc1,COC(=O)c1ccc(C(=O)O)nc1,sour,IUPAC Dissocation Constants,5-methoxycarbonylpyridine-2-carboxylic acid
CC1=C(CCc2ccoc2)C2(C)CCC(OC3OC(CO)C(O)C(O)C3OC3OC(CO)C(O)C(O)C3O)C(C)(C)C2CC1,CC1=C(CCc2ccoc2)C2(C)CCC(OC3OC(CO)C(O)C(O)C3OC3OC(CO)C(O)C(O)C3O)C(C)(C)C2CC1,bitter,phytocompounds_db,"2-[2-[[5-[2-(furan-3-yl)ethyl]-1,1,4a,6-tetramethyl-2,3,4,7,8,8a-hexahydronaphthalen-2-yl]oxy]-4,5-dihydroxy-6-(hydroxymethyl)oxan-3-yl]oxy-6-(hydroxymethyl)oxane-3,4,5-triol"
C=C1C(=O)OC2CC(C)=CCCC(CO)=CC(O)C12,C=C1C(=O)OC2CC(C)=CCCC(CO)=CC(O)C12,bitter,phytocompounds_db,"4-hydroxy-6-(hydroxymethyl)-10-methyl-3-methylidene-3a,4,7,8,11,11a-hexahydrocyclodeca[b]furan-2-one"
CC1(C)C(=O)CC(=O)CC1=O,CC1(C)C(=O)CC(=O)CC1=O,sour,IUPAC Dissocation Constants,"2,2-dimethylcyclohexane-1,3,5-trione"
C=CCC1(C(C)(C)CC)C(=O)NC(=O)NC1=O,C=CCC1(C(C)(C)CC)C(=O)NC(=O)NC1=O,bitter,chemtastes_db,"5-(2-methylbutan-2-yl)-5-prop-2-enyl-1,3-diazinane-2,4,6-trione"
O=C(O)CCSCCC(=O)O,O=C(O)CCSCCC(=O)O,sour,IUPAC Dissocation Constants,3-(2-carboxyethylsulfanyl)propanoic acid
O=C(O)CCP(CCC(=O)O)CCC(=O)O,O=C(O)CCP(CCC(=O)O)CCC(=O)O,sour,IUPAC Dissocation Constants,3-[bis(2-carboxyethyl)phosphanyl]propanoic acid
O=[N+]([O-])c1ccc(O)c(O)c1,O=[N+]([O-])c1ccc(O)c(O)c1,sour,IUPAC Dissocation Constants,"4-nitrobenzene-1,2-diol"
Oc1ccc(O)nn1,Oc1ccc(O)nn1,sour,IUPAC Dissocation Constants,"1,2-dihydropyridazine-3,6-dione"
OCC1OC(OCC2OC(OC3(CO)OC(CO)C(O)C3O)C(O)C(O)C2O)C(O)C(O)C1O,OCC1OC(OCC2OC(OC3(CO)OC(CO)C(O)C3O)C(O)C(O)C2O)C(O)C(O)C1O,bitter,phytocompounds_db,"2-[[6-[3,4-dihydroxy-2,5-bis(hydroxymethyl)oxolan-2-yl]oxy-3,4,5-trihydroxyoxan-2-yl]methoxy]-6-(hydroxymethyl)oxane-3,4,5-triol"
O=[N+]([O-])c1ccc(O)c2ccccc12,O=[N+]([O-])c1ccc(O)c2ccccc12,sour,IUPAC Dissocation Constants,4-nitronaphthalen-1-ol
O=C(O)CC(CC(=O)O)(c1ccccc1)c1ccccc1,O=C(O)CC(CC(=O)O)(c1ccccc1)c1ccccc1,sour,IUPAC Dissocation Constants,"3,3-diphenylpentanedioic acid"
CC(CCCC(=O)O)(N(F)F)N(F)F,CC(CCCC(=O)O)(N(F)F)N(F)F,sour,IUPAC Dissocation Constants,"5,5-bis(difluoroamino)hexanoic acid"
C=C1C(=O)OC2C3C(COC(=O)C(=O)O)=CC(=O)C3=C(C)CC(OC(=O)Cc3ccc(O)cc3)C12,C=C1C(=O)OC2C3C(COC(=O)C(=O)O)=CC(=O)C3=C(C)CC(OC(=O)Cc3ccc(O)cc3)C12,bitter,chemtastes_db,"2-[[4-[2-(4-hydroxyphenyl)acetyl]oxy-6-methyl-3-methylidene-2,7-dioxo-4,5,9a,9b-tetrahydro-3aH-azuleno[8,7-b]furan-9-yl]methoxy]-2-oxoacetic acid"
NC(=NCCCCCCN=C(N)N=C(N)Nc1ccc(Cl)cc1)N=C(N)Nc1ccc(Cl)cc1,NC(=NCCCCCCN=C(N)N=C(N)Nc1ccc(Cl)cc1)N=C(N)Nc1ccc(Cl)cc1,bitter,chemtastes_db,2-[6-[[amino-[[amino-(4-chloroanilino)methylidene]amino]methylidene]amino]hexyl]-1-[amino-(4-chloroanilino)methylidene]guanidine
O=c1c(-c2ccccc2)coc2cc(O)cc(O)c12,O=c1c(-c2ccccc2)coc2cc(O)cc(O)c12,bitter,flavor_db,"5,7-dihydroxy-3-phenylchromen-4-one"
Cn1c(=O)[nH]c2c([nH]c(=O)c(=O)n2C)c1=O,Cn1c(=O)[nH]c2c([nH]c(=O)c(=O)n2C)c1=O,sour,IUPAC Dissocation Constants,"3,8-dimethyl-1,5-dihydropteridine-2,4,6,7-tetrone"
COC(=O)C(C)NC(=O)C(N)CC(=O)O,COC(=O)C(C)NC(=O)C(N)CC(=O)O,bitter,chemtastes_db,3-amino-4-[(1-methoxy-1-oxopropan-2-yl)amino]-4-oxobutanoic acid
CCCP(O)(=S)CCC,CCCP(O)(=S)CCC,sour,IUPAC Dissocation Constants,hydroxy-dipropyl-sulfanylidene-lambda5-phosphane
Sc1ccncn1,Sc1ccncn1,sour,IUPAC Dissocation Constants,1H-pyrimidine-6-thione
O=C(O)c1ccccc1Nc1cccc(C(F)(F)F)c1,O=C(O)c1ccccc1Nc1cccc(C(F)(F)F)c1,bitter,chemtastes_db,2-[3-(trifluoromethyl)anilino]benzoic acid
CC(C)(N)P(=O)(O)O,CC(C)(N)P(=O)(O)O,sour,IUPAC Dissocation Constants,2-aminopropan-2-ylphosphonic acid
O=C(O)C(O)(c1ccccc1)c1ccccc1,O=C(O)C(O)(c1ccccc1)c1ccccc1,bitter,chemtastes_db,"2-hydroxy-2,2-diphenylacetic acid"
CC1OC(OC2C(OC3CCC4(C)C(=CCC5C4CCC4(C)C5CC5OC6(CCC(C)(COC7OC(CO)C(O)C(O)C7O)O6)C(C)C54)C3)OC(CO)C(OC3OC(CO)C(O)C(OC4OC(CO)C(O)C(O)C4O)C3O)C2O)C(O)C(O)C1O,CC1OC(OC2C(OC3CCC4(C)C(=CCC5C4CCC4(C)C5CC5OC6(CCC(C)(COC7OC(CO)C(O)C(O)C7O)O6)C(C)C54)C3)OC(CO)C(OC3OC(CO)C(O)C(OC4OC(CO)C(O)C(O)C4O)C3O)C2O)C(O)C(O)C1O,bitter,chemtastes_db,"2-[5-[3,5-dihydroxy-6-(hydroxymethyl)-4-[3,4,5-trihydroxy-6-(hydroxymethyl)oxan-2-yl]oxyoxan-2-yl]oxy-4-hydroxy-6-(hydroxymethyl)-2-[5',7,9,13-tetramethyl-5'-[[3,4,5-trihydroxy-6-(hydroxymethyl)oxan-2-yl]oxymethyl]spiro[5-oxapentacyclo[10.8.0.02,9.04,8.013,18]icos-18-ene-6,2'-oxolane]-16-yl]oxyoxan-3-yl]oxy-6-methyloxane-3,4,5-triol"
O=C(OCC1OC(OC(=O)c2cc(O)c(O)c(O)c2)C(OC(=O)c2cc(O)c(O)c(O)c2)C(OC(=O)c2cc(O)c(O)c(O)c2)C1OC(=O)c1cc(O)c(O)c(O)c1)c1cc(O)c(O)c(O)c1,O=C(OCC1OC(OC(=O)c2cc(O)c(O)c(O)c2)C(OC(=O)c2cc(O)c(O)c(O)c2)C(OC(=O)c2cc(O)c(O)c(O)c2)C1OC(=O)c1cc(O)c(O)c(O)c1)c1cc(O)c(O)c(O)c1,bitter,chemtastes_db,"[3,4,5,6-tetrakis[(3,4,5-trihydroxybenzoyl)oxy]oxan-2-yl]methyl 3,4,5-trihydroxybenzoate"
COc1cc2ccc(=O)oc2c(O)c1O,COc1cc2ccc(=O)oc2c(O)c1O,bitter,phytocompounds_db,"7,8-dihydroxy-6-methoxychromen-2-one"
C=C1C(=O)OC2C1CCC(C)(O)C13OC1C1OC1(C)C23,C=C1C(=O)OC2C1CCC(C)(O)C13OC1C1OC1(C)C23,bitter,phytocompounds_db,"2-hydroxy-2,11-dimethyl-6-methylidene-8,12,15-trioxapentacyclo[8.5.0.01,14.05,9.011,13]pentadecan-7-one"
CCCOC=O,CCCOC=O,bitter,flavor_db,propyl formate
O=C(C=Cc1ccccc1)OCC1OC(OC2OC=CC3C(O)C4OC4(CO)C23)C(O)C(O)C1O,O=C(C=Cc1ccccc1)OCC1OC(OC2OC=CC3C(O)C4OC4(CO)C23)C(O)C(O)C1O,bitter,phytocompounds_db,"[3,4,5-trihydroxy-6-[[5-hydroxy-2-(hydroxymethyl)-3,9-dioxatricyclo[4.4.0.02,4]dec-7-en-10-yl]oxy]oxan-2-yl]methyl 3-phenylprop-2-enoate"
O=C1NC(C(=O)O)CS1,O=C1NC(C(=O)O)CS1,sour,IUPAC Dissocation Constants,"2-oxo-1,3-thiazolidine-4-carboxylic acid"
CC1=CC(=O)NS(=O)(=O)O1,CC1=CC(=O)NS(=O)(=O)O1,bitter,flavor_db,"6-methyl-2,2-dioxooxathiazin-4-one"
CC1CC(OC2OC(CO)C(O)C(O)C2O)CC(=O)O1,CC1CC(OC2OC(CO)C(O)C(O)C2O)CC(=O)O1,bitter,phytocompounds_db,"6-methyl-4-[3,4,5-trihydroxy-6-(hydroxymethyl)oxan-2-yl]oxyoxan-2-one"
CC(=O)OC1CC(C)=C2C(=O)C=C(C)C2C2OC(=O)C(C)C12,CC(=O)OC1CC(C)=C2C(=O)C=C(C)C2C2OC(=O)C(C)C12,bitter,phytocompounds_db,"(3,6,9-trimethyl-2,7-dioxo-3,3a,4,5,9a,9b-hexahydroazuleno[4,5-b]furan-4-yl) acetate"
CCCCC(=O)O,CCCCC(=O)O,sour,flavor_db,pentanoic acid
CCN1CC2(COC)C(O)CC(OC)C34C5CC6(O)C(O)C5C(O)(C(O)C6OC)C(C(OC)C23)C14,CCN1CC2(COC)C(O)CC(OC)C34C5CC6(O)C(O)C5C(O)(C(O)C6OC)C(C(OC)C23)C14,bitter,chemtastes_db,"11-ethyl-6,16,18-trimethoxy-13-(methoxymethyl)-11-azahexacyclo[7.7.2.12,5.01,10.03,8.013,17]nonadecane-4,5,7,8,14-pentol"
CNC(=S)S,CNC(=S)S,sour,IUPAC Dissocation Constants,methylcarbamodithioic acid
O=C(O)c1cn(C2CC2)c2cc(N3CCNCC3)c(F)cc2c1=O,O=C(O)c1cn(C2CC2)c2cc(N3CCNCC3)c(F)cc2c1=O,bitter,chemtastes_db,1-cyclopropyl-6-fluoro-4-oxo-7-piperazin-1-ylquinoline-3-carboxylic acid
CC(C)CC1NC(=O)C(Cc2ccccc2)NC1=O,CC(C)CC1NC(=O)C(Cc2ccccc2)NC1=O,bitter,chemtastes_db,"3-benzyl-6-(2-methylpropyl)piperazine-2,5-dione"
CCNc1nc(=O)n(C)cc1C,CCNc1nc(=O)n(C)cc1C,sour,IUPAC Dissocation Constants,"4-(ethylamino)-1,5-dimethylpyrimidin-2-one"
O=C(O)c1cccnc1C(=O)O,O=C(O)c1cccnc1C(=O)O,sour,IUPAC Dissocation Constants,"pyridine-2,3-dicarboxylic acid"
O=C(O)[C@@H](O)[C@H](O)[C@@H](O)[C@H](O)C(=O)O,O=C(O)[C@@H](O)[C@H](O)[C@@H](O)[C@H](O)C(=O)O,sour,IUPAC Dissocation Constants,"(2S,3R,4R,5S)-2,3,4,5-tetrahydroxyhexanedioic acid"
O=C1C(O)=C(O)C(=O)C(O)=C1O,O=C1C(O)=C(O)C(=O)C(O)=C1O,sour,IUPAC Dissocation Constants,"2,3,5,6-tetrahydroxycyclohexa-2,5-diene-1,4-dione"
OCC(O)C(O)=Cc1ccccc1,OCC(O)C(O)=Cc1ccccc1,bitter,flavor_db,"4-phenylbut-3-ene-1,2,3-triol"
CC(CCC1(O)OC2CC3C4CCC5CC(OC6OC(CO)C(OC7OCC(O)C(O)C7O)C(O)C6OC6OC(CO)C(O)C(O)C6O)CCC5(C)C4CCC3(C)C2C1C)COC1OC(CO)C(O)C(O)C1O,CC(CCC1(O)OC2CC3C4CCC5CC(OC6OC(CO)C(OC7OCC(O)C(O)C7O)C(O)C6OC6OC(CO)C(O)C(O)C6O)CCC5(C)C4CCC3(C)C2C1C)COC1OC(CO)C(O)C(O)C1O,bitter,chemtastes_db,"2-[4-[6-hydroxy-16-[4-hydroxy-6-(hydroxymethyl)-3-[3,4,5-trihydroxy-6-(hydroxymethyl)oxan-2-yl]oxy-5-(3,4,5-trihydroxyoxan-2-yl)oxyoxan-2-yl]oxy-7,9,13-trimethyl-5-oxapentacyclo[10.8.0.02,9.04,8.013,18]icosan-6-yl]-2-methylbutoxy]-6-(hydroxymethyl)oxane-3,4,5-triol"
Cc1cccn2c(=O)c(-c3nn[nH]n3)cnc12,Cc1cccn2c(=O)c(-c3nn[nH]n3)cnc12,bitter,chemtastes_db,"9-methyl-3-(2H-tetrazol-5-yl)pyrido[1,2-a]pyrimidin-4-one"
O=c1ccc2cc(O)c(OC3OC(CO)C(O)C(O)C3O)cc2o1,O=c1ccc2cc(O)c(OC3OC(CO)C(O)C(O)C3O)cc2o1,bitter,phytocompounds_db,"6-hydroxy-7-[3,4,5-trihydroxy-6-(hydroxymethyl)oxan-2-yl]oxychromen-2-one"
CC(C1CCC2C3CCC4CC(N)CCC4(C)C3CCC21C)N(C)C,CC(C1CCC2C3CCC4CC(N)CCC4(C)C3CCC21C)N(C)C,bitter,chemtastes_db,"17-[1-(dimethylamino)ethyl]-10,13-dimethyl-2,3,4,5,6,7,8,9,11,12,14,15,16,17-tetradecahydro-1H-cyclopenta[a]phenanthren-3-amine"
O=C(O)c1cccs1,O=C(O)c1cccs1,sour,IUPAC Dissocation Constants,thiophene-2-carboxylic acid
O=C(O)c1ccc([N+](=O)[O-])cc1,O=C(O)c1ccc([N+](=O)[O-])cc1,sour,IUPAC Dissocation Constants,4-nitrobenzoic acid
CCCCN(CCN(CC(=O)O)CC(=O)O)CC(=O)O,CCCCN(CCN(CC(=O)O)CC(=O)O)CC(=O)O,sour,IUPAC Dissocation Constants,2-[2-[bis(carboxymethyl)amino]ethyl-butylamino]acetic acid
Cn1c(=O)c2[nH]cnc2n(C)c1=O,Cn1c(=O)c2[nH]cnc2n(C)c1=O,bitter,chemtastes_db,"1,3-dimethyl-7H-purine-2,6-dione"
CC12CCC(O)CC1(O)CCC1C2CCC2(C)C(C3=CC(=O)OC3)CCC12O,CC12CCC(O)CC1(O)CCC1C2CCC2(C)C(C3=CC(=O)OC3)CCC12O,bitter,phytocompounds_db,"3-(3,5,14-trihydroxy-10,13-dimethyl-2,3,4,6,7,8,9,11,12,15,16,17-dodecahydro-1H-cyclopenta[a]phenanthren-17-yl)-2H-furan-5-one"
NS(=O)(=O)c1ccc(C(=O)O)cc1,NS(=O)(=O)c1ccc(C(=O)O)cc1,sour,IUPAC Dissocation Constants,4-sulfamoylbenzoic acid
CCCC(CC(=O)O)CC(=O)O,CCCC(CC(=O)O)CC(=O)O,sour,IUPAC Dissocation Constants,3-propylpentanedioic acid
O=C(O)C(O)C(=O)O,O=C(O)C(O)C(=O)O,sour,phytocompounds_db,2-hydroxypropanedioic acid
O=C(O)CCC(C(=O)O)N(CC(=O)O)CC(=O)O,O=C(O)CCC(C(=O)O)N(CC(=O)O)CC(=O)O,sour,IUPAC Dissocation Constants,2-[bis(carboxymethyl)amino]pentanedioic acid
CCN(CC)CCCN1C(=O)c2ccccc2S1(=O)=O,CCN(CC)CCCN1C(=O)c2ccccc2S1(=O)=O,bitter,chemtastes_db,"2-[3-(diethylamino)propyl]-1,1-dioxo-1,2-benzothiazol-3-one"
O=C1C[C@@H](C(=O)O)[C@H](C(=O)O)O1,O=C1C[C@@H](C(=O)O)[C@H](C(=O)O)O1,sour,IUPAC Dissocation Constants,"(2R,3R)-5-oxooxolane-2,3-dicarboxylic acid"
O=P(O)(O)OCCOc1ccc(Cl)cc1,O=P(O)(O)OCCOc1ccc(Cl)cc1,sour,IUPAC Dissocation Constants,2-(4-chlorophenoxy)ethyl dihydrogen phosphate
O=C(O)CCS,O=C(O)CCS,sour,IUPAC Dissocation Constants,3-sulfanylpropanoic acid
O=C(O)C1(O)CCCCC1,O=C(O)C1(O)CCCCC1,sour,IUPAC Dissocation Constants,1-hydroxycyclohexane-1-carboxylic acid
COc1cc(-c2cc(=O)c3c(O)c(OC)c(O)cc3o2)ccc1O,COc1cc(-c2cc(=O)c3c(O)c(OC)c(O)cc3o2)ccc1O,bitter,phytocompounds_db,"5,7-dihydroxy-2-(4-hydroxy-3-methoxyphenyl)-6-methoxychromen-4-one"
CC(Cl)CC(=O)O,CC(Cl)CC(=O)O,sour,IUPAC Dissocation Constants,3-chlorobutanoic acid
O=C(O)CSCc1ccccc1,O=C(O)CSCc1ccccc1,sour,IUPAC Dissocation Constants,2-benzylsulfanylacetic acid
CC1OC(OC2C(Oc3cc(O)cc4c3C(=O)CC(c3ccc(O)cc3)O4)OC(CO)C(O)C2O)C(O)C(O)C1O,CC1OC(OC2C(Oc3cc(O)cc4c3C(=O)CC(c3ccc(O)cc3)O4)OC(CO)C(O)C2O)C(O)C(O)C1O,bitter,phytocompounds_db,"5-[4,5-dihydroxy-6-(hydroxymethyl)-3-(3,4,5-trihydroxy-6-methyloxan-2-yl)oxyoxan-2-yl]oxy-7-hydroxy-2-(4-hydroxyphenyl)-2,3-dihydrochromen-4-one"
NC(=O)NN=Cc1ccc([N+](=O)[O-])o1,NC(=O)NN=Cc1ccc([N+](=O)[O-])o1,bitter,chemtastes_db,[(5-nitrofuran-2-yl)methylideneamino]urea
COC(=O)c1cc(O)c(O)c(O)c1CN(C)C,COC(=O)c1cc(O)c(O)c(O)c1CN(C)C,sour,IUPAC Dissocation Constants,"methyl 2-[(dimethylamino)methyl]-3,4,5-trihydroxybenzoate"
COc1ccc(-c2coc3cc(OC)ccc3c2=O)cc1,COc1ccc(-c2coc3cc(OC)ccc3c2=O)cc1,bitter,chemtastes_db,7-methoxy-3-(4-methoxyphenyl)chromen-4-one
O=CC=Cc1ccccc1,O=CC=Cc1ccccc1,bitter,phytocompounds_db,3-phenylprop-2-enal
O=C(O)Cc1cccs1,O=C(O)Cc1cccs1,sour,IUPAC Dissocation Constants,2-thiophen-2-ylacetic acid
O=C(O)CCOc1ccc(Cl)cc1Cl,O=C(O)CCOc1ccc(Cl)cc1Cl,sour,IUPAC Dissocation Constants,"3-(2,4-dichlorophenoxy)propanoic acid"
CCCCCCCCCCCCCC(=O)O,CCCCCCCCCCCCCC(=O)O,sour,IUPAC Dissocation Constants,tetradecanoic acid
CC(C)CC(N)C(=O)NC(Cc1c[nH]c2ccccc12)C(=O)O,CC(C)CC(N)C(=O)NC(Cc1c[nH]c2ccccc12)C(=O)O,bitter,chemtastes_db,2-[(2-amino-4-methylpentanoyl)amino]-3-(1H-indol-3-yl)propanoic acid
O=C(O)C1=CC=CCC1C(=O)O,O=C(O)C1=CC=CCC1C(=O)O,sour,IUPAC Dissocation Constants,"cyclohexa-2,4-diene-1,2-dicarboxylic acid"
O=C(O)CCNC(=S)C(=S)NCCC(=O)O,O=C(O)CCNC(=S)C(=S)NCCC(=O)O,sour,IUPAC Dissocation Constants,3-[[2-(2-carboxyethylamino)-2-sulfanylideneethanethioyl]amino]propanoic acid
O=C(O)Cc1ccccn1,O=C(O)Cc1ccccn1,sour,IUPAC Dissocation Constants,2-pyridin-2-ylacetic acid
Cc1ccc(C(=O)O)c(N)c1,Cc1ccc(C(=O)O)c(N)c1,sour,IUPAC Dissocation Constants,2-amino-4-methylbenzoic acid
COc1ccc(CC2c3cc(OC)c(OC)cc3CCN2C)cc1OC,COc1ccc(CC2c3cc(OC)c(OC)cc3CCN2C)cc1OC,bitter,phytocompounds_db,"1-[(3,4-dimethoxyphenyl)methyl]-6,7-dimethoxy-2-methyl-3,4-dihydro-1H-isoquinoline"
C[C@@]1(C(=O)O)C[C@]1(Cl)C(=O)O,C[C@@]1(C(=O)O)C[C@]1(Cl)C(=O)O,sour,IUPAC Dissocation Constants,"(1R,2S)-1-chloro-2-methylcyclopropane-1,2-dicarboxylic acid"
O=[N+]([O-])OCCC([N+](=O)[O-])[N+](=O)[O-],O=[N+]([O-])OCCC([N+](=O)[O-])[N+](=O)[O-],sour,IUPAC Dissocation Constants,"3,3-dinitropropyl nitrate"
O=C1c2ccccc2C(=O)C1c1ccc(C2C(=O)c3ccccc3C2=O)c2ccccc12,O=C1c2ccccc2C(=O)C1c1ccc(C2C(=O)c3ccccc3C2=O)c2ccccc12,sour,IUPAC Dissocation Constants,"2-[4-(1,3-dioxoinden-2-yl)naphthalen-1-yl]indene-1,3-dione"
COC(C)C1=CCC=C(C)C1,COC(C)C1=CCC=C(C)C1,bitter,chemtastes_db,"1-(1-methoxyethyl)-5-methylcyclohexa-1,4-diene"
CC(C)=CCC(=O)C1(O)C(=O)C(C(=O)C(C)C)=C(O)C1(O)CC=C(C)C,CC(C)=CCC(=O)C1(O)C(=O)C(C(=O)C(C)C)=C(O)C1(O)CC=C(C)C,bitter,chemtastes_db,"3,4,5-trihydroxy-4-(3-methylbut-2-enyl)-5-(4-methylpent-3-enoyl)-2-(2-methylpropanoyl)cyclopent-2-en-1-one"
C=C1CCC2C(C)(CO)C(O)CCC2(C)C1CC=C1C(=O)OCC1O,C=C1CCC2C(C)(CO)C(O)CCC2(C)C1CC=C1C(=O)OCC1O,bitter,chemtastes_db,"4-hydroxy-3-[2-[6-hydroxy-5-(hydroxymethyl)-5,8a-dimethyl-2-methylidene-3,4,4a,6,7,8-hexahydro-1H-naphthalen-1-yl]ethylidene]oxolan-2-one"
C=C(C)C=NO,C=C(C)C=NO,bitter,chemtastes_db,N-(2-methylprop-2-enylidene)hydroxylamine
O=P(O)(O)OC1C(OP(=O)(O)O)C(OP(=O)(O)O)C(OP(=O)(O)O)C(OP(=O)(O)O)C1OP(=O)(O)O,O=P(O)(O)OC1C(OP(=O)(O)O)C(OP(=O)(O)O)C(OP(=O)(O)O)C(OP(=O)(O)O)C1OP(=O)(O)O,sour,phytocompounds_db,"(2,3,4,5,6-pentaphosphonooxycyclohexyl) dihydrogen phosphate"
CCCCSCC(=O)O,CCCCSCC(=O)O,sour,IUPAC Dissocation Constants,2-butylsulfanylacetic acid
CC=CCC([N+](=O)[O-])[N+](=O)[O-],CC=CCC([N+](=O)[O-])[N+](=O)[O-],sour,IUPAC Dissocation Constants,"5,5-dinitropent-2-ene"
O=C(O)COc1ccccc1OCC(=O)O,O=C(O)COc1ccccc1OCC(=O)O,sour,IUPAC Dissocation Constants,2-[2-(carboxymethoxy)phenoxy]acetic acid
CC1(C)OC1C1CC(C2CCC3(C)C4=CCC5C(C)(C)C(=O)CCC5(C)C4CCC23C)C(O)O1,CC1(C)OC1C1CC(C2CCC3(C)C4=CCC5C(C)(C)C(=O)CCC5(C)C4CCC23C)C(O)O1,bitter,phytocompounds_db,"17-[5-(3,3-dimethyloxiran-2-yl)-2-hydroxyoxolan-3-yl]-4,4,10,13,14-pentamethyl-1,2,5,6,9,11,12,15,16,17-decahydrocyclopenta[a]phenanthren-3-one"
Cc1ccc(C)c(C=CC(=O)O)c1O,Cc1ccc(C)c(C=CC(=O)O)c1O,sour,IUPAC Dissocation Constants,"3-(2-hydroxy-3,6-dimethylphenyl)prop-2-enoic acid"
O=C(O)COc1cccc(Cl)c1,O=C(O)COc1cccc(Cl)c1,sour,IUPAC Dissocation Constants,2-(3-chlorophenoxy)acetic acid
CC(=O)OC(C)(C)C=CC(=O)C(C)(O)C1C(O)CC2(C)C3CC=C4C(CC(O)C(=O)C4(C)C)C3(CO)C(=O)CC12C,CC(=O)OC(C)(C)C=CC(=O)C(C)(O)C1C(O)CC2(C)C3CC=C4C(CC(O)C(=O)C4(C)C)C3(CO)C(=O)CC12C,bitter,phytocompounds_db,"[6-[2,16-dihydroxy-9-(hydroxymethyl)-4,4,13,14-tetramethyl-3,11-dioxo-2,7,8,10,12,15,16,17-octahydro-1H-cyclopenta[a]phenanthren-17-yl]-6-hydroxy-2-methyl-5-oxohept-3-en-2-yl] acetate"
Cc1c(-c2ccccc2)[nH]oc1=O,Cc1c(-c2ccccc2)[nH]oc1=O,sour,IUPAC Dissocation Constants,"4-methyl-3-phenyl-2H-1,2-oxazol-5-one"
C=C1C(=O)OC2CC3(C)OC3CCC(C)=CC(OC(C)=O)C12,C=C1C(=O)OC2CC3(C)OC3CCC(C)=CC(OC(C)=O)C12,bitter,phytocompounds_db,"(3,8-dimethyl-12-methylidene-13-oxo-4,14-dioxatricyclo[9.3.0.03,5]tetradec-8-en-10-yl) acetate"
CCC(CC(=O)O)(C(=O)O)c1ccccc1,CCC(CC(=O)O)(C(=O)O)c1ccccc1,sour,IUPAC Dissocation Constants,2-ethyl-2-phenylbutanedioic acid
O=C(O)c1c2ccccc2nc2ccccc12,O=C(O)c1c2ccccc2nc2ccccc12,sour,IUPAC Dissocation Constants,acridine-9-carboxylic acid
CN(C)c1ccn([C@@H]2O[C@H](CO)[C@@H](O)[C@H]2O)c(=O)n1,CN(C)c1ccn([C@@H]2O[C@H](CO)[C@@H](O)[C@H]2O)c(=O)n1,sour,IUPAC Dissocation Constants,"1-[(2R,3R,4S,5R)-3,4-dihydroxy-5-(hydroxymethyl)oxolan-2-yl]-4-(dimethylamino)pyrimidin-2-one"
CCC(C)(C)C(=O)O,CCC(C)(C)C(=O)O,sour,IUPAC Dissocation Constants,"2,2-dimethylbutanoic acid"
CC(=O)C1CC(CC(=O)O)C1(C)C,CC(=O)C1CC(CC(=O)O)C1(C)C,sour,IUPAC Dissocation Constants,"2-(3-acetyl-2,2-dimethylcyclobutyl)acetic acid"
CC1=C(C(=O)O)C(C)(C)CC(OC2OC(CO)C(O)C(O)C2O)C1,CC1=C(C(=O)O)C(C)(C)CC(OC2OC(CO)C(O)C(O)C2O)C1,bitter,phytocompounds_db,"2,6,6-trimethyl-4-[3,4,5-trihydroxy-6-(hydroxymethyl)oxan-2-yl]oxycyclohexene-1-carboxylic acid"
CC(C)c1ccc2c(c1)CC[C@H]1[C@](C)(C(=O)O)CCC[C@]21C,CC(C)c1ccc2c(c1)CC[C@H]1[C@](C)(C(=O)O)CCC[C@]21C,sour,IUPAC Dissocation Constants,"(1R,4aS,10aR)-1,4a-dimethyl-7-propan-2-yl-2,3,4,9,10,10a-hexahydrophenanthrene-1-carboxylic acid"
O=C(O)CN(CC(=O)O)c1ccc(N(CC(=O)O)CC(=O)O)cc1,O=C(O)CN(CC(=O)O)c1ccc(N(CC(=O)O)CC(=O)O)cc1,sour,IUPAC Dissocation Constants,2-[4-[bis(carboxymethyl)amino]-N-(carboxymethyl)anilino]acetic acid
CC1CCC2(OC1)OC1CC3C4CCC5CC(OC6OC(COC7OC(CO)C(O)C(O)C7O)C(OC7OC(C)C(O)C(O)C7O)C(O)C6OC6OC(CO)C(O)C(O)C6O)CCC5(C)C4CCC3(C)C1C2C,CC1CCC2(OC1)OC1CC3C4CCC5CC(OC6OC(COC7OC(CO)C(O)C(O)C7O)C(OC7OC(C)C(O)C(O)C7O)C(O)C6OC6OC(CO)C(O)C(O)C6O)CCC5(C)C4CCC3(C)C1C2C,bitter,phytocompounds_db,"2-[4-hydroxy-6-(5',7,9,13-tetramethylspiro[5-oxapentacyclo[10.8.0.02,9.04,8.013,18]icosane-6,2'-oxane]-16-yl)oxy-5-[3,4,5-trihydroxy-6-(hydroxymethyl)oxan-2-yl]oxy-2-[[3,4,5-trihydroxy-6-(hydroxymethyl)oxan-2-yl]oxymethyl]oxan-3-yl]oxy-6-methyloxane-3,4,5-triol"
Cc1cccc(=O)c(O)c1C(=O)O,Cc1cccc(=O)c(O)c1C(=O)O,sour,IUPAC Dissocation Constants,"2-hydroxy-7-methyl-3-oxocyclohepta-1,4,6-triene-1-carboxylic acid"
O=C(O)[C@H]1CC=CC[C@H]1C(=O)O,O=C(O)[C@H]1CC=CC[C@H]1C(=O)O,sour,IUPAC Dissocation Constants,"(1S,2R)-cyclohex-4-ene-1,2-dicarboxylic acid"
NC(N)=NCCCC(NC(=O)C1CCCN1)C(=O)O,NC(N)=NCCCC(NC(=O)C1CCCN1)C(=O)O,bitter,chemtastes_db,5-(diaminomethylideneamino)-2-(pyrrolidine-2-carbonylamino)pentanoic acid
CC(C)CC1NC(=O)C2CCCN2C1=O,CC(C)CC1NC(=O)C2CCCN2C1=O,bitter,chemtastes_db,"3-(2-methylpropyl)-2,3,6,7,8,8a-hexahydropyrrolo[1,2-a]pyrazine-1,4-dione"
COc1ccc2c(c1)[nH]c1c(C)nccc12,COc1ccc2c(c1)[nH]c1c(C)nccc12,bitter,phytocompounds_db,"7-methoxy-1-methyl-9H-pyrido[3,4-b]indole"
CC(CCC(=O)O)c1ccccc1,CC(CCC(=O)O)c1ccccc1,sour,IUPAC Dissocation Constants,4-phenylpentanoic acid
CC(Cl)(CC([N+](=O)[O-])[N+](=O)[O-])[N+](=O)[O-],CC(Cl)(CC([N+](=O)[O-])[N+](=O)[O-])[N+](=O)[O-],sour,IUPAC Dissocation Constants,"3-chloro-1,1,3-trinitrobutane"
CC(=O)Nc1ccc(O)c([N+](=O)[O-])c1,CC(=O)Nc1ccc(O)c([N+](=O)[O-])c1,sour,IUPAC Dissocation Constants,N-(4-hydroxy-3-nitrophenyl)acetamide
COc1ccc2cc1-c1cc(ccc1O)CC1c3cc4c(cc3CCN1C)Oc1c(OC)cc3c(c1O4)C(C2)N(C)CC3,COc1ccc2cc1-c1cc(ccc1O)CC1c3cc4c(cc3CCN1C)Oc1c(OC)cc3c(c1O4)C(C2)N(C)CC3,bitter,chemtastes_db,"16,27-dimethoxy-7,22-dimethyl-29,31-dioxa-7,22-diazaoctacyclo[19.9.3.14,30.110,14.115,19.03,8.025,33.028,32]hexatriaconta-1(30),2,4(34),10(36),11,13,15,17,19(35),25,27,32-dodecaen-13-ol"
COc1cc2c(c(O)c1C(=O)C=Cc1ccc(O)cc1)CC(O)C(C)(C)O2,COc1cc2c(c(O)c1C(=O)C=Cc1ccc(O)cc1)CC(O)C(C)(C)O2,bitter,chemtastes_db,"1-(3,5-dihydroxy-7-methoxy-2,2-dimethyl-3,4-dihydrochromen-6-yl)-3-(4-hydroxyphenyl)prop-2-en-1-one"
Cc1cc([N+](=O)[O-])cc([N+](=O)[O-])c1O,Cc1cc([N+](=O)[O-])cc([N+](=O)[O-])c1O,sour,IUPAC Dissocation Constants,"2-methyl-4,6-dinitrophenol"
CC(=O)OC1CC2C(C=C(C)CCC=C1C)OC(=O)C2C,CC(=O)OC1CC2C(C=C(C)CCC=C1C)OC(=O)C2C,bitter,chemtastes_db,"(3,6,10-trimethyl-2-oxo-3a,4,5,8,9,11a-hexahydro-3H-cyclodeca[b]furan-5-yl) acetate"
NC(=O)NCCCC(NC(=O)c1ccccc1)C(=O)O,NC(=O)NCCCC(NC(=O)c1ccccc1)C(=O)O,sour,IUPAC Dissocation Constants,2-benzamido-5-(carbamoylamino)pentanoic acid
O=[N+]([O-])C[N+](=O)[O-],O=[N+]([O-])C[N+](=O)[O-],sour,IUPAC Dissocation Constants,dinitromethane
CC(Br)C(=O)O,CC(Br)C(=O)O,sour,IUPAC Dissocation Constants,2-bromopropanoic acid
CC(C)(OC(C)(C)C(=O)O)C(=O)O,CC(C)(OC(C)(C)C(=O)O)C(=O)O,sour,IUPAC Dissocation Constants,2-(2-carboxypropan-2-yloxy)-2-methylpropanoic acid
CCCC(CC(=O)O)(CC(=O)O)c1ccccc1,CCCC(CC(=O)O)(CC(=O)O)c1ccccc1,sour,IUPAC Dissocation Constants,3-phenyl-3-propylpentanedioic acid
O=C1OCC2OC(=O)c3cc(O)c(O)c(O)c3-c3c(O)c(O)c(O)c4c3C(=O)OC(C2OC(=O)c2cc(O)c(O)c(O)c2-c2c1cc(O)c(O)c2O)C1OC(=O)c2c-4c(O)c(O)c(O)c2C1C1(O)OCC(O)C(O)C1O,O=C1OCC2OC(=O)c3cc(O)c(O)c(O)c3-c3c(O)c(O)c(O)c4c3C(=O)OC(C2OC(=O)c2cc(O)c(O)c(O)c2-c2c1cc(O)c(O)c2O)C1OC(=O)c2c-4c(O)c(O)c(O)c2C1C1(O)OCC(O)C(O)C1O,bitter,phytocompounds_db,"7,8,9,12,13,14,25,26,27,30,31,32,35,36,37-pentadecahydroxy-46-(2,3,4,5-tetrahydroxyoxan-2-yl)-3,18,21,41,43-pentaoxanonacyclo[27.13.3.138,42.02,20.05,10.011,16.023,28.033,45.034,39]hexatetraconta-5,7,9,11,13,15,23,25,27,29(45),30,32,34(39),35,37-pentadecaene-4,17,22,40,44-pentone"
CNC(N)=S,CNC(N)=S,bitter,chemtastes_db,methylthiourea
CC1CCC2C(C)C3C(CC4C5CC=C6CC(O)CCC6(C)C5CCC43C)N2C1,CC1CCC2C(C)C3C(CC4C5CC=C6CC(O)CCC6(C)C5CCC43C)N2C1,bitter,chemtastes_db,"10,14,16,20-tetramethyl-22-azahexacyclo[12.10.0.02,11.05,10.015,23.017,22]tetracos-4-en-7-ol"
O=C(O)CCSCC(=O)O,O=C(O)CCSCC(=O)O,sour,IUPAC Dissocation Constants,3-(carboxymethylsulfanyl)propanoic acid
CC12CCC3C(CCC4(O)CC(O)CCC34C=O)C1(O)CCC2C1=CC(=O)OC1,CC12CCC3C(CCC4(O)CC(O)CCC34C=O)C1(O)CCC2C1=CC(=O)OC1,bitter,phytocompounds_db,"3,5,14-trihydroxy-13-methyl-17-(5-oxo-2H-furan-3-yl)-2,3,4,6,7,8,9,11,12,15,16,17-dodecahydro-1H-cyclopenta[a]phenanthrene-10-carbaldehyde"
CC1CCC2(OC1)OC1CC3C4CC=C5CC(OC6OC(CO)C(OC7OC(C)C(O)C(O)C7O)C(O)C6OC6OC(C)C(O)C(O)C6O)CCC5(C)C4CCC3(C)C1C2C,CC1CCC2(OC1)OC1CC3C4CC=C5CC(OC6OC(CO)C(OC7OC(C)C(O)C(O)C7O)C(O)C6OC6OC(C)C(O)C(O)C6O)CCC5(C)C4CCC3(C)C1C2C,bitter,chemtastes_db,"2-[4-hydroxy-2-(hydroxymethyl)-6-(5',7,9,13-tetramethylspiro[5-oxapentacyclo[10.8.0.02,9.04,8.013,18]icos-18-ene-6,2'-oxane]-16-yl)oxy-5-(3,4,5-trihydroxy-6-methyloxan-2-yl)oxyoxan-3-yl]oxy-6-methyloxane-3,4,5-triol"
O=C(O)C1C(C(=O)O)C12c1ccccc1-c1ccccc12,O=C(O)C1C(C(=O)O)C12c1ccccc1-c1ccccc12,sour,IUPAC Dissocation Constants,"spiro[cyclopropane-3,9'-fluorene]-1,2-dicarboxylic acid"
CC1OC(OC2C(Oc3cc(O)c4c(c3)OC(c3ccccc3)CC4=O)OC(CO)C(O)C2O)C(O)C(O)C1O,CC1OC(OC2C(Oc3cc(O)c4c(c3)OC(c3ccccc3)CC4=O)OC(CO)C(O)C2O)C(O)C(O)C1O,bitter,phytocompounds_db,"7-[4,5-dihydroxy-6-(hydroxymethyl)-3-(3,4,5-trihydroxy-6-methyloxan-2-yl)oxyoxan-2-yl]oxy-5-hydroxy-2-phenyl-2,3-dihydrochromen-4-one"
CCCN(CCC)C(=S)S,CCCN(CCC)C(=S)S,sour,IUPAC Dissocation Constants,dipropylcarbamodithioic acid
O=Cc1ccc(C(=O)O)cc1,O=Cc1ccc(C(=O)O)cc1,sour,IUPAC Dissocation Constants,4-formylbenzoic acid
N[C@@H](Cc1cnc[nH]1)C(=O)O,N[C@@H](Cc1cnc[nH]1)C(=O)O,sour,IUPAC Dissocation Constants,(2S)-2-amino-3-(1H-imidazol-5-yl)propanoic acid
CC(C)(C)C(C)(CC(=O)O)CC(=O)O,CC(C)(C)C(C)(CC(=O)O)CC(=O)O,sour,IUPAC Dissocation Constants,3-tert-butyl-3-methylpentanedioic acid
CC(Cc1ccc(NS(C)(=O)=O)cc1)NC(=O)C(N)CC(=O)O,CC(Cc1ccc(NS(C)(=O)=O)cc1)NC(=O)C(N)CC(=O)O,bitter,chemtastes_db,3-amino-4-[1-[4-(methanesulfonamido)phenyl]propan-2-ylamino]-4-oxobutanoic acid
O=C(O)CCC1CCOC1=O,O=C(O)CCC1CCOC1=O,sour,IUPAC Dissocation Constants,3-(2-oxooxolan-3-yl)propanoic acid
Cc1c(Cl)cc([N+](=O)[O-])c(O)c1[N+](=O)[O-],Cc1c(Cl)cc([N+](=O)[O-])c(O)c1[N+](=O)[O-],sour,IUPAC Dissocation Constants,"4-chloro-3-methyl-2,6-dinitrophenol"
NNC(=O)c1cccc([N+](=O)[O-])c1,NNC(=O)c1cccc([N+](=O)[O-])c1,sour,IUPAC Dissocation Constants,3-nitrobenzohydrazide
O=C1C=C(O)C(=O)c2ccccc21,O=C1C=C(O)C(=O)c2ccccc21,sour,IUPAC Dissocation Constants,"4-hydroxynaphthalene-1,2-dione"
O=C(O)C1=CCC=CC1C(=O)O,O=C(O)C1=CCC=CC1C(=O)O,sour,IUPAC Dissocation Constants,"cyclohexa-2,5-diene-1,2-dicarboxylic acid"
COC(=O)c1cc(O)cc(C(=O)OC)n1,COC(=O)c1cc(O)cc(C(=O)OC)n1,sour,IUPAC Dissocation Constants,"dimethyl 4-oxo-1H-pyridine-2,6-dicarboxylate"
C=C1C(=O)C23CC1CCC2C12COC(O)C1C(C)(C)C(O)CC2OC3=O,C=C1C(=O)C23CC1CCC2C12COC(O)C1C(C)(C)C(O)CC2OC3=O,bitter,chemtastes_db,"6,9-dihydroxy-7,7-dimethyl-17-methylidene-3,10-dioxapentacyclo[14.2.1.01,13.04,12.08,12]nonadecane-2,18-dione"
Cn1ncc(=O)[nH]c1=O,Cn1ncc(=O)[nH]c1=O,sour,IUPAC Dissocation Constants,"2-methyl-1,2,4-triazine-3,5-dione"
CC(=CC(C)C)C(=O)O,CC(=CC(C)C)C(=O)O,sour,flavor_db,"2,4-dimethylpent-2-enoic acid"
COc1ccc2c(c1OC)CN1CCc3cc4c(cc3C1C2)OCO4,COc1ccc2c(c1OC)CN1CCc3cc4c(cc3C1C2)OCO4,bitter,phytocompounds_db,"16,17-dimethoxy-5,7-dioxa-13-azapentacyclo[11.8.0.02,10.04,8.015,20]henicosa-2,4(8),9,15(20),16,18-hexaene"
CCCSP(=O)(O)CC,CCCSP(=O)(O)CC,sour,IUPAC Dissocation Constants,ethyl(propylsulfanyl)phosphinic acid
COc1ccc(CC(C)c2ccccc2)cc1O,COc1ccc(CC(C)c2ccccc2)cc1O,bitter,chemtastes_db,2-methoxy-5-(2-phenylpropyl)phenol
CC(C)=CCC1=C(O)C(C(=O)CC(C)C)=C(O)C1O,CC(C)=CCC1=C(O)C(C(=O)CC(C)C)=C(O)C1O,bitter,phytocompounds_db,"3-methyl-1-[2,3,5-trihydroxy-4-(3-methylbut-2-enyl)cyclopenta-1,4-dien-1-yl]butan-1-one"
CC(C)(O)C=CC(=O)C(C)(O)C1C(O)CC2(C)C3CC=C4C(CC(O)C(O)C4(C)C)C3(C)C(=O)CC12C,CC(C)(O)C=CC(=O)C(C)(O)C1C(O)CC2(C)C3CC=C4C(CC(O)C(O)C4(C)C)C3(C)C(=O)CC12C,bitter,phytocompounds_db,"17-(2,6-dihydroxy-6-methyl-3-oxohept-4-en-2-yl)-2,3,16-trihydroxy-4,4,9,13,14-pentamethyl-1,2,3,7,8,10,12,15,16,17-decahydrocyclopenta[a]phenanthren-11-one"
CCOc1nc(=O)[nH]cc1[N+](=O)[O-],CCOc1nc(=O)[nH]cc1[N+](=O)[O-],sour,IUPAC Dissocation Constants,6-ethoxy-5-nitro-1H-pyrimidin-2-one
CN(C)Cc1cc(Cl)cc(CN(C)C)c1O,CN(C)Cc1cc(Cl)cc(CN(C)C)c1O,sour,IUPAC Dissocation Constants,"4-chloro-2,6-bis[(dimethylamino)methyl]phenol"
O=C1CC(c2ccc(O)cc2)Oc2cc(O)ccc21,O=C1CC(c2ccc(O)cc2)Oc2cc(O)ccc21,bitter,chemtastes_db,"7-hydroxy-2-(4-hydroxyphenyl)-2,3-dihydrochromen-4-one"
COc1ccc2c(c1)C13CCCCC1C(C2)N(C)CC3,COc1ccc2c(c1)C13CCCCC1C(C2)N(C)CC3,bitter,chemtastes_db,"4-methoxy-17-methyl-17-azatetracyclo[7.5.3.01,10.02,7]heptadeca-2(7),3,5-triene"
CCOC(=O)c1ccc([N+](=O)[O-])c(O)c1,CCOC(=O)c1ccc([N+](=O)[O-])c(O)c1,sour,IUPAC Dissocation Constants,ethyl 3-hydroxy-4-nitrobenzoate
C=CCC(=NOS(=O)(=O)O)SC1OC(CO)C(O)C(O)C1O,C=CCC(=NOS(=O)(=O)O)SC1OC(CO)C(O)C(O)C1O,bitter,flavor_db,"[3,4,5-trihydroxy-6-(hydroxymethyl)oxan-2-yl] N-sulfooxybut-3-enimidothioate"
CC1CCC2(C(=O)OC3OC(CO)C(O)C(O)C3O)CCC3(C)C(=CCC4C5(C)CC(O)C(O)C(C)(CO)C5CCC43C)C2C1(C)O,CC1CCC2(C(=O)OC3OC(CO)C(O)C(O)C3O)CCC3(C)C(=CCC4C5(C)CC(O)C(O)C(C)(CO)C5CCC43C)C2C1(C)O,bitter,phytocompounds_db,"[3,4,5-trihydroxy-6-(hydroxymethyl)oxan-2-yl] 1,10,11-trihydroxy-9-(hydroxymethyl)-1,2,6a,6b,9,12a-hexamethyl-2,3,4,5,6,6a,7,8,8a,10,11,12,13,14b-tetradecahydropicene-4a-carboxylate"
O=P(O)(O)Oc1cccc2cccnc12,O=P(O)(O)Oc1cccc2cccnc12,sour,IUPAC Dissocation Constants,quinolin-8-yl dihydrogen phosphate
COc1ccc(C(=O)O)c2ccccc12,COc1ccc(C(=O)O)c2ccccc12,sour,IUPAC Dissocation Constants,4-methoxynaphthalene-1-carboxylic acid
O=C(O)C1=CCCCC1C(=O)O,O=C(O)C1=CCCCC1C(=O)O,sour,IUPAC Dissocation Constants,"cyclohex-2-ene-1,2-dicarboxylic acid"
O=C(O)c1ccccc1C1CC1,O=C(O)c1ccccc1C1CC1,sour,IUPAC Dissocation Constants,2-cyclopropylbenzoic acid
Clc1ccc(COC(Cn2ccnc2)c2ccc(Cl)cc2Cl)c(Cl)c1,Clc1ccc(COC(Cn2ccnc2)c2ccc(Cl)cc2Cl)c(Cl)c1,bitter,chemtastes_db,"1-[2-(2,4-dichlorophenyl)-2-[(2,4-dichlorophenyl)methoxy]ethyl]imidazole"
CC1=C2C3OC(=O)C(C)C3CCC2(C)C(O)CC1,CC1=C2C3OC(=O)C(C)C3CCC2(C)C(O)CC1,bitter,chemtastes_db,"6-hydroxy-3,5a,9-trimethyl-3,3a,4,5,6,7,8,9b-octahydrobenzo[g][1]benzofuran-2-one"
O=C(O)CI,O=C(O)CI,sour,IUPAC Dissocation Constants,2-iodoacetic acid
CC(=O)OCC1OC(OC2(COC(C)=O)OC(COC(C)=O)C(OC(C)=O)C2OC(C)=O)C(OC(C)=O)C(OC(C)=O)C1OC(C)=O,CC(=O)OCC1OC(OC2(COC(C)=O)OC(COC(C)=O)C(OC(C)=O)C2OC(C)=O)C(OC(C)=O)C(OC(C)=O)C1OC(C)=O,bitter,chemtastes_db,"[3,4,5-triacetyloxy-6-[3,4-diacetyloxy-2,5-bis(acetyloxymethyl)oxolan-2-yl]oxyoxan-2-yl]methyl acetate"
O=C(C=CC=CCCc1ccc2c(c1)OCO2)N1CCCCC1,O=C(C=CC=CCCc1ccc2c(c1)OCO2)N1CCCCC1,bitter,phytocompounds_db,"7-(1,3-benzodioxol-5-yl)-1-piperidin-1-ylhepta-2,4-dien-1-one"
Nc1cc(Cl)ccc1C(=O)O,Nc1cc(Cl)ccc1C(=O)O,sour,IUPAC Dissocation Constants,2-amino-4-chlorobenzoic acid
O=C(O)C(O)c1ccccc1Br,O=C(O)C(O)c1ccccc1Br,sour,IUPAC Dissocation Constants,2-(2-bromophenyl)-2-hydroxyacetic acid
COCC(=O)O,COCC(=O)O,sour,IUPAC Dissocation Constants,2-methoxyacetic acid
Sc1ncc(Br)cn1,Sc1ncc(Br)cn1,sour,IUPAC Dissocation Constants,5-bromo-1H-pyrimidine-2-thione
CCC1CN2CCc3cc(OC)c(OC)cc3C2CC1CC1NCCc2cc(O)c(OC)cc21,CCC1CN2CCc3cc(OC)c(OC)cc3C2CC1CC1NCCc2cc(O)c(OC)cc21,bitter,chemtastes_db,"1-[(3-ethyl-9,10-dimethoxy-2,3,4,6,7,11b-hexahydro-1H-benzo[a]quinolizin-2-yl)methyl]-7-methoxy-1,2,3,4-tetrahydroisoquinolin-6-ol"
O=NN(CC(=O)O)CC(=O)O,O=NN(CC(=O)O)CC(=O)O,sour,IUPAC Dissocation Constants,2-[carboxymethyl(nitroso)amino]acetic acid
CCCCN(CCCC)CCN1C(=O)c2ccccc2S1(=O)=O,CCCCN(CCCC)CCN1C(=O)c2ccccc2S1(=O)=O,bitter,chemtastes_db,"2-[2-(dibutylamino)ethyl]-1,1-dioxo-1,2-benzothiazol-3-one"
COc1c2occc2cc2ccc(=O)oc12,COc1c2occc2cc2ccc(=O)oc12,bitter,chemtastes_db,"9-methoxyfuro[3,2-g]chromen-7-one"
Oc1nc2cncnc2nc1S,Oc1nc2cncnc2nc1S,sour,IUPAC Dissocation Constants,"7-sulfanylidene-5,8-dihydropteridin-6-one"
CCOC(=O)CNc1cccc(C(=O)O)c1,CCOC(=O)CNc1cccc(C(=O)O)c1,sour,IUPAC Dissocation Constants,3-[(2-ethoxy-2-oxoethyl)amino]benzoic acid
Nc1ccc(NC(=O)c2ccccc2)cc1,Nc1ccc(NC(=O)c2ccccc2)cc1,sour,IUPAC Dissocation Constants,N-(4-aminophenyl)benzamide
O=C(O)CSc1cccc(C(F)(F)F)c1,O=C(O)CSc1cccc(C(F)(F)F)c1,sour,IUPAC Dissocation Constants,2-[3-(trifluoromethyl)phenyl]sulfanylacetic acid
O=C(O)c1ccncc1,O=C(O)c1ccncc1,sour,IUPAC Dissocation Constants,pyridine-4-carboxylic acid
O=C(O)[C@H]1CCCCC[C@H]1C(=O)O,O=C(O)[C@H]1CCCCC[C@H]1C(=O)O,sour,IUPAC Dissocation Constants,"(1S,2R)-cycloheptane-1,2-dicarboxylic acid"
CC1=CC2C3C4C(=C(C)C3C13C1OC(=O)C(C)C1CCC(C)(O)C23)C1OC(=O)C(C)C1CCC4(C)O,CC1=CC2C3C4C(=C(C)C3C13C1OC(=O)C(C)C1CCC(C)(O)C23)C1OC(=O)C(C)C1CCC4(C)O,bitter,chemtastes_db,"12,17-dihydroxy-3,8,12,17,21,25-hexamethyl-6,23-dioxaheptacyclo[13.9.2.01,16.02,14.04,13.05,9.020,24]hexacosa-3,25-diene-7,22-dione"
CCN(CC)C(=O)CSc1ccc(Cl)nn1,CCN(CC)C(=O)CSc1ccc(Cl)nn1,bitter,chemtastes_db,"2-(6-chloropyridazin-3-yl)sulfanyl-N,N-diethylacetamide"
CC(C(=O)O)c1ccccc1,CC(C(=O)O)c1ccccc1,sour,IUPAC Dissocation Constants,2-phenylpropanoic acid
CC(C)=CC(=O)O,CC(C)=CC(=O)O,sour,IUPAC Dissocation Constants,3-methylbut-2-enoic acid
C=C1C(=O)OC2C1CCC1(C)C(O)CC(=O)C(C)C21,C=C1C(=O)OC2C1CCC1(C)C(O)CC(=O)C(C)C21,bitter,chemtastes_db,"6-hydroxy-5a,9-dimethyl-3-methylidene-3a,4,5,6,7,9,9a,9b-octahydrobenzo[g][1]benzofuran-2,8-dione"
CC(C)(O)C(=O)O,CC(C)(O)C(=O)O,sour,IUPAC Dissocation Constants,2-hydroxy-2-methylpropanoic acid
CC1(CC(=O)O)N=N1,CC1(CC(=O)O)N=N1,sour,IUPAC Dissocation Constants,2-(3-methyldiazirin-3-yl)acetic acid
C=CC(C)(O)CCC1C(C)(O)CCC2C(C)(C)CCCC21C,C=CC(C)(O)CCC1C(C)(O)CCC2C(C)(C)CCCC21C,bitter,phytocompounds_db,"1-(3-hydroxy-3-methylpent-4-enyl)-2,5,5,8a-tetramethyl-3,4,4a,6,7,8-hexahydro-1H-naphthalen-2-ol"
O=C(O)c1cccnc1,O=C(O)c1cccnc1,sour,phytocompounds_db,pyridine-3-carboxylic acid
CC(=O)C(CC(=O)O)C(=O)O,CC(=O)C(CC(=O)O)C(=O)O,sour,IUPAC Dissocation Constants,2-acetylbutanedioic acid
CCCC(C)C(=O)O,CCCC(C)C(=O)O,sour,flavor_db,2-methylpentanoic acid
O=C(O)c1cc(O)c2c(c1)C(=O)c1cccc(O)c1C2=O,O=C(O)c1cc(O)c2c(c1)C(=O)c1cccc(O)c1C2=O,bitter,phytocompounds_db,"4,5-dihydroxy-9,10-dioxoanthracene-2-carboxylic acid"
COc1cc(OC)c2c(=O)cc(-c3ccccc3)oc2c1,COc1cc(OC)c2c(=O)cc(-c3ccccc3)oc2c1,bitter,chemtastes_db,"5,7-dimethoxy-2-phenylchromen-4-one"
CCc1ccc(C=O)cc1,CCc1ccc(C=O)cc1,bitter,flavor_db,4-ethylbenzaldehyde
CC(O)(CO)C1CC=CCC1,CC(O)(CO)C1CC=CCC1,bitter,chemtastes_db,"2-cyclohex-3-en-1-ylpropane-1,2-diol"
N[C@@H](Cc1cnc[nH]1)C(=O)NCC(=O)O,N[C@@H](Cc1cnc[nH]1)C(=O)NCC(=O)O,sour,IUPAC Dissocation Constants,2-[[(2S)-2-amino-3-(1H-imidazol-5-yl)propanoyl]amino]acetic acid
CC(CC(=O)O)(C(=O)O)c1ccccc1,CC(CC(=O)O)(C(=O)O)c1ccccc1,sour,IUPAC Dissocation Constants,2-methyl-2-phenylbutanedioic acid
C1CCNCC1,C1CCNCC1,bitter,chemtastes_db,piperidine
CC(=O)c1cc([N+](=O)[O-])cc([N+](=O)[O-])c1O,CC(=O)c1cc([N+](=O)[O-])cc([N+](=O)[O-])c1O,sour,IUPAC Dissocation Constants,"1-(2-hydroxy-3,5-dinitrophenyl)ethanone"
O=C(O)CS(=O)c1ccc(Br)cc1,O=C(O)C[S+]([O-])c1ccc(Br)cc1,sour,IUPAC Dissocation Constants,2-(4-bromophenyl)sulfinylacetic acid
CC(=O)OCC1OC(Oc2cc(O)c3c(=O)c(-c4ccc(O)cc4)coc3c2)C(O)C(O)C1O,CC(=O)OCC1OC(Oc2cc(O)c3c(=O)c(-c4ccc(O)cc4)coc3c2)C(O)C(O)C1O,bitter,chemtastes_db,"[3,4,5-trihydroxy-6-[5-hydroxy-3-(4-hydroxyphenyl)-4-oxochromen-7-yl]oxyoxan-2-yl]methyl acetate"
O=C(O)C[As](CC(=O)O)c1ccccc1,O=C(O)C[As](CC(=O)O)c1ccccc1,sour,IUPAC Dissocation Constants,2-[carboxymethyl(phenyl)arsanyl]acetic acid
CN1c2ccccc2C(=O)N2CCc3c([nH]c4ccc(O)cc34)C21,CN1c2ccccc2C(=O)N2CCc3c([nH]c4ccc(O)cc34)C21,bitter,phytocompounds_db,"7-hydroxy-21-methyl-3,13,21-triazapentacyclo[11.8.0.02,10.04,9.015,20]henicosa-2(10),4(9),5,7,15,17,19-heptaen-14-one"
COc1ccc2c(=O)cc(-c3ccc4c(c3)OCO4)n(C)c2c1,COc1ccc2c(=O)cc(-c3ccc4c(c3)OCO4)n(C)c2c1,bitter,phytocompounds_db,"2-(1,3-benzodioxol-5-yl)-7-methoxy-1-methylquinolin-4-one"
CC1=CC(O)C(O)C2(C)C1CC1OC(=O)C(O)C3(O)C4(C)OCC13C2C(O)C4O,CC1=CC(O)C(O)C2(C)C1CC1OC(=O)C(O)C3(O)C4(C)OCC13C2C(O)C4O,bitter,phytocompounds_db,"2,3,11,12,15,16-hexahydroxy-9,13,17-trimethyl-5,18-dioxapentacyclo[12.5.0.01,6.02,17.08,13]nonadec-9-en-4-one"
CCCCCC(O)C(O)C=CC(O)CCCCCCCC(=O)O,CCCCCC(O)C(O)C=CC(O)CCCCCCCC(=O)O,bitter,chemtastes_db,"9,12,13-trihydroxyoctadec-10-enoic acid"
O=C1CNC(=O)C(Cc2ccccc2)N1,O=C1CNC(=O)C(Cc2ccccc2)N1,bitter,chemtastes_db,"3-benzylpiperazine-2,5-dione"
C=CCSCC(=O)O,C=CCSCC(=O)O,sour,IUPAC Dissocation Constants,2-prop-2-enylsulfanylacetic acid
CCNc1ccccc1C(=O)O,CCNc1ccccc1C(=O)O,sour,IUPAC Dissocation Constants,2-(ethylamino)benzoic acid
O=C(O)C1C2CCC(CC2)C1C(=O)O,O=C(O)C1C2CCC(CC2)C1C(=O)O,sour,IUPAC Dissocation Constants,"bicyclo[2.2.2]octane-2,3-dicarboxylic acid"
Cc1ncc(C[n+]2csc(CCO)c2C)c(N)n1.Cl.[Cl-],Cc1ncc(C[n+]2csc(CCO)c2C)c(N)n1.Cl.[Cl-],bitter,chemtastes_db,"2-[3-[(4-amino-2-methylpyrimidin-5-yl)methyl]-4-methyl-1,3-thiazol-3-ium-5-yl]ethanol;chloride;hydrochloride"
O=c1c(O)c(-c2ccc(O)c(O)c2)oc2c(O)c(O)cc(O)c12,O=c1c(O)c(-c2ccc(O)c(O)c2)oc2c(O)c(O)cc(O)c12,bitter,chemtastes_db,"2-(3,4-dihydroxyphenyl)-3,5,7,8-tetrahydroxychromen-4-one"
N[C@@H](CCC(=O)O)C(=O)O,N[C@@H](CCC(=O)O)C(=O)O,sour,IUPAC Dissocation Constants,(2S)-2-aminopentanedioic acid
CCCCCC(O)C(O)C=CC(=O)CCCCCCCC(=O)O,CCCCCC(O)C(O)C=CC(=O)CCCCCCCC(=O)O,bitter,phytocompounds_db,"12,13-dihydroxy-9-oxooctadec-10-enoic acid"
CC1CC2OC(=O)C3(C)CCCC(C)(C23)C1(O)CCc1ccoc1,CC1CC2OC(=O)C3(C)CCCC(C)(C23)C1(O)CCc1ccoc1,bitter,chemtastes_db,"9-[2-(furan-3-yl)ethyl]-9-hydroxy-4,8,10-trimethyl-2-oxatricyclo[6.3.1.04,12]dodecan-3-one"
O=C(O)COc1ccc(Cl)c(Cl)c1Cl,O=C(O)COc1ccc(Cl)c(Cl)c1Cl,sour,IUPAC Dissocation Constants,"2-(2,3,4-trichlorophenoxy)acetic acid"
Cc1nc2c(=O)n(C)c(=O)[nH]c2n(C)c1=O,Cc1nc2c(=O)n(C)c(=O)[nH]c2n(C)c1=O,sour,IUPAC Dissocation Constants,"3,6,8-trimethyl-1H-pteridine-2,4,7-trione"
O=S(=O)(O)ON=C(CCc1ccccc1)SC1OC(CO)C(O)C(O)C1O,O=S(=O)(O)ON=C(CCc1ccccc1)SC1OC(CO)C(O)C(O)C1O,bitter,phytocompounds_db,"[3,4,5-trihydroxy-6-(hydroxymethyl)oxan-2-yl] 3-phenyl-N-sulfooxypropanimidothioate"
O=C1OCC2OC(=O)c3cc(O)c(O)c(O)c3-c3c(O)c(O)c(O)c4c3C(=O)OC(C2OC(=O)c2cc(O)c(O)c(O)c2-c2c1cc(O)c(O)c2O)C1OC(=O)c2c-4c(O)c(O)c(O)c2C1C(=O)O,O=C1OCC2OC(=O)c3cc(O)c(O)c(O)c3-c3c(O)c(O)c(O)c4c3C(=O)OC(C2OC(=O)c2cc(O)c(O)c(O)c2-c2c1cc(O)c(O)c2O)C1OC(=O)c2c-4c(O)c(O)c(O)c2C1C(=O)O,bitter,phytocompounds_db,"7,8,9,12,13,14,25,26,27,30,31,32,35,36,37-pentadecahydroxy-4,17,22,40,44-pentaoxo-3,18,21,41,43-pentaoxanonacyclo[27.13.3.138,42.02,20.05,10.011,16.023,28.033,45.034,39]hexatetraconta-5,7,9,11,13,15,23,25,27,29(45),30,32,34(39),35,37-pentadecaene-46-carboxylic acid"
COC1CC(OC2CCC3(C)C(CCC4C3CCC3(C)C(C5=CC(=O)OC5)C(OC(C)=O)CC43O)C2)OC(C)C1O,COC1CC(OC2CCC3(C)C(CCC4C3CCC3(C)C(C5=CC(=O)OC5)C(OC(C)=O)CC43O)C2)OC(C)C1O,bitter,phytocompounds_db,"[14-hydroxy-3-(5-hydroxy-4-methoxy-6-methyloxan-2-yl)oxy-10,13-dimethyl-17-(5-oxo-2H-furan-3-yl)-1,2,3,4,5,6,7,8,9,11,12,15,16,17-tetradecahydrocyclopenta[a]phenanthren-16-yl] acetate"
CC(=O)CC(=O)C(F)(F)F,CC(=O)CC(=O)C(F)(F)F,sour,IUPAC Dissocation Constants,"1,1,1-trifluoropentane-2,4-dione"
OCC1OC(Oc2ccc3ccccc3c2)C(O)C(O)C1O,OCC1OC(Oc2ccc3ccccc3c2)C(O)C(O)C1O,bitter,chemtastes_db,"2-(hydroxymethyl)-6-naphthalen-2-yloxyoxane-3,4,5-triol"
O=c1[nH]ncc(=S)[nH]1,O=c1[nH]ncc(=S)[nH]1,sour,IUPAC Dissocation Constants,"5-sulfanylidene-2H-1,2,4-triazin-3-one"
O=C(O)c1cccc(Br)c1C(=O)O,O=C(O)c1cccc(Br)c1C(=O)O,sour,IUPAC Dissocation Constants,3-bromophthalic acid
CC(=O)OCC(OC(C)=O)C(OC(C)=O)C(OC(C)=O)C(C=O)OC(C)=O,CC(=O)OCC(OC(C)=O)C(OC(C)=O)C(OC(C)=O)C(C=O)OC(C)=O,bitter,chemtastes_db,"(2,3,4,5-tetraacetyloxy-6-oxohexyl) acetate"
COC(=O)c1ccc([N+](=O)[O-])c(O)c1,COC(=O)c1ccc([N+](=O)[O-])c(O)c1,sour,IUPAC Dissocation Constants,methyl 3-hydroxy-4-nitrobenzoate
COC(=O)C12OCC34C(CC5C(C)=C(OC6OC(CO)C(O)C(O)C6O)C(=O)CC5(C)C3C(O)C1O)OC(=O)C(OC(C)=O)C24,COC(=O)C12OCC34C(CC5C(C)=C(OC6OC(CO)C(O)C(O)C6O)C(=O)CC5(C)C3C(O)C1O)OC(=O)C(OC(C)=O)C24,bitter,phytocompounds_db,"methyl 3-acetyloxy-15,16-dihydroxy-9,13-dimethyl-4,11-dioxo-10-[3,4,5-trihydroxy-6-(hydroxymethyl)oxan-2-yl]oxy-5,18-dioxapentacyclo[12.5.0.01,6.02,17.08,13]nonadec-9-ene-17-carboxylate"
O=C(O)C[Se]c1ccc(Br)cc1,O=C(O)C[Se]c1ccc(Br)cc1,sour,IUPAC Dissocation Constants,2-(4-bromophenyl)selanylacetic acid
COC(=O)c1ccc(O)c(Cl)c1,COC(=O)c1ccc(O)c(Cl)c1,sour,IUPAC Dissocation Constants,methyl 3-chloro-4-hydroxybenzoate
O=C(O)C[Se]c1ccccc1Cl,O=C(O)C[Se]c1ccccc1Cl,sour,IUPAC Dissocation Constants,2-(2-chlorophenyl)selanylacetic acid
O=C(CCNNC(=O)c1ccncc1)NCc1ccccc1,O=C(CCNNC(=O)c1ccncc1)NCc1ccccc1,bitter,chemtastes_db,N-benzyl-3-[2-(pyridine-4-carbonyl)hydrazinyl]propanamide
O=C(O)c1ccc(Br)cc1,O=C(O)c1ccc(Br)cc1,sour,IUPAC Dissocation Constants,4-bromobenzoic acid
OCCc1ccccc1,OCCc1ccccc1,bitter,chemtastes_db,2-phenylethanol
CC1=C(O)COC1=O,CC1=C(O)COC1=O,sour,IUPAC Dissocation Constants,3-hydroxy-4-methyl-2H-furan-5-one
Cc1ccc(CCC(=O)O)cc1,Cc1ccc(CCC(=O)O)cc1,sour,IUPAC Dissocation Constants,3-(4-methylphenyl)propanoic acid
O=[N+]([O-])C(I)[N+](=O)[O-],O=[N+]([O-])C(I)[N+](=O)[O-],sour,IUPAC Dissocation Constants,iodo(dinitro)methane
CCCCCC(=O)O,CCCCCC(=O)O,sour,flavor_db,hexanoic acid
O=C(O)C1OC(Oc2cc3oc(-c4ccccc4)cc(=O)c3c(O)c2O)C(O)C(O)C1O,O=C(O)C1OC(Oc2cc3oc(-c4ccccc4)cc(=O)c3c(O)c2O)C(O)C(O)C1O,bitter,tas2r_agonists,"6-(5,6-dihydroxy-4-oxo-2-phenylchromen-7-yl)oxy-3,4,5-trihydroxyoxane-2-carboxylic acid"
CCCCCCCCCCCCCCCC(=O)O,CCCCCCCCCCCCCCCC(=O)O,bitter,phytocompounds_db,hexadecanoic acid
C=CC1C(OC2OC(CO)C(O)C(O)C2OC(C)=O)OC=C2C(=O)OCCC21O,C=CC1C(OC2OC(CO)C(O)C(O)C2OC(C)=O)OC=C2C(=O)OCCC21O,bitter,phytocompounds_db,"[2-[(4-ethenyl-4a-hydroxy-8-oxo-3,4,5,6-tetrahydropyrano[3,4-c]pyran-3-yl)oxy]-4,5-dihydroxy-6-(hydroxymethyl)oxan-3-yl] acetate"
C=CC(O)CC(=NOS(=O)(=O)O)SC1OC(CO)C(O)C(O)C1O,C=CC(O)CC(=NOS(=O)(=O)O)SC1OC(CO)C(O)C(O)C1O,bitter,chemtastes_db,"[3,4,5-trihydroxy-6-(hydroxymethyl)oxan-2-yl] 3-hydroxy-N-sulfooxypent-4-enimidothioate"
C=C1C(=O)OC2C1CCC(=O)CC1(C)CCC(O)OC21,C=C1C(=O)OC2C1CCC(=O)CC1(C)CCC(O)OC21,bitter,chemtastes_db,"14-hydroxy-11-methyl-5-methylidene-3,15-dioxatricyclo[9.4.0.02,6]pentadecane-4,9-dione"
CC1(O)c2ccoc2CC2C1C(O)C(O)C1(O)C(C)(C)CCC(=O)C21C,CC1(O)c2ccoc2CC2C1C(O)C(O)C1(O)C(C)(C)CCC(=O)C21C,bitter,phytocompounds_db,"4a,5,6,7-tetrahydroxy-4,4,7,11b-tetramethyl-3,5,6,6a,11,11a-hexahydro-2H-naphtho[2,1-f][1]benzofuran-1-one"
Cn1nnc2[nH]c(=S)[nH]c(=O)c21,Cn1nnc2[nH]c(=S)[nH]c(=O)c21,sour,IUPAC Dissocation Constants,"1-methyl-5-sulfanylidene-4H-triazolo[4,5-d]pyrimidin-7-one"
CCOC(=O)CSC(C)(C)C(=O)O,CCOC(=O)CSC(C)(C)C(=O)O,sour,IUPAC Dissocation Constants,2-(2-ethoxy-2-oxoethyl)sulfanyl-2-methylpropanoic acid
CC(Cc1cc2ccccc2[nH]1)NC(=O)C(N)CC(=O)O,CC(Cc1cc2ccccc2[nH]1)NC(=O)C(N)CC(=O)O,bitter,chemtastes_db,3-amino-4-[1-(1H-indol-2-yl)propan-2-ylamino]-4-oxobutanoic acid
Cc1c(O)c(OC2OC(CO)C(O)C(O)C2OC2OC(CO)C(O)C(O)C2O)cc2c1C=CC1C2(C)C(=O)CC2(C)C(C(C)(O)C(O)C=CC(C)(C)O)C(O)CC12C,Cc1c(O)c(OC2OC(CO)C(O)C(O)C2OC2OC(CO)C(O)C(O)C2O)cc2c1C=CC1C2(C)C(=O)CC2(C)C(C(C)(O)C(O)C=CC(C)(C)O)C(O)CC12C,bitter,phytocompounds_db,"2-[4,5-dihydroxy-6-(hydroxymethyl)-3-[3,4,5-trihydroxy-6-(hydroxymethyl)oxan-2-yl]oxyoxan-2-yl]oxy-3,16-dihydroxy-4,9,13,14-tetramethyl-17-(2,3,6-trihydroxy-6-methylhept-4-en-2-yl)-12,15,16,17-tetrahydro-8H-cyclopenta[a]phenanthren-11-one"
CCCCCCCCCC=O,CCCCCCCCCC=O,bitter,phytocompounds_db,decanal
O=c1ccc2ccc(O)cc2o1,O=c1ccc2ccc(O)cc2o1,bitter,chemtastes_db,7-hydroxychromen-2-one
CC(C(O)c1ccccc1)N(C)CC=Cc1ccccc1,CC(C(O)c1ccccc1)N(C)CC=Cc1ccccc1,bitter,chemtastes_db,2-[methyl(3-phenylprop-2-enyl)amino]-1-phenylpropan-1-ol
CC(=O)OCC1OC(OC2C(OC3(COC(=O)c4ccccc4)OC(CO)C(OC(=O)c4ccccc4)C3OC(=O)c3ccccc3)OC(COC(C)=O)C(OC(C)=O)C2OC2OC(CO)C(O)C(O)C2O)C(O)C(O)C1O,CC(=O)OCC1OC(OC2C(OC3(COC(=O)c4ccccc4)OC(CO)C(OC(=O)c4ccccc4)C3OC(=O)c3ccccc3)OC(COC(C)=O)C(OC(C)=O)C2OC2OC(CO)C(O)C(O)C2O)C(O)C(O)C1O,bitter,phytocompounds_db,"[2-[5-acetyloxy-6-(acetyloxymethyl)-3-[6-(acetyloxymethyl)-3,4,5-trihydroxyoxan-2-yl]oxy-4-[3,4,5-trihydroxy-6-(hydroxymethyl)oxan-2-yl]oxyoxan-2-yl]oxy-3,4-dibenzoyloxy-5-(hydroxymethyl)oxolan-2-yl]methyl benzoate"
COc1ccc(C=CC(=O)c2c(OC)cc3c(c2O)CCC(C)(C)O3)cc1,COc1ccc(C=CC(=O)c2c(OC)cc3c(c2O)CCC(C)(C)O3)cc1,bitter,chemtastes_db,"1-(5-hydroxy-7-methoxy-2,2-dimethyl-3,4-dihydrochromen-6-yl)-3-(4-methoxyphenyl)prop-2-en-1-one"
CCn1cc(C(=O)O)c(=O)c2cnc(N3CCNCC3)nc21,CCn1cc(C(=O)O)c(=O)c2cnc(N3CCNCC3)nc21,bitter,chemtastes_db,"8-ethyl-5-oxo-2-piperazin-1-ylpyrido[2,3-d]pyrimidine-6-carboxylic acid"
COC(C[Hg])CNC(=O)c1ccccc1OCC(=O)[O-].O.[Na+],COC(C[Hg])CNC(=O)c1ccccc1OCC(=O)[O-].O.[Na+],bitter,chemtastes_db,sodium;[3-[[2-(carboxylatomethoxy)benzoyl]amino]-2-methoxypropyl]mercury;hydrate
CCN(CC)CCNC(=O)c1ccc(N)cc1,CCN(CC)CCNC(=O)c1ccc(N)cc1,bitter,chemtastes_db,4-amino-N-[2-(diethylamino)ethyl]benzamide
CCC(CC)(C(=O)O)C(CC)(CC)C(=O)O,CCC(CC)(C(=O)O)C(CC)(CC)C(=O)O,sour,IUPAC Dissocation Constants,"2,2,3,3-tetraethylbutanedioic acid"
O=C(C=Cc1ccc(O)c(O)c1)OC(C(=O)O)C(O)C(=O)O,O=C(C=Cc1ccc(O)c(O)c1)OC(C(=O)O)C(O)C(=O)O,bitter,phytocompounds_db,"2-[3-(3,4-dihydroxyphenyl)prop-2-enoyloxy]-3-hydroxybutanedioic acid"
CC(CC(=O)O)C(=O)O,CC(CC(=O)O)C(=O)O,sour,IUPAC Dissocation Constants,2-methylbutanedioic acid
C=C(Br)CC1(C(C)C)C(=O)NC(=O)NC1=O,C=C(Br)CC1(C(C)C)C(=O)NC(=O)NC1=O,bitter,chemtastes_db,"5-(2-bromoprop-2-enyl)-5-propan-2-yl-1,3-diazinane-2,4,6-trione"
CC1(CCC(=O)O)N=N1,CC1(CCC(=O)O)N=N1,sour,IUPAC Dissocation Constants,3-(3-methyldiazirin-3-yl)propanoic acid
Cc1c(O)c(=O)ccn1C,Cc1c(O)c(=O)ccn1C,bitter,chemtastes_db,"3-hydroxy-1,2-dimethylpyridin-4-one"
O=C(O)c1ccccc1Cl,O=C(O)c1ccccc1Cl,sour,IUPAC Dissocation Constants,2-chlorobenzoic acid
NC(C(=O)CCC(=O)O)C(=O)OCc1ccccc1,NC(C(=O)CCC(=O)O)C(=O)OCc1ccccc1,sour,IUPAC Dissocation Constants,"5-amino-4,6-dioxo-6-phenylmethoxyhexanoic acid"
O=[N+]([O-])C(COCc1ccccc1)[N+](=O)[O-],O=[N+]([O-])C(COCc1ccccc1)[N+](=O)[O-],sour,IUPAC Dissocation Constants,"2,2-dinitroethoxymethylbenzene"
CC(C)C(O)(C(C)O)C1C=C(C2C(O)CC3C4=CCC5CC(OC6OC(CO)C(O)C(O)C6O)CCC5(C)C4=CCC32C)C(=O)O1,CC(C)C(O)(C(C)O)C1C=C(C2C(O)CC3C4=CCC5CC(OC6OC(CO)C(O)C(O)C6O)CCC5(C)C4=CCC32C)C(=O)O1,bitter,phytocompounds_db,"2-(2,3-dihydroxy-4-methylpentan-3-yl)-4-[16-hydroxy-10,13-dimethyl-3-[3,4,5-trihydroxy-6-(hydroxymethyl)oxan-2-yl]oxy-2,3,4,5,6,12,14,15,16,17-decahydro-1H-cyclopenta[a]phenanthren-17-yl]-2H-furan-5-one"
CCOC(=O)C(F)[N+](=O)[O-],CCOC(=O)C(F)[N+](=O)[O-],sour,IUPAC Dissocation Constants,ethyl 2-fluoro-2-nitroacetate
CP(=O)(O)O,CP(=O)(O)O,sour,IUPAC Dissocation Constants,methylphosphonic acid
Cc1ccc(C)c(C(O)C(=O)O)c1,Cc1ccc(C)c(C(O)C(=O)O)c1,sour,IUPAC Dissocation Constants,"2-(2,5-dimethylphenyl)-2-hydroxyacetic acid"
CC(Br)=CC(=O)O,CC(Br)=CC(=O)O,sour,IUPAC Dissocation Constants,3-bromobut-2-enoic acid
CC12CC(c3ccoc3)OC13CC(OC3=O)C1C3CC(CC12)OC3=O,CC12CC(c3ccoc3)OC13CC(OC3=O)C1C3CC(CC12)OC3=O,bitter,phytocompounds_db,"3-(furan-3-yl)-5-methyl-2,9,14-trioxapentacyclo[11.2.1.18,11.01,5.06,12]heptadecane-10,15-dione"
CN(C)C(=N)N=C(N)N,CN(C)C(=N)N=C(N)N,bitter,flavor_db,"3-(diaminomethylidene)-1,1-dimethylguanidine"
O=C(O)c1cccc2nccnc12,O=C(O)c1cccc2nccnc12,sour,IUPAC Dissocation Constants,quinoxaline-5-carboxylic acid
CCN(CC)CCN1C(=O)c2ccccc2S1(=O)=O,CCN(CC)CCN1C(=O)c2ccccc2S1(=O)=O,bitter,chemtastes_db,"2-[2-(diethylamino)ethyl]-1,1-dioxo-1,2-benzothiazol-3-one"
CC1(C)OC2CC(=O)OCC23C1C(=O)C(O)C1(C)C3CCC2(C)C(c3ccoc3)OC(=O)C3OC321,CC1(C)OC2CC(=O)OCC23C1C(=O)C(O)C1(C)C3CCC2(C)C(c3ccoc3)OC(=O)C3OC321,bitter,phytocompounds_db,"19-(furan-3-yl)-12-hydroxy-9,9,13,20-tetramethyl-4,8,15,18-tetraoxahexacyclo[11.9.0.02,7.02,10.014,16.014,20]docosane-5,11,17-trione"
COc1ccc(C2CC2C(=O)O)cc1,COc1ccc(C2CC2C(=O)O)cc1,sour,IUPAC Dissocation Constants,2-(4-methoxyphenyl)cyclopropane-1-carboxylic acid
O=[N+]([O-])CCC([N+](=O)[O-])[N+](=O)[O-],O=[N+]([O-])CCC([N+](=O)[O-])[N+](=O)[O-],sour,IUPAC Dissocation Constants,"1,1,3-trinitropropane"
CC(=O)NN,CC(=O)NN,sour,IUPAC Dissocation Constants,acetohydrazide
O=C(O)COc1c(Cl)cccc1Cl,O=C(O)COc1c(Cl)cccc1Cl,sour,IUPAC Dissocation Constants,"2-(2,6-dichlorophenoxy)acetic acid"
O=C(O)CC[As](CCC(=O)O)c1ccc(Cl)cc1,O=C(O)CC[As](CCC(=O)O)c1ccc(Cl)cc1,sour,IUPAC Dissocation Constants,3-[2-carboxyethyl-(4-chlorophenyl)arsanyl]propanoic acid
Cc1nc(C)c(C(=O)O)cc1C(=O)O,Cc1nc(C)c(C(=O)O)cc1C(=O)O,sour,IUPAC Dissocation Constants,"2,6-dimethylpyridine-3,5-dicarboxylic acid"
O=Cc1ccc2n1CC1(CC(O)C(O)CO1)OC2,O=Cc1ccc2n1CC1(CC(O)C(O)CO1)OC2,bitter,chemtastes_db,"4',5'-dihydroxyspiro[1,4-dihydropyrrolo[2,1-c][1,4]oxazine-3,2'-oxane]-6-carbaldehyde"
NC(Cc1c[nH]c2ccccc12)C(=O)O,NC(Cc1c[nH]c2ccccc12)C(=O)O,bitter,chemtastes_db,2-amino-3-(1H-indol-3-yl)propanoic acid
COc1ccc(S)nn1,COc1ccc(S)nn1,sour,IUPAC Dissocation Constants,3-methoxy-1H-pyridazine-6-thione
Cc1cccc(C(N)C(=O)O)c1,Cc1cccc(C(N)C(=O)O)c1,sour,IUPAC Dissocation Constants,2-amino-2-(3-methylphenyl)acetic acid
CCN(CC)CCCN1S(=O)(=O)c2ccccc2S1(=O)=O,CCN(CC)CCCN1S(=O)(=O)c2ccccc2S1(=O)=O,bitter,chemtastes_db,"N,N-diethyl-3-(1,1,3,3-tetraoxo-1lambda6,3lambda6,2-benzodithiazol-2-yl)propan-1-amine"
CCOc1ccc2nccc(C(O)C3CC4CCN3CC4CC)c2c1,CCOc1ccc2nccc(C(O)C3CC4CCN3CC4CC)c2c1,bitter,chemtastes_db,(6-ethoxyquinolin-4-yl)-(5-ethyl-1-azabicyclo[2.2.2]octan-2-yl)methanol
CCN(CC)CC(=O)Nc1c(C)cccc1C,CCN(CC)CC(=O)Nc1c(C)cccc1C,bitter,chemtastes_db,"2-(diethylamino)-N-(2,6-dimethylphenyl)acetamide"
CC(C)c1ccc(C(=O)O)cc1,CC(C)c1ccc(C(=O)O)cc1,sour,IUPAC Dissocation Constants,4-propan-2-ylbenzoic acid
OCC1OC(Oc2ccc(O)cc2)C(O)C(O)C1O,OCC1OC(Oc2ccc(O)cc2)C(O)C(O)C1O,bitter,chemtastes_db,"2-(hydroxymethyl)-6-(4-hydroxyphenoxy)oxane-3,4,5-triol"
C=C1C(=O)OC2C=C(CO)CCC=C(C)CC(O)C12,C=C1C(=O)OC2C=C(CO)CCC=C(C)CC(O)C12,bitter,phytocompounds_db,"4-hydroxy-10-(hydroxymethyl)-6-methyl-3-methylidene-3a,4,5,8,9,11a-hexahydrocyclodeca[b]furan-2-one"
NC(=O)C(Cc1cn(-c2ccccc2)c(=O)[nH]c1=O)C(N)=O,NC(=O)C(Cc1cn(-c2ccccc2)c(=O)[nH]c1=O)C(N)=O,sour,IUPAC Dissocation Constants,"2-[(2,4-dioxo-1-phenylpyrimidin-5-yl)methyl]propanediamide"
CC(=O)N(C)c1ccccc1S,CC(=O)N(C)c1ccccc1S,sour,IUPAC Dissocation Constants,N-methyl-N-(2-sulfanylphenyl)acetamide
CC(=O)OCC1(O)C(OC(C)=O)CC2C(COC3OC(CO)C(O)C(O)C3O)=COC(OC(=O)CC(C)C)C21,CC(=O)OCC1(O)C(OC(C)=O)CC2C(COC3OC(CO)C(O)C(O)C3O)=COC(OC(=O)CC(C)C)C21,bitter,phytocompounds_db,"[6-acetyloxy-7-(acetyloxymethyl)-7-hydroxy-4-[[3,4,5-trihydroxy-6-(hydroxymethyl)oxan-2-yl]oxymethyl]-4a,5,6,7a-tetrahydro-1H-cyclopenta[c]pyran-1-yl] 3-methylbutanoate"
COc1cc(OC2OC(COC(=O)c3cc(O)c(O)c(O)c3)C(O)C(O)C2O)ccc1O,COc1cc(OC2OC(COC(=O)c3cc(O)c(O)c(O)c3)C(O)C(O)C2O)ccc1O,bitter,chemtastes_db,"[3,4,5-trihydroxy-6-(4-hydroxy-3-methoxyphenoxy)oxan-2-yl]methyl 3,4,5-trihydroxybenzoate"
CC(C)C(O)(C(C)O)C1C=C(C2C(O)CC3C4=CCC5CC(O)CCC5(C)C4=CCC32C)C(=O)O1,CC(C)C(O)(C(C)O)C1C=C(C2C(O)CC3C4=CCC5CC(O)CCC5(C)C4=CCC32C)C(=O)O1,bitter,phytocompounds_db,"4-(3,16-dihydroxy-10,13-dimethyl-2,3,4,5,6,12,14,15,16,17-decahydro-1H-cyclopenta[a]phenanthren-17-yl)-2-(2,3-dihydroxy-4-methylpentan-3-yl)-2H-furan-5-one"
CC(=O)c1c(O)c2ccccc2oc1=O,CC(=O)c1c(O)c2ccccc2oc1=O,sour,IUPAC Dissocation Constants,3-acetyl-4-hydroxychromen-2-one
O=c1[nH]c(=O)c2ncn(CCO)c2[nH]1,O=c1[nH]c(=O)c2ncn(CCO)c2[nH]1,sour,IUPAC Dissocation Constants,"9-(2-hydroxyethyl)-3H-purine-2,6-dione"
N[C@@H](CC(=O)O)C(=O)O,N[C@@H](CC(=O)O)C(=O)O,sour,IUPAC Dissocation Constants,(2S)-2-aminobutanedioic acid
COc1ccnc(CS(=O)c2nc3ccc(OC(F)F)cc3[nH]2)c1OC,COc1ccnc(C[S+]([O-])c2nc3ccc(OC(F)F)cc3[nH]2)c1OC,bitter,flavor_db,"6-(difluoromethoxy)-2-[(3,4-dimethoxypyridin-2-yl)methylsulfinyl]-1H-benzimidazole"
C=C1C(=O)OC2C=C(CO)CCC=C(C)CC(OC(=O)C(C)CO)C12,C=C1C(=O)OC2C=C(CO)CCC=C(C)CC(OC(=O)C(C)CO)C12,bitter,phytocompounds_db,"[10-(hydroxymethyl)-6-methyl-3-methylidene-2-oxo-3a,4,5,8,9,11a-hexahydrocyclodeca[b]furan-4-yl] 3-hydroxy-2-methylpropanoate"
OCC1(O)COC(Oc2cc(O)c3c(c2)OC(c2ccc(O)cc2)C(O)C3)C1O,OCC1(O)COC(Oc2cc(O)c3c(c2)OC(c2ccc(O)cc2)C(O)C3)C1O,bitter,phytocompounds_db,"7-[3,4-dihydroxy-4-(hydroxymethyl)oxolan-2-yl]oxy-2-(4-hydroxyphenyl)-3,4-dihydro-2H-chromene-3,5-diol"
O=C1C2CCCN2C(=O)C2CCCN12,O=C1C2CCCN2C(=O)C2CCCN12,bitter,chemtastes_db,"1,7-diazatricyclo[7.3.0.03,7]dodecane-2,8-dione"
CC(CCC(OC1OC(COC2OC(CO)C(O)C(O)C2O)C(O)C(O)C1OC1OC(CO)C(O)C(O)C1O)C(C)(C)O)C1CCC2(C)C3CC=C4C(CCC(OC5OC(COC6OC(COC7OC(CO)C(O)C(O)C7O)C(O)C(O)C6O)C(O)C(O)C5O)C4(C)C)C3(C)C(O)CC12C,CC(CCC(OC1OC(COC2OC(CO)C(O)C(O)C2O)C(O)C(O)C1OC1OC(CO)C(O)C(O)C1O)C(C)(C)O)C1CCC2(C)C3CC=C4C(CCC(OC5OC(COC6OC(COC7OC(CO)C(O)C(O)C7O)C(O)C(O)C6O)C(O)C(O)C5O)C4(C)C)C3(C)C(O)CC12C,bitter,phytocompounds_db,"2-[[6-[[6-[[17-[5-[4,5-dihydroxy-3-[3,4,5-trihydroxy-6-(hydroxymethyl)oxan-2-yl]oxy-6-[[3,4,5-trihydroxy-6-(hydroxymethyl)oxan-2-yl]oxymethyl]oxan-2-yl]oxy-6-hydroxy-6-methylheptan-2-yl]-11-hydroxy-4,4,9,13,14-pentamethyl-2,3,7,8,10,11,12,15,16,17-decahydro-1H-cyclopenta[a]phenanthren-3-yl]oxy]-3,4,5-trihydroxyoxan-2-yl]methoxy]-3,4,5-trihydroxyoxan-2-yl]methoxy]-6-(hydroxymethyl)oxane-3,4,5-triol"
COc1cc(C=CC(=O)Nc2ccc(O)cc2C(=O)O)cc(OC)c1O,COc1cc(C=CC(=O)Nc2ccc(O)cc2C(=O)O)cc(OC)c1O,bitter,chemtastes_db,"5-hydroxy-2-[3-(4-hydroxy-3,5-dimethoxyphenyl)prop-2-enoylamino]benzoic acid"
Sc1cnc2ncncc2n1,Sc1cnc2ncncc2n1,sour,IUPAC Dissocation Constants,5H-pteridine-6-thione
Nc1ccn([C@@H]2O[C@H](CO)[C@@H](O)[C@H]2O)c(=O)n1,Nc1ccn([C@@H]2O[C@H](CO)[C@@H](O)[C@H]2O)c(=O)n1,sour,IUPAC Dissocation Constants,"4-amino-1-[(2R,3R,4S,5R)-3,4-dihydroxy-5-(hydroxymethyl)oxolan-2-yl]pyrimidin-2-one"
O=c1cc(-c2ccccc2)oc2cc(O)cc(O)c12,O=c1cc(-c2ccccc2)oc2cc(O)cc(O)c12,bitter,chemtastes_db,"5,7-dihydroxy-2-phenylchromen-4-one"
CC1CC(OC2OC(CO)C(O)C(O)C2OC(=O)Cc2ccc(O)c(O)c2)CC(=O)O1,CC1CC(OC2OC(CO)C(O)C(O)C2OC(=O)Cc2ccc(O)c(O)c2)CC(=O)O1,bitter,phytocompounds_db,"[4,5-dihydroxy-6-(hydroxymethyl)-2-(2-methyl-6-oxooxan-4-yl)oxyoxan-3-yl] 2-(3,4-dihydroxyphenyl)acetate"
CSc1ccc(SCC(=O)O)cc1,CSc1ccc(SCC(=O)O)cc1,sour,IUPAC Dissocation Constants,2-(4-methylsulfanylphenyl)sulfanylacetic acid
CCCC(=O)c1c(O)oc(CCC)cc1=O,CCCC(=O)c1c(O)oc(CCC)cc1=O,sour,IUPAC Dissocation Constants,3-butanoyl-4-hydroxy-6-propylpyran-2-one
Oc1cc(O)c2c(c1)OC(c1ccc(O)c(O)c1)C(O)C2,Oc1cc(O)c2c(c1)OC(c1ccc(O)c(O)c1)C(O)C2,bitter,chemtastes_db,"2-(3,4-dihydroxyphenyl)-3,4-dihydro-2H-chromene-3,5,7-triol"
Cc1cc(NS(=O)(=O)c2ccc(N)cc2)no1,Cc1cc(NS(=O)(=O)c2ccc(N)cc2)no1,bitter,chemtastes_db,"4-amino-N-(5-methyl-1,2-oxazol-3-yl)benzenesulfonamide"
O=C1C=CC(=O)c2c(O)cccc21,O=C1C=CC(=O)c2c(O)cccc21,bitter,phytocompounds_db,"5-hydroxynaphthalene-1,4-dione"
Nc1ncc([N+](=O)[O-])s1,Nc1ncc([N+](=O)[O-])s1,bitter,chemtastes_db,"5-nitro-1,3-thiazol-2-amine"
O=C(O)CN(CC(=O)O)C1(C(=O)O)CCCC1,O=C(O)CN(CC(=O)O)C1(C(=O)O)CCCC1,sour,IUPAC Dissocation Constants,1-[bis(carboxymethyl)amino]cyclopentane-1-carboxylic acid
O=C(O)CSC(SCC(=O)O)C(SCC(=O)O)SCC(=O)O,O=C(O)CSC(SCC(=O)O)C(SCC(=O)O)SCC(=O)O,sour,IUPAC Dissocation Constants,"2-[1,2,2-tris(carboxymethylsulfanyl)ethylsulfanyl]acetic acid"
CC1CCC2(NC1)OC1CC3C4CCC5CC(OC6OC(CO)C(OC7OC(CO)C(O)C(OC8OCC(O)C(O)C8O)C7OC7OC(CO)C(O)C(O)C7O)C(O)C6O)CCC5(C)C4CCC3(C)C1C2C,CC1CCC2(NC1)OC1CC3C4CCC5CC(OC6OC(CO)C(OC7OC(CO)C(O)C(OC8OCC(O)C(O)C8O)C7OC7OC(CO)C(O)C(O)C7O)C(O)C6O)CCC5(C)C4CCC3(C)C1C2C,bitter,chemtastes_db,"2-[2-[4,5-dihydroxy-2-(hydroxymethyl)-6-(5',7,9,13-tetramethylspiro[5-oxapentacyclo[10.8.0.02,9.04,8.013,18]icosane-6,2'-piperidine]-16-yl)oxyoxan-3-yl]oxy-5-hydroxy-6-(hydroxymethyl)-4-(3,4,5-trihydroxyoxan-2-yl)oxyoxan-3-yl]oxy-6-(hydroxymethyl)oxane-3,4,5-triol"
CCCC(O)C(=O)O,CCCC(O)C(=O)O,sour,IUPAC Dissocation Constants,2-hydroxypentanoic acid
COc1ccc(O)c(C(=O)O)c1,COc1ccc(O)c(C(=O)O)c1,sour,IUPAC Dissocation Constants,2-hydroxy-5-methoxybenzoic acid
OCC1OC(Oc2ccccc2)C(O)C(O)C1O,OCC1OC(Oc2ccccc2)C(O)C(O)C1O,bitter,chemtastes_db,"2-(hydroxymethyl)-6-phenoxyoxane-3,4,5-triol"
CN(C)c1ccc(C(=O)O)cc1,CN(C)c1ccc(C(=O)O)cc1,sour,IUPAC Dissocation Constants,4-(dimethylamino)benzoic acid
CCCc1nc(O)cc(O)n1,CCCc1nc(O)cc(O)n1,sour,IUPAC Dissocation Constants,4-hydroxy-2-propyl-1H-pyrimidin-6-one
Cc1ccc(F)cc1,Cc1ccc(F)cc1,bitter,chemtastes_db,1-fluoro-4-methylbenzene
Cc1cccc(C)c1C(=O)O,Cc1cccc(C)c1C(=O)O,sour,IUPAC Dissocation Constants,"2,6-dimethylbenzoic acid"
CCCCCCCc1[nH]c2ccccc2c(=O)c1O,CCCCCCCc1[nH]c2ccccc2c(=O)c1O,bitter,chemtastes_db,2-heptyl-3-hydroxy-1H-quinolin-4-one
CNc1ncnc2c1ncn2[C@@H]1O[C@H](CO)[C@@H](O)[C@H]1O,CNc1ncnc2c1ncn2[C@@H]1O[C@H](CO)[C@@H](O)[C@H]1O,sour,IUPAC Dissocation Constants,"(2R,3S,4R,5R)-2-(hydroxymethyl)-5-[6-(methylamino)purin-9-yl]oxolane-3,4-diol"
O=C(O)c1cc(I)ccc1O,O=C(O)c1cc(I)ccc1O,sour,IUPAC Dissocation Constants,2-hydroxy-5-iodobenzoic acid
Clc1cc2[nH]c(Cl)nc2cn1,Clc1cc2[nH]c(Cl)nc2cn1,sour,IUPAC Dissocation Constants,"2,6-dichloro-3H-imidazo[4,5-c]pyridine"
Cc1cc(=O)n(-c2ccccc2)n1C,Cc1cc(=O)n(-c2ccccc2)n1C,bitter,chemtastes_db,"1,5-dimethyl-2-phenylpyrazol-3-one"
CC=C1C(OC2OC(CO)C(O)C(O)C2O)OC=C(C(=O)OC)C1CC(=O)OCC1OC(OCCc2ccc(O)cc2)C(O)C(O)C1O,CC=C1C(OC2OC(CO)C(O)C(O)C2O)OC=C(C(=O)OC)C1CC(=O)OCC1OC(OCCc2ccc(O)cc2)C(O)C(O)C1O,bitter,phytocompounds_db,"methyl 5-ethylidene-4-[2-oxo-2-[[3,4,5-trihydroxy-6-[2-(4-hydroxyphenyl)ethoxy]oxan-2-yl]methoxy]ethyl]-6-[3,4,5-trihydroxy-6-(hydroxymethyl)oxan-2-yl]oxy-4H-pyran-3-carboxylate"
C=CCCSCC(=O)O,C=CCCSCC(=O)O,sour,IUPAC Dissocation Constants,2-but-3-enylsulfanylacetic acid
CC1OC(OC2C(Oc3cc(O)c4c(c3)OC(c3ccc(O)cc3)CC4=O)OC(CO)C(O)C2O)C(O)C(O)C1O,CC1OC(OC2C(Oc3cc(O)c4c(c3)OC(c3ccc(O)cc3)CC4=O)OC(CO)C(O)C2O)C(O)C(O)C1O,bitter,chemtastes_db,"7-[4,5-dihydroxy-6-(hydroxymethyl)-3-(3,4,5-trihydroxy-6-methyloxan-2-yl)oxyoxan-2-yl]oxy-5-hydroxy-2-(4-hydroxyphenyl)-2,3-dihydrochromen-4-one"
NC(CCC(=O)O)C(=O)NC(Cc1c[nH]c2ccccc12)C(=O)O,NC(CCC(=O)O)C(=O)NC(Cc1c[nH]c2ccccc12)C(=O)O,bitter,chemtastes_db,4-amino-5-[[1-carboxy-2-(1H-indol-3-yl)ethyl]amino]-5-oxopentanoic acid
O=C(O)c1cccc(O)c(=O)c1,O=C(O)c1cccc(O)c(=O)c1,sour,IUPAC Dissocation Constants,"4-hydroxy-3-oxocyclohepta-1,4,6-triene-1-carboxylic acid"
O=c1cc(O)[nH]cn1,O=c1cc(O)[nH]cn1,sour,IUPAC Dissocation Constants,4-hydroxy-1H-pyrimidin-6-one
C=CC12COC(=O)C(=C)C1C1OC(=O)C(=C)C1C(OC(=O)C(=C)CO)C2,C=CC12COC(=O)C(=C)C1C1OC(=O)C(=C)C1C(OC(=O)C(=C)CO)C2,bitter,phytocompounds_db,"(5a-ethenyl-3,9-dimethylidene-2,8-dioxo-3a,4,5,6,9a,9b-hexahydrofuro[2,3-f]isochromen-4-yl) 2-(hydroxymethyl)prop-2-enoate"
CC(=CCO)COC1OC(CO)C(O)C(OC(=O)Cc2ccccc2)C1OC(=O)Cc1ccc(O)c(O)c1,CC(=CCO)COC1OC(CO)C(O)C(OC(=O)Cc2ccccc2)C1OC(=O)Cc1ccc(O)c(O)c1,bitter,phytocompounds_db,"[5-[2-(3,4-dihydroxyphenyl)acetyl]oxy-3-hydroxy-2-(hydroxymethyl)-6-(4-hydroxy-2-methylbut-2-enoxy)oxan-4-yl] 2-phenylacetate"
CCCC(=O)OC(C)(C)C1CC=C(C)CC1,CCCC(=O)OC(C)(C)C1CC=C(C)CC1,sour,flavor_db,2-(4-methylcyclohex-3-en-1-yl)propan-2-yl butanoate
CC(Oc1ccc(Cl)cc1Cl)C(=O)O,CC(Oc1ccc(Cl)cc1Cl)C(=O)O,sour,IUPAC Dissocation Constants,"2-(2,4-dichlorophenoxy)propanoic acid"
Cc1ccc(S(=O)(=O)CCC(=O)O)cc1,Cc1ccc(S(=O)(=O)CCC(=O)O)cc1,bitter,chemtastes_db,3-(4-methylphenyl)sulfonylpropanoic acid
O=C(O)CS(=O)(=O)c1ccc(Cl)cc1,O=C(O)CS(=O)(=O)c1ccc(Cl)cc1,sour,IUPAC Dissocation Constants,2-(4-chlorophenyl)sulfonylacetic acid
CSC(=S)N(C)CC(=O)O,CSC(=S)N(C)CC(=O)O,sour,IUPAC Dissocation Constants,2-[methyl(methylsulfanylcarbothioyl)amino]acetic acid
CC(C)C(CC(=O)O)(CC(=O)O)C(C)C,CC(C)C(CC(=O)O)(CC(=O)O)C(C)C,sour,IUPAC Dissocation Constants,"3,3-di(propan-2-yl)pentanedioic acid"
Cc1cc(=O)oc2cc(O)ccc12,Cc1cc(=O)oc2cc(O)ccc12,bitter,phytocompounds_db,7-hydroxy-4-methylchromen-2-one
COc1cc([N+](=O)[O-])ccc1O,COc1cc([N+](=O)[O-])ccc1O,sour,IUPAC Dissocation Constants,2-methoxy-4-nitrophenol
CC(C)=CCCC(C)=CCCC(=CCCC(C)=CCO)CO,CC(C)=CCCC(C)=CCCC(=CCCC(C)=CCO)CO,bitter,chemtastes_db,"2-(4,8-dimethylnona-3,7-dienyl)-6-methylocta-2,6-diene-1,8-diol"
Cn1cc2[nH]c(S)nc2nc1=O,Cn1cc2[nH]c(S)nc2nc1=O,sour,IUPAC Dissocation Constants,"1-methyl-8-sulfanylidene-7,9-dihydropurin-2-one"
O=Cc1cc([N+](=O)[O-])cc([N+](=O)[O-])c1O,O=Cc1cc([N+](=O)[O-])cc([N+](=O)[O-])c1O,sour,IUPAC Dissocation Constants,"2-hydroxy-3,5-dinitrobenzaldehyde"
Cc1nc2[nH]c(=O)n(C)c(=O)c2[nH]c1=O,Cc1nc2[nH]c(=O)n(C)c(=O)c2[nH]c1=O,sour,IUPAC Dissocation Constants,"3,7-dimethyl-1,5-dihydropteridine-2,4,6-trione"
O=C(O)C[Se]CC(=O)O,O=C(O)C[Se]CC(=O)O,sour,IUPAC Dissocation Constants,2-(carboxymethylselanyl)acetic acid
CCC(=O)OCCC(C)C,CCC(=O)OCCC(C)C,bitter,flavor_db,3-methylbutyl propanoate
O=C1CCc2ccc([N+](=O)[O-])c(O)c21,O=C1CCc2ccc([N+](=O)[O-])c(O)c21,sour,IUPAC Dissocation Constants,"7-hydroxy-6-nitro-2,3-dihydroinden-1-one"
CC(C)=CCCC(C)=CC(=O)O,CC(C)=CCCC(C)=CC(=O)O,sour,flavor_db,"3,7-dimethylocta-2,6-dienoic acid"
O=C(O)[GeH3],O=C(O)[GeH3],sour,IUPAC Dissocation Constants,germylformic acid
COC(=O)CC([N+](=O)[O-])[N+](=O)[O-],COC(=O)CC([N+](=O)[O-])[N+](=O)[O-],sour,IUPAC Dissocation Constants,"methyl 3,3-dinitropropanoate"
O=Cc1cc2ccccc2o1,O=Cc1cc2ccccc2o1,bitter,flavor_db,1-benzofuran-2-carbaldehyde
Cc1ccc(N)c(C(=O)O)c1,Cc1ccc(N)c(C(=O)O)c1,sour,IUPAC Dissocation Constants,2-amino-5-methylbenzoic acid
O=C(O)O,O=C(O)O,sour,chemtastes_db,carbonic acid
C=C1CCC2C(=C)C(=O)OC2C=C(C)CCC1OO,C=C1CCC2C(=C)C(=O)OC2C=C(C)CCC1OO,bitter,chemtastes_db,"7-hydroperoxy-10-methyl-3,6-dimethylidene-4,5,7,8,9,11a-hexahydro-3aH-cyclodeca[b]furan-2-one"
Oc1ccc(C2COc3cc(O)ccc3C2)cc1,Oc1ccc(C2COc3cc(O)ccc3C2)cc1,bitter,chemtastes_db,"3-(4-hydroxyphenyl)-3,4-dihydro-2H-chromen-7-ol"
Cc1cccc2c1[C@H](C(=O)O)[C@@]13CC(=O)[C@@](C)(CC[C@H]21)C3,Cc1cccc2c1[C@H](C(=O)O)[C@@]13CC(=O)[C@@](C)(CC[C@H]21)C3,sour,IUPAC Dissocation Constants,"(1S,2R,9S,12S)-4,12-dimethyl-13-oxotetracyclo[10.2.1.01,9.03,8]pentadeca-3,5,7-triene-2-carboxylic acid"
C=C(CO)C(=O)OC1CC(=C)C2CC(=O)C(=C)C2C2OC(=O)C(=C)C12,C=C(CO)C(=O)OC1CC(=C)C2CC(=O)C(=C)C2C2OC(=O)C(=C)C12,bitter,chemtastes_db,"(3,6,9-trimethylidene-2,8-dioxo-4,5,6a,7,9a,9b-hexahydro-3aH-azuleno[4,5-b]furan-4-yl) 2-(hydroxymethyl)prop-2-enoate"
CN(C)C(=S)OCC(=O)O,CN(C)C(=S)OCC(=O)O,sour,IUPAC Dissocation Constants,2-(dimethylcarbamothioyloxy)acetic acid
N[C@@H](COP(=O)(O)O)C(=O)O,N[C@@H](COP(=O)(O)O)C(=O)O,sour,IUPAC Dissocation Constants,(2S)-2-amino-3-phosphonooxypropanoic acid
O=C(Cc1ccc(O)c(O)c1)OCC1OC(OCC(=CCO)CO)C(O)C(O)C1O,O=C(Cc1ccc(O)c(O)c1)OCC1OC(OCC(=CCO)CO)C(O)C(O)C1O,bitter,phytocompounds_db,"[3,4,5-trihydroxy-6-[4-hydroxy-2-(hydroxymethyl)but-2-enoxy]oxan-2-yl]methyl 2-(3,4-dihydroxyphenyl)acetate"
O=C(O)C[Se]c1cccc(Cl)c1,O=C(O)C[Se]c1cccc(Cl)c1,sour,IUPAC Dissocation Constants,2-(3-chlorophenyl)selanylacetic acid
O=C(O)c1ccc([N+](=O)[O-])[se]1,O=C(O)c1ccc([N+](=O)[O-])[se]1,sour,IUPAC Dissocation Constants,5-nitroselenophene-2-carboxylic acid
O=C(O)CCC(NC(=O)c1ccccc1)C(=O)O,O=C(O)CCC(NC(=O)c1ccccc1)C(=O)O,sour,IUPAC Dissocation Constants,2-benzamidopentanedioic acid
S=c1cn[nH]c(=S)[nH]1,S=c1cn[nH]c(=S)[nH]1,sour,IUPAC Dissocation Constants,"2H-1,2,4-triazine-3,5-dithione"
O=C(O)c1cc([N+](=O)[O-])cc([N+](=O)[O-])c1,O=C(O)c1cc([N+](=O)[O-])cc([N+](=O)[O-])c1,sour,IUPAC Dissocation Constants,"3,5-dinitrobenzoic acid"
CNCC(O)c1cccc(O)c1,CNCC(O)c1cccc(O)c1,bitter,flavor_db,3-[1-hydroxy-2-(methylamino)ethyl]phenol
COC(=O)C12OCC34C(CC5C(C)=C(OC6OC(CO)C(O)C(O)C6O)C(=O)CC5(C)C3C(O)C1O)OC(=O)C(OC(=O)C=C(C)C(C)(C)O)C24,COC(=O)C12OCC34C(CC5C(C)=C(OC6OC(CO)C(O)C(O)C6O)C(=O)CC5(C)C3C(O)C1O)OC(=O)C(OC(=O)C=C(C)C(C)(C)O)C24,bitter,phytocompounds_db,"methyl 15,16-dihydroxy-3-(4-hydroxy-3,4-dimethylpent-2-enoyl)oxy-9,13-dimethyl-4,11-dioxo-10-[3,4,5-trihydroxy-6-(hydroxymethyl)oxan-2-yl]oxy-5,18-dioxapentacyclo[12.5.0.01,6.02,17.08,13]nonadec-9-ene-17-carboxylate"
O=C(O)CS(=O)(=O)c1ccc(Br)cc1,O=C(O)CS(=O)(=O)c1ccc(Br)cc1,sour,IUPAC Dissocation Constants,2-(4-bromophenyl)sulfonylacetic acid
CN(C)C(=O)CCC([N+](=O)[O-])[N+](=O)[O-],CN(C)C(=O)CCC([N+](=O)[O-])[N+](=O)[O-],sour,IUPAC Dissocation Constants,"N,N-dimethyl-4,4-dinitrobutanamide"
COc1c2c(cc3oc(CO)cc(=O)c13)OC(C(C)(C)O)C2,COc1c2c(cc3oc(CO)cc(=O)c13)OC(C(C)(C)O)C2,bitter,phytocompounds_db,"7-(hydroxymethyl)-2-(2-hydroxypropan-2-yl)-4-methoxy-2,3-dihydrofuro[3,2-g]chromen-5-one"
Cc1cc(=O)c2c(O)c3c(O)cc(O)c4c5c(O)cc(O)c6c(O)c7c(=O)cc(C)c8c1c2c(c34)c(c65)c78,Cc1cc(=O)c2c(O)c3c(O)cc(O)c4c5c(O)cc(O)c6c(O)c7c(=O)cc(C)c8c1c2c(c34)c(c65)c78,bitter,phytocompounds_db,"9,11,13,16,18,20-hexahydroxy-5,24-dimethyloctacyclo[13.11.1.12,10.03,8.04,25.019,27.021,26.014,28]octacosa-1(26),2,4(25),5,8,10,12,14(28),15(27),16,18,20,23-tridecaene-7,22-dione"
O=C(O)Cc1cccc(O)c(=O)c1C(=O)O,O=C(O)Cc1cccc(O)c(=O)c1C(=O)O,sour,IUPAC Dissocation Constants,"7-(carboxymethyl)-2-hydroxy-3-oxocyclohepta-1,4,6-triene-1-carboxylic acid"
Cc1cccc(NC(N)=O)c1,Cc1cccc(NC(N)=O)c1,bitter,chemtastes_db,(3-methylphenyl)urea
CCC(C)(C(=O)O)C(=O)O,CCC(C)(C(=O)O)C(=O)O,sour,IUPAC Dissocation Constants,2-ethyl-2-methylpropanedioic acid
S=c1cnc2cnc[nH]c-2n1,S=c1cnc2cnc[nH]c-2n1,sour,IUPAC Dissocation Constants,8H-pteridine-7-thione
OC(CCCN1CCCCC1)(c1ccccc1)c1ccccc1,OC(CCCN1CCCCC1)(c1ccccc1)c1ccccc1,bitter,chemtastes_db,"1,1-diphenyl-4-piperidin-1-ylbutan-1-ol"
COCCCCC=C(C)C=NO,COCCCCC=C(C)C=NO,bitter,chemtastes_db,N-(7-methoxy-2-methylhept-2-enylidene)hydroxylamine
CN(C)Cc1cc(-c2ccccc2)cc(CN(C)C)c1O,CN(C)Cc1cc(-c2ccccc2)cc(CN(C)C)c1O,sour,IUPAC Dissocation Constants,"2,6-bis[(dimethylamino)methyl]-4-phenylphenol"
CC(C)=CCCC(C)=CCCC(C)=CCN1CCN(Cc2ccc3c(c2)OCO3)CC1,CC(C)=CCCC(C)=CCCC(C)=CCN1CCN(Cc2ccc3c(c2)OCO3)CC1,bitter,chemtastes_db,"1-(1,3-benzodioxol-5-ylmethyl)-4-(3,7,11-trimethyldodeca-2,6,10-trienyl)piperazine"
O=C(O)c1cc([N+](=O)[O-])c[se]1,O=C(O)c1cc([N+](=O)[O-])c[se]1,sour,IUPAC Dissocation Constants,4-nitroselenophene-2-carboxylic acid
COc1ccccc1[Se]CC(=O)O,COc1ccccc1[Se]CC(=O)O,sour,IUPAC Dissocation Constants,2-(2-methoxyphenyl)selanylacetic acid
C=C(CO)C(=O)OC1CC23OC2CCC(=CC2OC(=O)C(=C)C21)COC3O,C=C(CO)C(=O)OC1CC23OC2CCC(=CC2OC(=O)C(=C)C21)COC3O,bitter,phytocompounds_db,"(15-hydroxy-5-methylidene-6-oxo-7,14,16-trioxatetracyclo[8.4.3.01,13.04,8]heptadec-9-en-3-yl) 2-(hydroxymethyl)prop-2-enoate"
O=C(O)C(O)C(O)C(O)C(=O)O,O=C(O)C(O)C(O)C(O)C(=O)O,sour,IUPAC Dissocation Constants,"2,3,4-trihydroxypentanedioic acid"
CCOC(=O)C=Cc1ccc(O)c(O)c1,CCOC(=O)C=Cc1ccc(O)c(O)c1,bitter,chemtastes_db,"ethyl 3-(3,4-dihydroxyphenyl)prop-2-enoate"
Cc1ccc(C(=O)O)cc1,Cc1ccc(C(=O)O)cc1,sour,IUPAC Dissocation Constants,4-methylbenzoic acid
Cc1nc(O)nc2[nH]nnc12,Cc1nc(O)nc2[nH]nnc12,sour,IUPAC Dissocation Constants,"7-methyl-2,4-dihydrotriazolo[4,5-d]pyrimidin-5-one"
CC12CCC3C(CCC4CC(O)CCC43C)C1CCC2=O,CC12CCC3C(CCC4CC(O)CCC43C)C1CCC2=O,bitter,chemtastes_db,"3-hydroxy-10,13-dimethyl-1,2,3,4,5,6,7,8,9,11,12,14,15,16-tetradecahydrocyclopenta[a]phenanthren-17-one"
CC1=CCC(O)C(C)CC2OC(=O)C(C)C2CC1,CC1=CCC(O)C(C)CC2OC(=O)C(C)C2CC1,bitter,phytocompounds_db,"9-hydroxy-3,6,10-trimethyl-3a,4,5,8,9,10,11,11a-octahydro-3H-cyclodeca[b]furan-2-one"
Sc1ccc2ncccc2c1,Sc1ccc2ncccc2c1,sour,IUPAC Dissocation Constants,quinoline-6-thiol
Cc1[nH]c(=O)[nH]c2nc(=O)cnc1-2,Cc1[nH]c(=O)[nH]c2nc(=O)cnc1-2,sour,IUPAC Dissocation Constants,"4-methyl-3,8-dihydropteridine-2,7-dione"
O=C1NS(=O)(=O)c2cc(I)ccc21,O=C1NS(=O)(=O)c2cc(I)ccc21,bitter,chemtastes_db,"6-iodo-1,1-dioxo-1,2-benzothiazol-3-one"
CC(=O)OC(C)(C)C=CC(=O)C(C)(O)C1C(O)CC2(C)C3CC=C4C(CC(OC5OC(CO)C(O)C(O)C5O)C(O)C4(C)C)C3(C)CCC12C,CC(=O)OC(C)(C)C=CC(=O)C(C)(O)C1C(O)CC2(C)C3CC=C4C(CC(OC5OC(CO)C(O)C(O)C5O)C(O)C4(C)C)C3(C)CCC12C,bitter,phytocompounds_db,"[6-[3,16-dihydroxy-4,4,9,13,14-pentamethyl-2-[3,4,5-trihydroxy-6-(hydroxymethyl)oxan-2-yl]oxy-2,3,7,8,10,11,12,15,16,17-decahydro-1H-cyclopenta[a]phenanthren-17-yl]-6-hydroxy-2-methyl-5-oxohept-3-en-2-yl] acetate"
c1ccnnc1,c1ccnnc1,bitter,chemtastes_db,pyridazine
O=C(O)CSCSCC(=O)O,O=C(O)CSCSCC(=O)O,sour,IUPAC Dissocation Constants,2-(carboxymethylsulfanylmethylsulfanyl)acetic acid
Oc1cc(O)c2ccccc2n1,Oc1cc(O)c2ccccc2n1,sour,IUPAC Dissocation Constants,4-hydroxy-1H-quinolin-2-one
O=C(O)c1nnn(-c2ccccc2)c1C(=O)O,O=C(O)c1nnn(-c2ccccc2)c1C(=O)O,sour,IUPAC Dissocation Constants,"1-phenyltriazole-4,5-dicarboxylic acid"
Cc1n[nH]c(=S)o1,Cc1n[nH]c(=S)o1,sour,IUPAC Dissocation Constants,"5-methyl-3H-1,3,4-oxadiazole-2-thione"
CN1c2ccccc2C(=O)N2CCc3c([nH]c4ccccc34)C21,CN1c2ccccc2C(=O)N2CCc3c([nH]c4ccccc34)C21,bitter,phytocompounds_db,"21-methyl-3,13,21-triazapentacyclo[11.8.0.02,10.04,9.015,20]henicosa-2(10),4,6,8,15,17,19-heptaen-14-one"
COC(=O)C1=C(C(=O)O)C2CCC1C2,COC(=O)C1=C(C(=O)O)C2CCC1C2,sour,IUPAC Dissocation Constants,3-methoxycarbonylbicyclo[2.2.1]hept-2-ene-2-carboxylic acid
Cc1nc2c([nH]c1=O)c(=O)n(C)c(=O)n2C,Cc1nc2c([nH]c1=O)c(=O)n(C)c(=O)n2C,sour,IUPAC Dissocation Constants,"1,3,7-trimethyl-5H-pteridine-2,4,6-trione"
CCSCC(=O)O,CCSCC(=O)O,sour,IUPAC Dissocation Constants,2-ethylsulfanylacetic acid
CCCCCC=CCC=CCCCCCCCC(=O)O,CCCCCC=CCC=CCCCCCCCC(=O)O,bitter,phytocompounds_db,"octadeca-9,12-dienoic acid"
Cn1nc(N)c(C(=O)O)n1,Cn1nc(N)c(C(=O)O)n1,sour,IUPAC Dissocation Constants,5-amino-2-methyltriazole-4-carboxylic acid
CC1OC(OC2C(=O)c3c(O)cc(O)cc3OC2c2ccc(O)cc2)C(O)C(O)C1O,CC1OC(OC2C(=O)c3c(O)cc(O)cc3OC2c2ccc(O)cc2)C(O)C(O)C1O,bitter,phytocompounds_db,"5,7-dihydroxy-2-(4-hydroxyphenyl)-3-(3,4,5-trihydroxy-6-methyloxan-2-yl)oxy-2,3-dihydrochromen-4-one"
Cn1cnc([N+](=O)[O-])c1CC(=O)O,Cn1cnc([N+](=O)[O-])c1CC(=O)O,sour,IUPAC Dissocation Constants,2-(3-methyl-5-nitroimidazol-4-yl)acetic acid
O=c1cnc2[nH]cnc(=O)c2[nH]1,O=c1cnc2[nH]cnc(=O)c2[nH]1,sour,IUPAC Dissocation Constants,"3,5-dihydropteridine-4,6-dione"
Cn1cnc(=S)cc1O,Cn1cnc(=S)cc1O,sour,IUPAC Dissocation Constants,3-methyl-6-sulfanylpyrimidin-4-one
O=C(O)CCCCc1ccccc1,O=C(O)CCCCc1ccccc1,sour,IUPAC Dissocation Constants,5-phenylpentanoic acid
COc1ccc(-c2coc3cc(O)cc(O)c3c2=O)cc1,COc1ccc(-c2coc3cc(O)cc(O)c3c2=O)cc1,bitter,chemtastes_db,"5,7-dihydroxy-3-(4-methoxyphenyl)chromen-4-one"
CN1C(=O)c2ccc(S(N)(=O)=O)cc2S1(=O)=O,CN1C(=O)c2ccc(S(N)(=O)=O)cc2S1(=O)=O,bitter,chemtastes_db,"2-methyl-1,1,3-trioxo-1,2-benzothiazole-6-sulfonamide"
CCC(C)(OC(C)(CC)C(=O)O)C(=O)O,CCC(C)(OC(C)(CC)C(=O)O)C(=O)O,sour,IUPAC Dissocation Constants,2-(2-carboxybutan-2-yloxy)-2-methylbutanoic acid
CCCCCC=CCCCCCCCC(=O)CC(O)COC(C)=O,CCCCCC=CCCCCCCCC(=O)CC(O)COC(C)=O,bitter,chemtastes_db,(2-hydroxy-4-oxooctadec-12-enyl) acetate
O=C(O)CCCCCC(=O)O,O=C(O)CCCCCC(=O)O,sour,IUPAC Dissocation Constants,heptanedioic acid
CC(=O)OC(C)(C)C=CC(=O)C(C)(O)C1C(O)CC2(C)C3CC=C4C(CC(O)C(=O)C4(C)C)C3(C)C(=O)CC12C,CC(=O)OC(C)(C)C=CC(=O)C(C)(O)C1C(O)CC2(C)C3CC=C4C(CC(O)C(=O)C4(C)C)C3(C)C(=O)CC12C,bitter,chemtastes_db,"[6-(2,16-dihydroxy-4,4,9,13,14-pentamethyl-3,11-dioxo-2,7,8,10,12,15,16,17-octahydro-1H-cyclopenta[a]phenanthren-17-yl)-6-hydroxy-2-methyl-5-oxohept-3-en-2-yl] acetate"
CC(CCC1(O)OC2CC3C4CC=C5CC(OC6OC(CO)C(OC7OC(C)C(O)C(O)C7O)C(O)C6OC6OC(C)C(O)C(O)C6O)CCC5(C)C4CCC3(C)C2C1C)COC1OC(CO)C(O)C(O)C1O,CC(CCC1(O)OC2CC3C4CC=C5CC(OC6OC(CO)C(OC7OC(C)C(O)C(O)C7O)C(O)C6OC6OC(C)C(O)C(O)C6O)CCC5(C)C4CCC3(C)C2C1C)COC1OC(CO)C(O)C(O)C1O,bitter,chemtastes_db,"2-[4-hydroxy-2-(hydroxymethyl)-6-[[6-hydroxy-7,9,13-trimethyl-6-[3-methyl-4-[3,4,5-trihydroxy-6-(hydroxymethyl)oxan-2-yl]oxybutyl]-5-oxapentacyclo[10.8.0.02,9.04,8.013,18]icos-18-en-16-yl]oxy]-5-(3,4,5-trihydroxy-6-methyloxan-2-yl)oxyoxan-3-yl]oxy-6-methyloxane-3,4,5-triol"
CC(=O)OCC(COC(C)=O)OC(C)=O,CC(=O)OCC(COC(C)=O)OC(C)=O,bitter,chemtastes_db,"2,3-diacetyloxypropyl acetate"
CC(C)=CCC(=O)[C@@]1(O)C(O)=C(C(=O)CC(C)C)C(=O)[C@H]1CC=C(C)C,CC(C)=CCC(=O)[C@@]1(O)C(O)=C(C(=O)CC(C)C)C(=O)[C@H]1CC=C(C)C,bitter,tas2r_agonists,"(4S,5S)-3,4-dihydroxy-2-(3-methylbutanoyl)-5-(3-methylbut-2-enyl)-4-(4-methylpent-3-enoyl)cyclopent-2-en-1-one"
O=C(CCNC(=O)OCc1ccccc1)N[C@@H](Cc1cnc[nH]1)C(=O)O,O=C(CCNC(=O)OCc1ccccc1)N[C@@H](Cc1cnc[nH]1)C(=O)O,sour,IUPAC Dissocation Constants,(2S)-3-(1H-imidazol-5-yl)-2-[3-(phenylmethoxycarbonylamino)propanoylamino]propanoic acid
COc1cc(C(=O)O)ccc1O,COc1cc(C(=O)O)ccc1O,sour,phytocompounds_db,4-hydroxy-3-methoxybenzoic acid
COc1cc2c(c3c1C(=O)CC(c1ccc(O)cc1)O3)CCC(C)(C)O2,COc1cc2c(c3c1C(=O)CC(c1ccc(O)cc1)O3)CCC(C)(C)O2,bitter,chemtastes_db,"2-(4-hydroxyphenyl)-5-methoxy-8,8-dimethyl-2,3,9,10-tetrahydropyrano[2,3-h]chromen-4-one"
Cc1ccc(C(=O)NN)cc1,Cc1ccc(C(=O)NN)cc1,sour,IUPAC Dissocation Constants,4-methylbenzohydrazide
COC1(CCC(C)COC2OC(CO)C(O)C(O)C2O)OC2CC3C4CC=C5CC(OC6OC(CO)C(OC7OC(C)C(O)C(O)C7O)C(O)C6OC6OC(C)C(O)C(O)C6O)CCC5(C)C4CCC3(C)C2C1C,COC1(CCC(C)COC2OC(CO)C(O)C(O)C2O)OC2CC3C4CC=C5CC(OC6OC(CO)C(OC7OC(C)C(O)C(O)C7O)C(O)C6OC6OC(C)C(O)C(O)C6O)CCC5(C)C4CCC3(C)C2C1C,bitter,phytocompounds_db,"2-[4-hydroxy-2-(hydroxymethyl)-6-[[6-methoxy-7,9,13-trimethyl-6-[3-methyl-4-[3,4,5-trihydroxy-6-(hydroxymethyl)oxan-2-yl]oxybutyl]-5-oxapentacyclo[10.8.0.02,9.04,8.013,18]icos-18-en-16-yl]oxy]-5-(3,4,5-trihydroxy-6-methyloxan-2-yl)oxyoxan-3-yl]oxy-6-methyloxane-3,4,5-triol"
COc1ccc2c(c1OC)C13CCN(C)C(C2)C1(O)CCC(O)C3,COc1ccc2c(c1OC)C13CCN(C)C(C2)C1(O)CCC(O)C3,bitter,chemtastes_db,"3,4-dimethoxy-17-methyl-17-azatetracyclo[7.5.3.01,10.02,7]heptadeca-2(7),3,5-triene-10,13-diol"
COC1=CC(C)C2CC3OC(O)CC4C(C)(O)C(OC)C(O)C(C2(C)C1=O)C34C,COC1=CC(C)C2CC3OC(O)CC4C(C)(O)C(OC)C(O)C(C2(C)C1=O)C34C,bitter,phytocompounds_db,"11,14,16-trihydroxy-4,15-dimethoxy-2,6,14,17-tetramethyl-10-oxatetracyclo[7.7.1.02,7.013,17]heptadec-4-en-3-one"
O=[N+]([O-])C(Cl)Cl,O=[N+]([O-])C(Cl)Cl,sour,IUPAC Dissocation Constants,dichloro(nitro)methane
CC(Cl)CCC(=O)O,CC(Cl)CCC(=O)O,sour,IUPAC Dissocation Constants,4-chloropentanoic acid
Cc1ccc(C(=O)O)s1,Cc1ccc(C(=O)O)s1,sour,IUPAC Dissocation Constants,5-methylthiophene-2-carboxylic acid
O=C(O)CN(CC(=O)O)C1CCCCC1,O=C(O)CN(CC(=O)O)C1CCCCC1,sour,IUPAC Dissocation Constants,2-[carboxymethyl(cyclohexyl)amino]acetic acid
CC(=O)OC1CC(C)(C(=O)C2COC(=O)C2)C2CC(=O)OC3CC4C(C)CC(O)C(=O)C4(C)C1C32C,CC(=O)OC1CC(C)(C(=O)C2COC(=O)C2)C2CC(=O)OC3CC4C(C)CC(O)C(=O)C4(C)C1C32C,bitter,phytocompounds_db,"[4-hydroxy-2,6,14,17-tetramethyl-3,11-dioxo-14-(5-oxooxolane-3-carbonyl)-10-oxatetracyclo[7.7.1.02,7.013,17]heptadecan-16-yl] acetate"
COc1ccc(CCC(=O)c2ccccc2)cc1O,COc1ccc(CCC(=O)c2ccccc2)cc1O,sour,chemtastes_db,3-(3-hydroxy-4-methoxyphenyl)-1-phenylpropan-1-one
O=C(O)Cc1cccc([N+](=O)[O-])c1,O=C(O)Cc1cccc([N+](=O)[O-])c1,sour,IUPAC Dissocation Constants,2-(3-nitrophenyl)acetic acid
O=C(C=Cc1ccc(O)cc1)NCCc1ccc(O)c(O)c1,O=C(C=Cc1ccc(O)cc1)NCCc1ccc(O)c(O)c1,bitter,phytocompounds_db,"N-[2-(3,4-dihydroxyphenyl)ethyl]-3-(4-hydroxyphenyl)prop-2-enamide"
COC(=O)C(C)(CC(=O)O)c1ccccc1,COC(=O)C(C)(CC(=O)O)c1ccccc1,sour,IUPAC Dissocation Constants,4-methoxy-3-methyl-4-oxo-3-phenylbutanoic acid
O=C(O)c1ccc(Cl)[nH]1,O=C(O)c1ccc(Cl)[nH]1,sour,IUPAC Dissocation Constants,5-chloro-1H-pyrrole-2-carboxylic acid
CC(C)=CCc1c(O)cc(O)c2c1OC(c1ccc(O)cc1)CC2=O,CC(C)=CCc1c(O)cc(O)c2c1OC(c1ccc(O)cc1)CC2=O,bitter,chemtastes_db,"5,7-dihydroxy-2-(4-hydroxyphenyl)-8-(3-methylbut-2-enyl)-2,3-dihydrochromen-4-one"
O=C(O)c1ccc2cccccc1-2,O=C(O)c1ccc2cccccc1-2,sour,IUPAC Dissocation Constants,azulene-1-carboxylic acid
O=C(O)CSc1cccc(F)c1,O=C(O)CSc1cccc(F)c1,sour,IUPAC Dissocation Constants,2-(3-fluorophenyl)sulfanylacetic acid
COc1ccc(S(=O)CC(=O)O)cc1,COc1ccc([S+]([O-])CC(=O)O)cc1,sour,IUPAC Dissocation Constants,2-(4-methoxyphenyl)sulfinylacetic acid
Nc1ccc([As](=O)(O)O)cc1,Nc1ccc([As](=O)(O)O)cc1,sour,IUPAC Dissocation Constants,(4-aminophenyl)arsonic acid
C=CCc1cccc(C(=O)O)c1,C=CCc1cccc(C(=O)O)c1,sour,IUPAC Dissocation Constants,3-prop-2-enylbenzoic acid
Cn1c(=O)nc[nH]c1=O,Cn1c(=O)nc[nH]c1=O,sour,IUPAC Dissocation Constants,"3-methyl-1H-1,3,5-triazine-2,4-dione"
C=CCc1ccc(C(=O)O)cc1,C=CCc1ccc(C(=O)O)cc1,sour,IUPAC Dissocation Constants,4-prop-2-enylbenzoic acid
CC(=O)c1cccc([N+](=O)[O-])c1O,CC(=O)c1cccc([N+](=O)[O-])c1O,sour,IUPAC Dissocation Constants,1-(2-hydroxy-3-nitrophenyl)ethanone
CC(=O)NCC(=O)NCC(=O)N[C@@H](Cc1cnc[nH]1)C(=O)NCC(=O)O,CC(=O)NCC(=O)NCC(=O)N[C@@H](Cc1cnc[nH]1)C(=O)NCC(=O)O,sour,IUPAC Dissocation Constants,2-[[(2S)-2-[[2-[(2-acetamidoacetyl)amino]acetyl]amino]-3-(1H-imidazol-5-yl)propanoyl]amino]acetic acid
CC(=CCO)COC1OC(COC(=O)Cc2ccc(O)c(O)c2)C(O)C(OC(=O)Cc2ccc(O)cc2)C1OC(=O)Cc1ccc(O)c(O)c1,CC(=CCO)COC1OC(COC(=O)Cc2ccc(O)c(O)c2)C(O)C(OC(=O)Cc2ccc(O)cc2)C1OC(=O)Cc1ccc(O)c(O)c1,bitter,phytocompounds_db,"[5-[2-(3,4-dihydroxyphenyl)acetyl]oxy-2-[[2-(3,4-dihydroxyphenyl)acetyl]oxymethyl]-3-hydroxy-6-(4-hydroxy-2-methylbut-2-enoxy)oxan-4-yl] 2-(4-hydroxyphenyl)acetate"
Oc1ccc(C2Oc3cc(O)cc(O)c3CC2O)cc1,Oc1ccc(C2Oc3cc(O)cc(O)c3CC2O)cc1,bitter,phytocompounds_db,"2-(4-hydroxyphenyl)-3,4-dihydro-2H-chromene-3,5,7-triol"
O=C(O)c1cc(Br)ccc1O,O=C(O)c1cc(Br)ccc1O,sour,IUPAC Dissocation Constants,5-bromo-2-hydroxybenzoic acid
COc1ccc(S(=O)(=O)CC(=O)O)cc1,COc1ccc(S(=O)(=O)CC(=O)O)cc1,sour,IUPAC Dissocation Constants,2-(4-methoxyphenyl)sulfonylacetic acid
CC1(O)CCC(C(C)(C)O)CC1,CC1(O)CCC(C(C)(C)O)CC1,bitter,chemtastes_db,4-(2-hydroxypropan-2-yl)-1-methylcyclohexan-1-ol
O=C(O)c1cccc(C(=O)O)n1,O=C(O)c1cccc(C(=O)O)n1,sour,IUPAC Dissocation Constants,"pyridine-2,6-dicarboxylic acid"
CCCCCC(N)CNC(=S)S,CCCCCC(N)CNC(=S)S,sour,IUPAC Dissocation Constants,2-aminoheptylcarbamodithioic acid
O=S(O)c1cccc(Cl)c1,O=S(O)c1cccc(Cl)c1,sour,IUPAC Dissocation Constants,3-chlorobenzenesulfinic acid
O=C(O)C1=C(C(=O)O)CCC1,O=C(O)C1=C(C(=O)O)CCC1,sour,IUPAC Dissocation Constants,"cyclopentene-1,2-dicarboxylic acid"
O=c1ccccc(O)c1O,O=c1ccccc(O)c1O,sour,IUPAC Dissocation Constants,"2,3-dihydroxycyclohepta-2,4,6-trien-1-one"
CC=C1C(OC2OC(CO)C(O)C(O)C2O)OC=C(C(=O)OC)C1CC(=O)OCCc1ccc(O)cc1,CC=C1C(OC2OC(CO)C(O)C(O)C2O)OC=C(C(=O)OC)C1CC(=O)OCCc1ccc(O)cc1,bitter,phytocompounds_db,"methyl 5-ethylidene-4-[2-[2-(4-hydroxyphenyl)ethoxy]-2-oxoethyl]-6-[3,4,5-trihydroxy-6-(hydroxymethyl)oxan-2-yl]oxy-4H-pyran-3-carboxylate"
Nc1ncnc2c1ncn2C1OC(CO)C(O)C1O,Nc1ncnc2c1ncn2C1OC(CO)C(O)C1O,bitter,chemtastes_db,"2-(6-aminopurin-9-yl)-5-(hydroxymethyl)oxolane-3,4-diol"
CC(=O)NC(N)=S,CC(=O)NC(N)=S,bitter,chemtastes_db,N-carbamothioylacetamide
CCOC(=O)C(c1c(O)c2ccccc2oc1=O)c1c(O)c2ccccc2oc1=O,CCOC(=O)C(c1c(O)c2ccccc2oc1=O)c1c(O)c2ccccc2oc1=O,bitter,chemtastes_db,"ethyl 2,2-bis(4-hydroxy-2-oxochromen-3-yl)acetate"
COC1C=CC2=CCN3CCC4=C(CC(=O)OC4)C23C1,COC1C=CC2=CCN3CCC4=C(CC(=O)OC4)C23C1,bitter,phytocompounds_db,"16-methoxy-5-oxa-10-azatetracyclo[8.7.0.01,13.02,7]heptadeca-2(7),12,14-trien-4-one"
CCCCP(O)(=S)CCCC,CCCCP(O)(=S)CCCC,sour,IUPAC Dissocation Constants,dibutyl-hydroxy-sulfanylidene-lambda5-phosphane
Cc1ccc(S(=O)O)cc1,Cc1ccc(S(=O)O)cc1,sour,IUPAC Dissocation Constants,4-methylbenzenesulfinic acid
CC1=NOC(=O)C1=NNc1ccccc1Cl,CC1=NOC(=O)C1=NNc1ccccc1Cl,sour,IUPAC Dissocation Constants,"4-[(2-chlorophenyl)diazenyl]-3-methyl-2H-1,2-oxazol-5-one"
Cn1c(Cc2ccccc2)nc(=O)c2ccccc21,Cn1c(Cc2ccccc2)nc(=O)c2ccccc21,bitter,phytocompounds_db,2-benzyl-1-methylquinazolin-4-one
CCC(C)C(=O)C1=C(O)C(CC=C(C)C)=C(O)C(O)(CC=C(C)C)C1=O,CCC(C)C(=O)C1=C(O)C(CC=C(C)C)=C(O)C(O)(CC=C(C)C)C1=O,bitter,chemtastes_db,"3,5,6-trihydroxy-2-(2-methylbutanoyl)-4,6-bis(3-methylbut-2-enyl)cyclohexa-2,4-dien-1-one"
O=c1cc(-c2ccc(O)cc2)oc2c(C3OC(CO)C(O)C(O)C3O)c(O)c(C3OCC(O)C(O)C3O)c(O)c12,O=c1cc(-c2ccc(O)cc2)oc2c(C3OC(CO)C(O)C(O)C3O)c(O)c(C3OCC(O)C(O)C3O)c(O)c12,bitter,phytocompounds_db,"5,7-dihydroxy-2-(4-hydroxyphenyl)-8-[3,4,5-trihydroxy-6-(hydroxymethyl)oxan-2-yl]-6-(3,4,5-trihydroxyoxan-2-yl)chromen-4-one"
Nc1cc(C(=O)O)c2ccccc2c1,Nc1cc(C(=O)O)c2ccccc2c1,sour,IUPAC Dissocation Constants,3-aminonaphthalene-1-carboxylic acid
CC(C)=CCCC(C)=CCOC=O,CC(C)=CCCC(C)=CCOC=O,bitter,chemtastes_db,"3,7-dimethylocta-2,6-dienyl formate"
Cc1ncnc2[nH]nnc12,Cc1ncnc2[nH]nnc12,sour,IUPAC Dissocation Constants,"7-methyl-2H-triazolo[4,5-d]pyrimidine"
O=Nc1c(O)c(N=O)c2ccccc2c1O,O=Nc1c(O)c(N=O)c2ccccc2c1O,sour,IUPAC Dissocation Constants,"2,4-bis(hydroxyimino)naphthalene-1,3-dione"
CC[C@H](C)C(=O)C1=C(O)[C@@](O)(C(=O)CC=C(C)C)[C@H](CC=C(C)C)C1=O,CC[C@H](C)C(=O)C1=C(O)[C@@](O)(C(=O)CC=C(C)C)[C@H](CC=C(C)C)C1=O,bitter,tas2r_agonists,"(4R,5S)-3,4-dihydroxy-2-[(2S)-2-methylbutanoyl]-5-(3-methylbut-2-enyl)-4-(4-methylpent-3-enoyl)cyclopent-2-en-1-one"
COc1ccc(C(N)C(=O)O)cc1,COc1ccc(C(N)C(=O)O)cc1,sour,IUPAC Dissocation Constants,2-amino-2-(4-methoxyphenyl)acetic acid
O=C(O)CC1NC(=O)C(Cc2ccccc2)NC1=O,O=C(O)CC1NC(=O)C(Cc2ccccc2)NC1=O,bitter,chemtastes_db,"2-(5-benzyl-3,6-dioxopiperazin-2-yl)acetic acid"
O=C(O)CCc1ccccc1O,O=C(O)CCc1ccccc1O,sour,IUPAC Dissocation Constants,3-(2-hydroxyphenyl)propanoic acid
COc1cc2ccc(=O)oc2c(OC2OC(CO)C(O)C(O)C2O)c1O,COc1cc2ccc(=O)oc2c(OC2OC(CO)C(O)C(O)C2O)c1O,bitter,chemtastes_db,"7-hydroxy-6-methoxy-8-[3,4,5-trihydroxy-6-(hydroxymethyl)oxan-2-yl]oxychromen-2-one"
O=[N+]([O-])c1cc(Cl)c(O)c([N+](=O)[O-])c1,O=[N+]([O-])c1cc(Cl)c(O)c([N+](=O)[O-])c1,sour,IUPAC Dissocation Constants,"2-chloro-4,6-dinitrophenol"
CC1OC(OC2CC(O)C3(CO)C4C(O)CC5(C)C(C6=CC(=O)OC6)CCC5(O)C4CCC3(O)C2)C(O)C(O)C1O,CC1OC(OC2CC(O)C3(CO)C4C(O)CC5(C)C(C6=CC(=O)OC6)CCC5(O)C4CCC3(O)C2)C(O)C(O)C1O,bitter,chemtastes_db,"3-[1,5,11,14-tetrahydroxy-10-(hydroxymethyl)-13-methyl-3-(3,4,5-trihydroxy-6-methyloxan-2-yl)oxy-2,3,4,6,7,8,9,11,12,15,16,17-dodecahydro-1H-cyclopenta[a]phenanthren-17-yl]-2H-furan-5-one"
CC(=O)OC1CC2(C)C(CCC(O)C2(C)O)C(C=O)(CC(O)c2ccoc2)C1C,CC(=O)OC1CC2(C)C(CCC(O)C2(C)O)C(C=O)(CC(O)c2ccoc2)C1C,bitter,chemtastes_db,"[4-formyl-4-[2-(furan-3-yl)-2-hydroxyethyl]-7,8-dihydroxy-3,8,8a-trimethyl-2,3,4a,5,6,7-hexahydro-1H-naphthalen-2-yl] acetate"
COc1cc(O)c2c(=O)cc(C)oc2c1,COc1cc(O)c2c(=O)cc(C)oc2c1,bitter,chemtastes_db,5-hydroxy-7-methoxy-2-methylchromen-4-one
Cc1n[nH]c(=S)[nH]c1=O,Cc1n[nH]c(=S)[nH]c1=O,sour,IUPAC Dissocation Constants,"6-methyl-3-sulfanylidene-2H-1,2,4-triazin-5-one"
O=C(O)C(SC(C(=O)O)c1ccccc1)c1ccccc1,O=C(O)C(SC(C(=O)O)c1ccccc1)c1ccccc1,sour,IUPAC Dissocation Constants,2-[carboxy(phenyl)methyl]sulfanyl-2-phenylacetic acid
CC(C)=CCCC(C)=CCOC(=O)CC(C)C,CC(C)=CCCC(C)=CCOC(=O)CC(C)C,bitter,chemtastes_db,"3,7-dimethylocta-2,6-dienyl 3-methylbutanoate"
CCC(CC([N+](=O)[O-])[N+](=O)[O-])[N+](=O)[O-],CCC(CC([N+](=O)[O-])[N+](=O)[O-])[N+](=O)[O-],sour,IUPAC Dissocation Constants,"1,1,3-trinitropentane"
O=C(O)C1CCCCC1,O=C(O)C1CCCCC1,sour,flavor_db,cyclohexanecarboxylic acid
O=C1c2ccccc2C(=O)C1c1ccc(-c2ccc(C3C(=O)c4ccccc4C3=O)cc2)cc1,O=C1c2ccccc2C(=O)C1c1ccc(-c2ccc(C3C(=O)c4ccccc4C3=O)cc2)cc1,sour,IUPAC Dissocation Constants,"2-[4-[4-(1,3-dioxoinden-2-yl)phenyl]phenyl]indene-1,3-dione"
O=c1c(OC2OCC(O)C(O)C2O)c(-c2cc(O)c(O)c(O)c2)oc2cc(O)cc(O)c12,O=c1c(OC2OCC(O)C(O)C2O)c(-c2cc(O)c(O)c(O)c2)oc2cc(O)cc(O)c12,bitter,phytocompounds_db,"5,7-dihydroxy-3-(3,4,5-trihydroxyoxan-2-yl)oxy-2-(3,4,5-trihydroxyphenyl)chromen-4-one"
CN(C)c1ccc(P(=O)(O)O)cc1,CN(C)c1ccc(P(=O)(O)O)cc1,sour,IUPAC Dissocation Constants,[4-(dimethylamino)phenyl]phosphonic acid
COC1=C(C2C(=O)C=C(C)C(=O)C2O)C(=O)C=C(C)C1=O,COC1=C(C2C(=O)C=C(C)C(=O)C2O)C(=O)C=C(C)C1=O,sour,IUPAC Dissocation Constants,"2-(6-hydroxy-4-methyl-2,5-dioxocyclohex-3-en-1-yl)-3-methoxy-5-methylcyclohexa-2,5-diene-1,4-dione"
O=C(Cc1ccccc1)Cc1ccccc1,O=C(Cc1ccccc1)Cc1ccccc1,bitter,flavor_db,"1,3-diphenylpropan-2-one"
O=C(O)c1cccc(F)c1,O=C(O)c1cccc(F)c1,sour,IUPAC Dissocation Constants,3-fluorobenzoic acid
COC1=CC(C)C2CC3OC(=O)CC4C(C)(O)C(OC)C(OC(C)=O)C(C2(C)C1=O)C34C,COC1=CC(C)C2CC3OC(=O)CC4C(C)(O)C(OC)C(OC(C)=O)C(C2(C)C1=O)C34C,bitter,phytocompounds_db,"(14-hydroxy-4,15-dimethoxy-2,6,14,17-tetramethyl-3,11-dioxo-10-oxatetracyclo[7.7.1.02,7.013,17]heptadec-4-en-16-yl) acetate"
O=C(CS(=O)Cc1ccco1)NCC=CCOc1cc(CN2CCCCC2)ccn1,O=C(C[S+]([O-])Cc1ccco1)NCC=CCOc1cc(CN2CCCCC2)ccn1,bitter,chemtastes_db,2-(furan-2-ylmethylsulfinyl)-N-[4-[4-(piperidin-1-ylmethyl)pyridin-2-yl]oxybut-2-enyl]acetamide
O=c1cnc2[nH]c(=O)ncc2[nH]1,O=c1cnc2[nH]c(=O)ncc2[nH]1,sour,IUPAC Dissocation Constants,"1,5-dihydropteridine-2,6-dione"
Nc1c(NCC(=O)O)nc(Cl)nc1C(=O)O,Nc1c(NCC(=O)O)nc(Cl)nc1C(=O)O,sour,IUPAC Dissocation Constants,5-amino-6-(carboxymethylamino)-2-chloropyrimidine-4-carboxylic acid
O=[N+]([O-])c1cc(I)c(O)c(I)c1,O=[N+]([O-])c1cc(I)c(O)c(I)c1,sour,IUPAC Dissocation Constants,"2,6-diiodo-4-nitrophenol"
CC(C)=CCC12CC3C(CC(C(C)(C)O)C3(C)C)(C(=O)C(C(=O)C(C)C)=C1O)C2=O,CC(C)=CCC12CC3C(CC(C(C)(C)O)C3(C)C)(C(=O)C(C(=O)C(C)C)=C1O)C2=O,bitter,chemtastes_db,"8-hydroxy-3-(2-hydroxypropan-2-yl)-4,4-dimethyl-7-(3-methylbut-2-enyl)-9-(2-methylpropanoyl)tricyclo[5.3.1.01,5]undec-8-ene-10,11-dione"
COc1ccccc1C(O)C(=O)O,COc1ccccc1C(O)C(=O)O,sour,IUPAC Dissocation Constants,2-hydroxy-2-(2-methoxyphenyl)acetic acid
CCOP(=O)(OCC)c1cccc(C(=O)O)c1,CCOP(=O)(OCC)c1cccc(C(=O)O)c1,sour,IUPAC Dissocation Constants,3-diethoxyphosphorylbenzoic acid
CC(C=CC=C(C)C(=O)OC1OC(COC2OC(CO)C(O)C(O)C2O)C(O)C(O)C1O)=CC=CC=C(C)C=CC=C(C)C(=O)OC1OC(COC2OC(CO)C(O)C(O)C2O)C(O)C(O)C1O,CC(C=CC=C(C)C(=O)OC1OC(COC2OC(CO)C(O)C(O)C2O)C(O)C(O)C1O)=CC=CC=C(C)C=CC=C(C)C(=O)OC1OC(COC2OC(CO)C(O)C(O)C2O)C(O)C(O)C1O,bitter,phytocompounds_db,"bis[3,4,5-trihydroxy-6-[[3,4,5-trihydroxy-6-(hydroxymethyl)oxan-2-yl]oxymethyl]oxan-2-yl] 2,6,11,15-tetramethylhexadeca-2,4,6,8,10,12,14-heptaenedioate"
CC(N)C(=O)c1ccccc1,CC(N)C(=O)c1ccccc1,bitter,phytocompounds_db,2-amino-1-phenylpropan-1-one
CC(CCC(=O)O)(CCC(=O)O)[N+](=O)[O-],CC(CCC(=O)O)(CCC(=O)O)[N+](=O)[O-],sour,IUPAC Dissocation Constants,4-methyl-4-nitroheptanedioic acid
Cn1c(=O)c2c(n(C)c1=O)n(C)c(=O)n2C,Cn1c(=O)c2c(n(C)c1=O)n(C)c(=O)n2C,bitter,chemtastes_db,"1,3,7,9-tetramethylpurine-2,6,8-trione"
CC(=O)OC1C(=O)C2C3(C)C(=O)C(O)CC(C)C3CC3OC(=O)CC(C1C)C32C,CC(=O)OC1C(=O)C2C3(C)C(=O)C(O)CC(C)C3CC3OC(=O)CC(C1C)C32C,bitter,phytocompounds_db,"(4-hydroxy-2,6,14,17-tetramethyl-3,11,16-trioxo-10-oxatetracyclo[7.7.1.02,7.013,17]heptadecan-15-yl) acetate"
CC(=O)NCC(=O)NC(Cc1c[nH]cn1)C(=O)NCC(=O)O,CC(=O)NCC(=O)NC(Cc1c[nH]cn1)C(=O)NCC(=O)O,sour,IUPAC Dissocation Constants,2-[[2-[(2-acetamidoacetyl)amino]-3-(1H-imidazol-5-yl)propanoyl]amino]acetic acid
Cc1ccc2ccccc2c1C(=O)O,Cc1ccc2ccccc2c1C(=O)O,sour,IUPAC Dissocation Constants,2-methylnaphthalene-1-carboxylic acid
COc1cc(O)c(CC=C(C)C)c2c1C(=O)CC(c1ccc(O)cc1)O2,COc1cc(O)c(CC=C(C)C)c2c1C(=O)CC(c1ccc(O)cc1)O2,bitter,chemtastes_db,"7-hydroxy-2-(4-hydroxyphenyl)-5-methoxy-8-(3-methylbut-2-enyl)-2,3-dihydrochromen-4-one"
COc1c2ccoc2cc2oc(=O)ccc12,COc1c2ccoc2cc2oc(=O)ccc12,bitter,chemtastes_db,"4-methoxyfuro[3,2-g]chromen-7-one"
COCC1CCC=C1C=NO,COCC1CCC=C1C=NO,bitter,chemtastes_db,N-[[5-(methoxymethyl)cyclopenten-1-yl]methylidene]hydroxylamine
CCC(C)C(NC(=O)C(N)CC(=O)O)C(=O)OC,CCC(C)C(NC(=O)C(N)CC(=O)O)C(=O)OC,bitter,chemtastes_db,3-amino-4-[(1-methoxy-3-methyl-1-oxopentan-2-yl)amino]-4-oxobutanoic acid
O=C(O)c1ccc(I)cc1O,O=C(O)c1ccc(I)cc1O,sour,IUPAC Dissocation Constants,2-hydroxy-4-iodobenzoic acid
O=c1cc(-c2ccc(O)c(O)c2)oc2cc(O)cc(O)c12,O=c1cc(-c2ccc(O)c(O)c2)oc2cc(O)cc(O)c12,bitter,chemtastes_db,"2-(3,4-dihydroxyphenyl)-5,7-dihydroxychromen-4-one"
Cc1cc(C)cc(OCC(=O)O)c1,Cc1cc(C)cc(OCC(=O)O)c1,sour,IUPAC Dissocation Constants,"2-(3,5-dimethylphenoxy)acetic acid"
O=C(O)c1ccc(Cl)cc1Cl,O=C(O)c1ccc(Cl)cc1Cl,sour,IUPAC Dissocation Constants,"2,4-dichlorobenzoic acid"
COC(C)=O,COC(C)=O,bitter,chemtastes_db,methyl acetate
CCCC(CCC)C(N)=O,CCCC(CCC)C(N)=O,bitter,chemtastes_db,2-propylpentanamide
O=C1CC2OCC=C3C[N+]4([O-])CCC56c7ccccc7N1C5C2C3CC64,O=C1CC2OCC=C3C[N+]4([O-])CCC56c7ccccc7N1C5C2C3CC64,bitter,chemtastes_db,"6-oxido-4a,5,5a,7,8,13a,15,15a,15b,16-decahydro-2H-4,6-methanoindolo[3,2,1-ij]oxepino[2,3,4-de]pyrrolo[2,3-h]quinolin-6-ium-14-one"
COc1cc2c(cc1OC)C(Cc1ccc(O)c(Oc3cc4c(cc3OC)CCN(C)C4Cc3ccc(O)cc3)c1)N(C)CC2,COc1cc2c(cc1OC)C(Cc1ccc(O)c(Oc3cc4c(cc3OC)CCN(C)C4Cc3ccc(O)cc3)c1)N(C)CC2,bitter,tas2r_agonists,"4-[(6,7-dimethoxy-2-methyl-3,4-dihydro-1H-isoquinolin-1-yl)methyl]-2-[[1-[(4-hydroxyphenyl)methyl]-6-methoxy-2-methyl-3,4-dihydro-1H-isoquinolin-7-yl]oxy]phenol"
O=C(O)c1cccc(O)c(=O)c1C(=O)O,O=C(O)c1cccc(O)c(=O)c1C(=O)O,sour,IUPAC Dissocation Constants,"7-hydroxy-6-oxocyclohepta-2,4,7-triene-1,2-dicarboxylic acid"
O=C(O)C=Cc1ccccc1OC1OC(CO)C(O)C(O)C1O,O=C(O)C=Cc1ccccc1OC1OC(CO)C(O)C(O)C1O,bitter,chemtastes_db,"3-[2-[3,4,5-trihydroxy-6-(hydroxymethyl)oxan-2-yl]oxyphenyl]prop-2-enoic acid"
CC(C)CCNC(=S)S,CC(C)CCNC(=S)S,sour,IUPAC Dissocation Constants,3-methylbutylcarbamodithioic acid
CCOC(=O)C(CCc1ccccc1)NC(C)C(=O)N1CCCC1C(=O)O,CCOC(=O)C(CCc1ccccc1)NC(C)C(=O)N1CCCC1C(=O)O,bitter,chemtastes_db,1-[2-[(1-ethoxy-1-oxo-4-phenylbutan-2-yl)amino]propanoyl]pyrrolidine-2-carboxylic acid
O=C(C=Cc1ccc(O)c(O)c1)Nc1ccc(O)cc1C(=O)O,O=C(C=Cc1ccc(O)c(O)c1)Nc1ccc(O)cc1C(=O)O,bitter,chemtastes_db,"2-[3-(3,4-dihydroxyphenyl)prop-2-enoylamino]-5-hydroxybenzoic acid"
C=C1C(=O)OC2C=C(C)C(O)CC=C(C)CC(OC(=O)C(C)=CC)C12,C=C1C(=O)OC2C=C(C)C(O)CC=C(C)CC(OC(=O)C(C)=CC)C12,bitter,chemtastes_db,"(9-hydroxy-6,10-dimethyl-3-methylidene-2-oxo-3a,4,5,8,9,11a-hexahydrocyclodeca[b]furan-4-yl) 2-methylbut-2-enoate"
O=C(O)Cc1cccc(Cl)c1,O=C(O)Cc1cccc(Cl)c1,sour,IUPAC Dissocation Constants,2-(3-chlorophenyl)acetic acid
O=C(O)c1c(O)cccc1Cl,O=C(O)c1c(O)cccc1Cl,sour,IUPAC Dissocation Constants,2-chloro-6-hydroxybenzoic acid
CC(C)(O)C=CC(=O)C(C)(O)C1C(O)CC2(C)C3CC=C4C(C=C(O)C(=O)C4(C)C)C3(C)C(=O)CC12C,CC(C)(O)C=CC(=O)C(C)(O)C1C(O)CC2(C)C3CC=C4C(C=C(O)C(=O)C4(C)C)C3(C)C(=O)CC12C,bitter,chemtastes_db,"17-(2,6-dihydroxy-6-methyl-3-oxohept-4-en-2-yl)-2,16-dihydroxy-4,4,9,13,14-pentamethyl-8,10,12,15,16,17-hexahydro-7H-cyclopenta[a]phenanthrene-3,11-dione"
O=[N+]([O-])c1cccc(S)c1,O=[N+]([O-])c1cccc(S)c1,sour,IUPAC Dissocation Constants,3-nitrobenzenethiol
O=c1c(-c2ccccc2)coc2ccccc12,O=c1c(-c2ccccc2)coc2ccccc12,bitter,chemtastes_db,3-phenylchromen-4-one
C=C1C(=O)OC2C1CCC(C)C1(O)C=CC(=O)C21C,C=C1C(=O)OC2C1CCC(C)C1(O)C=CC(=O)C21C,bitter,chemtastes_db,"6a-hydroxy-6,9a-dimethyl-3-methylidene-4,5,6,9b-tetrahydro-3aH-azuleno[8,7-b]furan-2,9-dione"
CCC(CC)(C(=O)O)C(CC)(CC)C(=O)OC,CCC(CC)(C(=O)O)C(CC)(CC)C(=O)OC,sour,IUPAC Dissocation Constants,"2,2,3-triethyl-3-methoxycarbonylpentanoic acid"
CN1CC(=O)N=C1N,CN1CC(=O)N=C1N,bitter,chemtastes_db,2-imino-1-methylimidazolidin-4-one
O=C(O)[C@@H]1C[C@H]1C(=O)O,O=C(O)[C@@H]1C[C@H]1C(=O)O,sour,IUPAC Dissocation Constants,"(1R,2R)-cyclopropane-1,2-dicarboxylic acid"
NC(Cc1cnc[nH]1)C(=O)O,NC(Cc1cnc[nH]1)C(=O)O,bitter,chemtastes_db,2-amino-3-(1H-imidazol-5-yl)propanoic acid
O=C(O)CCO,O=C(O)CCO,sour,IUPAC Dissocation Constants,3-hydroxypropanoic acid
CC1=Nc2nccnc2C(C2C(=O)CC(C)(C)CC2=O)N1,CC1=Nc2nccnc2C(C2C(=O)CC(C)(C)CC2=O)N1,sour,IUPAC Dissocation Constants,"5,5-dimethyl-2-(2-methyl-1,4-dihydropteridin-4-yl)cyclohexane-1,3-dione"
O=C(O)C(O)c1ccc(F)cc1,O=C(O)C(O)c1ccc(F)cc1,sour,IUPAC Dissocation Constants,2-(4-fluorophenyl)-2-hydroxyacetic acid
CC(C)C([N+](=O)[O-])[N+](=O)[O-],CC(C)C([N+](=O)[O-])[N+](=O)[O-],sour,IUPAC Dissocation Constants,"2-methyl-1,1-dinitropropane"
O=Cc1ncccc1O,O=Cc1ncccc1O,sour,IUPAC Dissocation Constants,3-hydroxypyridine-2-carbaldehyde
C=CC1(C)C=C2CCC3C(C)(C(=O)O)CCCC3(C)C2CC1,C=CC1(C)C=C2CCC3C(C)(C(=O)O)CCCC3(C)C2CC1,bitter,phytocompounds_db,"7-ethenyl-1,4a,7-trimethyl-3,4,4b,5,6,9,10,10a-octahydro-2H-phenanthrene-1-carboxylic acid"
CCCCCCCCCCCC(=O)OCCOCC(OCCO)C1OCC(OCCO)C1OCCO,CCCCCCCCCCCC(=O)OCCOCC(OCCO)C1OCC(OCCO)C1OCCO,bitter,chemtastes_db,"2-[2-[3,4-bis(2-hydroxyethoxy)oxolan-2-yl]-2-(2-hydroxyethoxy)ethoxy]ethyl dodecanoate"
O=C(O)c1ccc(Cl)cc1,O=C(O)c1ccc(Cl)cc1,sour,IUPAC Dissocation Constants,4-chlorobenzoic acid
O=c1nc[nH]c2c1ncn2C1OC(CO)C(O)C1O,O=c1nc[nH]c2c1ncn2C1OC(CO)C(O)C1O,bitter,chemtastes_db,"9-[3,4-dihydroxy-5-(hydroxymethyl)oxolan-2-yl]-1H-purin-6-one"
O=C(O)CCC([N+](=O)[O-])([N+](=O)[O-])[N+](=O)[O-],O=C(O)CCC([N+](=O)[O-])([N+](=O)[O-])[N+](=O)[O-],sour,IUPAC Dissocation Constants,"4,4,4-trinitrobutanoic acid"
CCCCCC=CCC=CCCCCCCCC(=O)OCC,CCCCCC=CCC=CCCCCCCCC(=O)OCC,bitter,phytocompounds_db,"ethyl octadeca-9,12-dienoate"
COC(=O)CCC([N+](=O)[O-])[N+](=O)[O-],COC(=O)CCC([N+](=O)[O-])[N+](=O)[O-],sour,IUPAC Dissocation Constants,"methyl 4,4-dinitrobutanoate"
COc1c(-c2ccc(O)c(O)c2)oc2cc(O)cc(O)c2c1=O,COc1c(-c2ccc(O)c(O)c2)oc2cc(O)cc(O)c2c1=O,bitter,phytocompounds_db,"2-(3,4-dihydroxyphenyl)-5,7-dihydroxy-3-methoxychromen-4-one"
Cn1cnc(O)cc1=S,Cn1cnc(O)cc1=S,sour,IUPAC Dissocation Constants,1-methyl-6-sulfanylpyrimidin-4-one
CC1C(=O)OC2C3=C(C(=O)CC3(C)O)C(C)(O)CCC12,CC1C(=O)OC2C3=C(C(=O)CC3(C)O)C(C)(O)CCC12,bitter,phytocompounds_db,"6,9-dihydroxy-3,6,9-trimethyl-3,3a,4,5,8,9b-hexahydroazuleno[4,5-b]furan-2,7-dione"
CC(=O)NC1CCOC1=O,CC(=O)NC1CCOC1=O,bitter,tas2r_agonists,N-(2-oxooxolan-3-yl)acetamide
O=C(O)[C@H]1CCCC[C@H]1C(=O)O,O=C(O)[C@H]1CCCC[C@H]1C(=O)O,sour,IUPAC Dissocation Constants,"(1S,2R)-cyclohexane-1,2-dicarboxylic acid"
O=[As](O)(O)c1ccccc1O,O=[As](O)(O)c1ccccc1O,sour,IUPAC Dissocation Constants,(2-hydroxyphenyl)arsonic acid
CCC(C)C(=O)C1=C(O)C(O)(C(=O)CC=C(C)C)C(CC=C(C)C)C1=O,CCC(C)C(=O)C1=C(O)C(O)(C(=O)CC=C(C)C)C(CC=C(C)C)C1=O,bitter,chemtastes_db,"3,4-dihydroxy-2-(2-methylbutanoyl)-5-(3-methylbut-2-enyl)-4-(4-methylpent-3-enoyl)cyclopent-2-en-1-one"
C=C(C)CCCC(C)CCOC=O,C=C(C)CCCC(C)CCOC=O,bitter,flavor_db,"3,7-dimethyloct-7-enyl formate"
O=[N+]([O-])c1ccc(O)cc1O,O=[N+]([O-])c1ccc(O)cc1O,sour,IUPAC Dissocation Constants,"4-nitrobenzene-1,3-diol"
O=[N+]([O-])c1ccc(Cl)cc1O,O=[N+]([O-])c1ccc(Cl)cc1O,sour,IUPAC Dissocation Constants,5-chloro-2-nitrophenol
Cc1cc(=O)n2[nH]cnc2n1,Cc1cc(=O)n2[nH]cnc2n1,sour,IUPAC Dissocation Constants,"5-methyl-1H-[1,2,4]triazolo[1,5-a]pyrimidin-7-one"
Nc1c(C(=O)O)ncn1C1CCCCC1,Nc1c(C(=O)O)ncn1C1CCCCC1,sour,IUPAC Dissocation Constants,5-amino-1-cyclohexylimidazole-4-carboxylic acid
O=C(O)C[Se]c1cccc([N+](=O)[O-])c1,O=C(O)C[Se]c1cccc([N+](=O)[O-])c1,sour,IUPAC Dissocation Constants,2-(3-nitrophenyl)selanylacetic acid
NNC(=O)c1ccncc1,NNC(=O)c1ccncc1,sour,IUPAC Dissocation Constants,pyridine-4-carbohydrazide
CC1NC(=O)C(C(C)C)NC1=O,CC1NC(=O)C(C(C)C)NC1=O,bitter,chemtastes_db,"3-methyl-6-propan-2-ylpiperazine-2,5-dione"
O=[N+]([O-])c1ccc(F)cc1O,O=[N+]([O-])c1ccc(F)cc1O,sour,IUPAC Dissocation Constants,5-fluoro-2-nitrophenol
Cc1cc(=O)c(C(=O)O)c(C)o1,Cc1cc(=O)c(C(=O)O)c(C)o1,sour,IUPAC Dissocation Constants,"2,6-dimethyl-4-oxopyran-3-carboxylic acid"
OCc1ccccc1OC1OC(CO)C(O)C(O)C1O,OCc1ccccc1OC1OC(CO)C(O)C(O)C1O,bitter,chemtastes_db,"2-(hydroxymethyl)-6-[2-(hydroxymethyl)phenoxy]oxane-3,4,5-triol"
COc1cc(C2c3cc4c(cc3C(O)C3COC(=O)C23)OCO4)cc(OC)c1OC,COc1cc(C2c3cc4c(cc3C(O)C3COC(=O)C23)OCO4)cc(OC)c1OC,bitter,phytocompounds_db,"5-hydroxy-9-(3,4,5-trimethoxyphenyl)-5a,6,8a,9-tetrahydro-5H-[2]benzofuro[5,6-f][1,3]benzodioxol-8-one"
N=C(N)NCCC[C@H](NC(=O)c1ccccc1)C(=O)O,N=C(N)NCCC[C@H](NC(=O)c1ccccc1)C(=O)O,sour,IUPAC Dissocation Constants,(2S)-2-benzamido-5-(diaminomethylideneamino)pentanoic acid
O=C(O)C1=CCC(C(=O)O)C1,O=C(O)C1=CCC(C(=O)O)C1,sour,IUPAC Dissocation Constants,"cyclopent-3-ene-1,3-dicarboxylic acid"
O=C(O)[C@@H]1C[C@H]1c1cccc(Cl)c1,O=C(O)[C@@H]1C[C@H]1c1cccc(Cl)c1,sour,IUPAC Dissocation Constants,"(1R,2R)-2-(3-chlorophenyl)cyclopropane-1-carboxylic acid"
CC(C)C1NC(=O)C2CCCN2C1=O,CC(C)C1NC(=O)C2CCCN2C1=O,bitter,chemtastes_db,"3-propan-2-yl-2,3,6,7,8,8a-hexahydropyrrolo[1,2-a]pyrazine-1,4-dione"
COc1cc(O)c2c(=O)cc(-c3ccc(O)cc3)oc2c1,COc1cc(O)c2c(=O)cc(-c3ccc(O)cc3)oc2c1,bitter,chemtastes_db,5-hydroxy-2-(4-hydroxyphenyl)-7-methoxychromen-4-one
Cc1nc2cnc(=S)[nH]c2n(C)c1=O,Cc1nc2cnc(=S)[nH]c2n(C)c1=O,sour,IUPAC Dissocation Constants,"6,8-dimethyl-2-sulfanylidene-1H-pteridin-7-one"
CC(C)=CCC1OC(=O)C2C3CCC4C5(C)CCC(OC6OC(COC7OC(C)C(O)C(O)C7O)C(O)C(O)C6O)C(C)(C)C5CCC4(C)C3(C)C(OC3OC(CO)C(O)C(O)C3O)OC12C,CC(C)=CCC1OC(=O)C2C3CCC4C5(C)CCC(OC6OC(COC7OC(C)C(O)C(O)C7O)C(O)C(O)C6O)C(C)(C)C5CCC4(C)C3(C)C(OC3OC(CO)C(O)C(O)C3O)OC12C,bitter,phytocompounds_db,"1,2,5,14,18,18-hexamethyl-6-(3-methylbut-2-enyl)-3-[3,4,5-trihydroxy-6-(hydroxymethyl)oxan-2-yl]oxy-17-[3,4,5-trihydroxy-6-[(3,4,5-trihydroxy-6-methyloxan-2-yl)oxymethyl]oxan-2-yl]oxy-4,7-dioxapentacyclo[11.8.0.02,10.05,9.014,19]henicosan-8-one"
Nc1ccccc1[As](=O)(O)O,Nc1ccccc1[As](=O)(O)O,sour,IUPAC Dissocation Constants,(2-aminophenyl)arsonic acid
C=C1C(O)C2(O)OCC34C(CC5C(C)=CC(O)C(O)C5(C)C23)OC(=O)CC14,C=C1C(O)C2(O)OCC34C(CC5C(C)=CC(O)C(O)C5(C)C23)OC(=O)CC14,bitter,phytocompounds_db,"4,5,16,17-tetrahydroxy-14,18-dimethyl-6-methylidene-3,10-dioxapentacyclo[9.8.0.01,7.04,19.013,18]nonadec-14-en-9-one"
COc1cc2oc(=O)ccc2c(OC)c1O,COc1cc2oc(=O)ccc2c(OC)c1O,bitter,phytocompounds_db,"6-hydroxy-5,7-dimethoxychromen-2-one"
O=C1C(O)=C(Oc2ccccc2)C(=O)C(O)=C1Oc1ccccc1,O=C1C(O)=C(Oc2ccccc2)C(=O)C(O)=C1Oc1ccccc1,sour,IUPAC Dissocation Constants,"2,5-dihydroxy-3,6-diphenoxycyclohexa-2,5-diene-1,4-dione"
Nc1ncc(C(=O)O)c(N)n1,Nc1ncc(C(=O)O)c(N)n1,sour,IUPAC Dissocation Constants,"2,4-diaminopyrimidine-5-carboxylic acid"
CCOC(=O)c1n[nH]c(=O)[nH]c1=O,CCOC(=O)c1n[nH]c(=O)[nH]c1=O,sour,IUPAC Dissocation Constants,"ethyl 3,5-dioxo-2H-1,2,4-triazine-6-carboxylate"
CC(=O)c1ccc(CC(=O)O)s1,CC(=O)c1ccc(CC(=O)O)s1,sour,IUPAC Dissocation Constants,2-(5-acetylthiophen-2-yl)acetic acid
Cn1ncc(=S)[nH]c1=S,Cn1ncc(=S)[nH]c1=S,sour,IUPAC Dissocation Constants,"2-methyl-1,2,4-triazine-3,5-dithione"
COc1cccc([Se]CC(=O)O)c1,COc1cccc([Se]CC(=O)O)c1,sour,IUPAC Dissocation Constants,2-(3-methoxyphenyl)selanylacetic acid
O=[N+]([O-])C(CCO)[N+](=O)[O-],O=[N+]([O-])C(CCO)[N+](=O)[O-],sour,IUPAC Dissocation Constants,"3,3-dinitropropan-1-ol"
CCN(CC)CCCC(C)Nc1ccnc2cc(Cl)ccc12,CCN(CC)CCCC(C)Nc1ccnc2cc(Cl)ccc12,bitter,chemtastes_db,"4-N-(7-chloroquinolin-4-yl)-1-N,1-N-diethylpentane-1,4-diamine"
NCc1ccccc1CCC(=O)O,NCc1ccccc1CCC(=O)O,sour,IUPAC Dissocation Constants,3-[2-(aminomethyl)phenyl]propanoic acid
O=C(O)COc1cccc([N+](=O)[O-])c1,O=C(O)COc1cccc([N+](=O)[O-])c1,sour,IUPAC Dissocation Constants,2-(3-nitrophenoxy)acetic acid
O=S(O)c1ccccc1,O=S(O)c1ccccc1,sour,IUPAC Dissocation Constants,benzenesulfinic acid
O=C(O)c1ccccc1C(=O)Nc1ccc(S(=O)(=O)Nc2nccs2)cc1,O=C(O)c1ccccc1C(=O)Nc1ccc(S(=O)(=O)Nc2nccs2)cc1,bitter,chemtastes_db,"2-[[4-(1,3-thiazol-2-ylsulfamoyl)phenyl]carbamoyl]benzoic acid"
CCC1CN2CCC1CC2C(O)c1ccnc2ccc(OC)cc12,CCC1CN2CCC1CC2C(O)c1ccnc2ccc(OC)cc12,bitter,phytocompounds_db,(5-ethyl-1-azabicyclo[2.2.2]octan-2-yl)-(6-methoxyquinolin-4-yl)methanol
O=Cc1ccc(O)c(O)c1,O=Cc1ccc(O)c(O)c1,bitter,flavor_db,"3,4-dihydroxybenzaldehyde"
Cc1cc2ccccc2c(C(=O)O)c1C,Cc1cc2ccccc2c(C(=O)O)c1C,sour,IUPAC Dissocation Constants,"2,3-dimethylnaphthalene-1-carboxylic acid"
C=C1CC23CCC4C(C)(C(=O)O)CCCC4(C)C2CCC1(OC1OC(CO)C(O)C(O)C1OC1OC(CO)C(O)C(O)C1O)C3,C=C1CC23CCC4C(C)(C(=O)O)CCCC4(C)C2CCC1(OC1OC(CO)C(O)C(O)C1OC1OC(CO)C(O)C(O)C1O)C3,bitter,tas2r_agonists,"13-[4,5-dihydroxy-6-(hydroxymethyl)-3-[3,4,5-trihydroxy-6-(hydroxymethyl)oxan-2-yl]oxyoxan-2-yl]oxy-5,9-dimethyl-14-methylidenetetracyclo[11.2.1.01,10.04,9]hexadecane-5-carboxylic acid"
C=CS(=O)C=C,C=C[S+]([O-])C=C,bitter,chemtastes_db,1-ethenylsulfinylethene
O=[N+]([O-])c1cccc(O)c1O,O=[N+]([O-])c1cccc(O)c1O,sour,IUPAC Dissocation Constants,"3-nitrobenzene-1,2-diol"
O=C(O)C1CC(O)C(O)C(O)C1,O=C(O)C1CC(O)C(O)C(O)C1,sour,IUPAC Dissocation Constants,"3,4,5-trihydroxycyclohexane-1-carboxylic acid"
O=C(C=Cc1cccc(O)c1)c1ccccc1O,O=C(C=Cc1cccc(O)c1)c1ccccc1O,bitter,chemtastes_db,1-(2-hydroxyphenyl)-3-(3-hydroxyphenyl)prop-2-en-1-one
O=C1c2ccccc2C(=O)C1c1ccc2ccccc2c1,O=C1c2ccccc2C(=O)C1c1ccc2ccccc2c1,sour,IUPAC Dissocation Constants,"2-naphthalen-2-ylindene-1,3-dione"
O=c1ccc([N+](=O)[O-])ccc1O,O=c1ccc([N+](=O)[O-])ccc1O,sour,IUPAC Dissocation Constants,"2-hydroxy-5-nitrocyclohepta-2,4,6-trien-1-one"
O=C(O)Cc1ccc(Cl)cc1,O=C(O)Cc1ccc(Cl)cc1,sour,IUPAC Dissocation Constants,2-(4-chlorophenyl)acetic acid
O=c1c(O)c(-c2ccc(O)c(O)c2)oc2cc(O)ccc12,O=c1c(O)c(-c2ccc(O)c(O)c2)oc2cc(O)ccc12,bitter,chemtastes_db,"2-(3,4-dihydroxyphenyl)-3,7-dihydroxychromen-4-one"
CC(C)CC(N)C(=O)NC(C)C(=O)O,CC(C)CC(N)C(=O)NC(C)C(=O)O,bitter,chemtastes_db,2-[(2-amino-4-methylpentanoyl)amino]propanoic acid
CC1NC2CCCCCCCC(=O)OC3CCC(CCCCCCCC(=O)OC1CC2)NC3C,CC1NC2CCCCCCCC(=O)OC3CCC(CCCCCCCC(=O)OC1CC2)NC3C,bitter,phytocompounds_db,"13,26-dimethyl-2,15-dioxa-12,25-diazatricyclo[22.2.2.211,14]triacontane-3,16-dione"
CCC(C)C1NC(=O)C2CCCN2C1=O,CCC(C)C1NC(=O)C2CCCN2C1=O,bitter,chemtastes_db,"3-butan-2-yl-2,3,6,7,8,8a-hexahydropyrrolo[1,2-a]pyrazine-1,4-dione"
C1CCN2CC3CC(CN4CCCCC34)C2C1,C1CCN2CC3CC(CN4CCCCC34)C2C1,bitter,chemtastes_db,"7,15-diazatetracyclo[7.7.1.02,7.010,15]heptadecane"
CC(C)CC(N)C(=O)NC(CCCN=C(N)N)C(=O)N1CCCC1C(=O)O,CC(C)CC(N)C(=O)NC(CCCN=C(N)N)C(=O)N1CCCC1C(=O)O,bitter,tas2r_agonists,1-[2-[(2-amino-4-methylpentanoyl)amino]-5-(diaminomethylideneamino)pentanoyl]pyrrolidine-2-carboxylic acid
OC1CCN2Cc3ccccc3N=C12,OC1CCN2Cc3ccccc3N=C12,bitter,phytocompounds_db,"1,2,3,9-tetrahydropyrrolo[2,1-b]quinazolin-3-ol"
CC(C)CC(=O)CC1(C)CCC(c2ccoc2)O1,CC(C)CC(=O)CC1(C)CCC(c2ccoc2)O1,bitter,phytocompounds_db,1-[5-(furan-3-yl)-2-methyloxolan-2-yl]-4-methylpentan-2-one
NC(C(=O)O)c1cccc(Cl)c1,NC(C(=O)O)c1cccc(Cl)c1,sour,IUPAC Dissocation Constants,2-amino-2-(3-chlorophenyl)acetic acid
COCC(O)CCCCc1ccccc1,COCC(O)CCCCc1ccccc1,bitter,chemtastes_db,1-methoxy-6-phenylhexan-2-ol
C=C1C(O)C2(O)OCC34C(CC5C(C)=CC(O)C(O)C5(C)C23)OC(=O)C(O)C14,C=C1C(O)C2(O)OCC34C(CC5C(C)=CC(O)C(O)C5(C)C23)OC(=O)C(O)C14,bitter,phytocompounds_db,"4,5,8,16,17-pentahydroxy-14,18-dimethyl-6-methylidene-3,10-dioxapentacyclo[9.8.0.01,7.04,19.013,18]nonadec-14-en-9-one"
C=C1CCC2C(C)(CO)C(O)CCC2(C)C1CCC1=CCOC1=O,C=C1CCC2C(C)(CO)C(O)CCC2(C)C1CCC1=CCOC1=O,bitter,phytocompounds_db,"4-[2-[6-hydroxy-5-(hydroxymethyl)-5,8a-dimethyl-2-methylidene-3,4,4a,6,7,8-hexahydro-1H-naphthalen-1-yl]ethyl]-2H-furan-5-one"
CCN(CC)c1cc(C)nc2ncnn12,CCN(CC)c1cc(C)nc2ncnn12,bitter,chemtastes_db,"N,N-diethyl-5-methyl-[1,2,4]triazolo[1,5-a]pyrimidin-7-amine"
Cc1ccc(C(=O)O)c(C)c1C,Cc1ccc(C(=O)O)c(C)c1C,sour,IUPAC Dissocation Constants,"2,3,4-trimethylbenzoic acid"
CC(=O)OCCC([N+](=O)[O-])[N+](=O)[O-],CC(=O)OCCC([N+](=O)[O-])[N+](=O)[O-],sour,IUPAC Dissocation Constants,"3,3-dinitropropyl acetate"
O=c1c(O)c(O)c(=O)c(=O)c1=O,O=c1c(O)c(O)c(=O)c(=O)c1=O,sour,IUPAC Dissocation Constants,"5,6-dihydroxycyclohex-5-ene-1,2,3,4-tetrone"
CCN1CCCCC1C(=O)O,CCN1CCCCC1C(=O)O,sour,IUPAC Dissocation Constants,1-ethylpiperidine-2-carboxylic acid
CC(CNC(=O)C(N)CC(=O)O)c1ccccc1,CC(CNC(=O)C(N)CC(=O)O)c1ccccc1,bitter,chemtastes_db,3-amino-4-oxo-4-(2-phenylpropylamino)butanoic acid
CC(C)(O)C1CC(=O)C2(C)C(CCC3(C)C(c4ccoc4)OC(=O)C4OC432)C12COC(=O)CC2O,CC(C)(O)C1CC(=O)C2(C)C(CCC3(C)C(c4ccoc4)OC(=O)C4OC432)C12COC(=O)CC2O,bitter,phytocompounds_db,"11-(furan-3-yl)-4'-hydroxy-5-(2-hydroxypropan-2-yl)-2,10-dimethylspiro[12,15-dioxatetracyclo[8.5.0.01,14.02,7]pentadecane-6,5'-oxane]-2',3,13-trione"
O=C1NC(Cc2ccccc2)C(=O)NC1CO,O=C1NC(Cc2ccccc2)C(=O)NC1CO,bitter,chemtastes_db,"3-benzyl-6-(hydroxymethyl)piperazine-2,5-dione"
CN1CCC23c4c5ccc(O)c4OC2C(O)C=CC3C1C5,CN1CCC23c4c5ccc(O)c4OC2C(O)C=CC3C1C5,bitter,phytocompounds_db,"3-methyl-2,4,4a,7,7a,13-hexahydro-1H-4,12-methanobenzofuro[3,2-e]isoquinoline-7,9-diol"
O=C(O)c1cc(C(=O)O)c(O)c(C(=O)O)c1,O=C(O)c1cc(C(=O)O)c(O)c(C(=O)O)c1,sour,IUPAC Dissocation Constants,"2-hydroxybenzene-1,3,5-tricarboxylic acid"
Nc1ccc(S(=O)(=O)c2ccc(N)cc2)cc1,Nc1ccc(S(=O)(=O)c2ccc(N)cc2)cc1,bitter,chemtastes_db,4-(4-aminophenyl)sulfonylaniline
O=C(O)CN(CC(=O)O)C(CO)C(=O)O,O=C(O)CN(CC(=O)O)C(CO)C(=O)O,sour,IUPAC Dissocation Constants,2-[bis(carboxymethyl)amino]-3-hydroxypropanoic acid
COc1ccc(CCCOC(=O)CCc2ccc(OC)c(OC)c2)cc1OC,COc1ccc(CCCOC(=O)CCc2ccc(OC)c(OC)c2)cc1OC,bitter,tas2r_agonists,"3-(3,4-dimethoxyphenyl)propyl 3-(3,4-dimethoxyphenyl)propanoate"
O=C(O)C1(O)CC(O)C(O)C(O)C1,O=C(O)C1(O)CC(O)C(O)C(O)C1,sour,phytocompounds_db,"1,3,4,5-tetrahydroxycyclohexane-1-carboxylic acid"
O=C(O)[C@@H]1C[C@@]1(C(=O)O)c1ccccc1,O=C(O)[C@@H]1C[C@@]1(C(=O)O)c1ccccc1,sour,IUPAC Dissocation Constants,"(1S,2R)-1-phenylcyclopropane-1,2-dicarboxylic acid"
O=C(O)c1cc([N+](=O)[O-])cs1,O=C(O)c1cc([N+](=O)[O-])cs1,sour,IUPAC Dissocation Constants,4-nitrothiophene-2-carboxylic acid
CCCCCC=CC(=O)O,CCCCCC=CC(=O)O,sour,flavor_db,oct-2-enoic acid
C=CCc1c(O)[nH]c(=O)[nH]c1=O,C=CCc1c(O)[nH]c(=O)[nH]c1=O,sour,IUPAC Dissocation Constants,"6-hydroxy-5-prop-2-enyl-1H-pyrimidine-2,4-dione"
CCCc1c[nH]c(=S)[nH]c1=O,CCCc1c[nH]c(=S)[nH]c1=O,bitter,chemtastes_db,5-propyl-2-sulfanylidene-1H-pyrimidin-4-one
COC1=CC(C)C2CC3OC(=O)CC4(O)C(C)C5OCOC5C(C2(C)C1=O)C34C,COC1=CC(C)C2CC3OC(=O)CC4(O)C(C)C5OCOC5C(C2(C)C1=O)C34C,bitter,phytocompounds_db,"8-hydroxy-17-methoxy-7,15,19,20-tetramethyl-3,5,11-trioxapentacyclo[10.7.1.02,6.08,20.014,19]icos-16-ene-10,18-dione"
O=c1cnc2c(=O)[nH]c(=O)[nH]c2[nH]1,O=c1cnc2c(=O)[nH]c(=O)[nH]c2[nH]1,sour,IUPAC Dissocation Constants,"1,8-dihydropteridine-2,4,7-trione"
C=C1C(=O)C23C(O)CC4C(C)(C)CCC(O)C4(C)C2CCC1C3O,C=C1C(=O)C23C(O)CC4C(C)(C)CCC(O)C4(C)C2CCC1C3O,bitter,phytocompounds_db,"2,8,16-trihydroxy-5,5,9-trimethyl-14-methylidenetetracyclo[11.2.1.01,10.04,9]hexadecan-15-one"
CC(CC(=O)O)(C(=O)O)c1ccc([N+](=O)[O-])cc1,CC(CC(=O)O)(C(=O)O)c1ccc([N+](=O)[O-])cc1,sour,IUPAC Dissocation Constants,2-methyl-2-(4-nitrophenyl)butanedioic acid
O=C(O)C(=O)O,O=C(O)C(=O)O,sour,chemtastes_db,oxalic acid
C=C(CC1OC2(O)C(C3CCC4C5(C)CCC(OC6OC(CO)C(O)C(O)C6O)C(C)(C)C5CCC4(C)C3(C)C2O)C1(C)O)C(C)C,C=C(CC1OC2(O)C(C3CCC4C5(C)CCC(OC6OC(CO)C(O)C(O)C6O)C(C)(C)C5CCC4(C)C3(C)C2O)C1(C)O)C(C)C,bitter,phytocompounds_db,"1,2,7,13,17,17-hexamethyl-6-(3-methyl-2-methylidenebutyl)-16-[3,4,5-trihydroxy-6-(hydroxymethyl)oxan-2-yl]oxy-5-oxapentacyclo[10.8.0.02,9.04,8.013,18]icosane-3,4,7-triol"
O=C(O)C1(O)CCCCCC1,O=C(O)C1(O)CCCCCC1,sour,IUPAC Dissocation Constants,1-hydroxycycloheptane-1-carboxylic acid
O=C(O)CN(CCN(CC(=O)O)Cc1ccccn1)Cc1ccccn1,O=C(O)CN(CCN(CC(=O)O)Cc1ccccn1)Cc1ccccn1,sour,IUPAC Dissocation Constants,2-[2-[carboxymethyl(pyridin-2-ylmethyl)amino]ethyl-(pyridin-2-ylmethyl)amino]acetic acid
COc1ccc2nc(S(=O)Cc3ncc(C)c(OC)c3C)[nH]c2c1,COc1ccc2nc([S+]([O-])Cc3ncc(C)c(OC)c3C)[nH]c2c1,bitter,chemtastes_db,"6-methoxy-2-[(4-methoxy-3,5-dimethylpyridin-2-yl)methylsulfinyl]-1H-benzimidazole"
O=C1CCC(C(=O)O)C1,O=C1CCC(C(=O)O)C1,sour,IUPAC Dissocation Constants,3-oxocyclopentane-1-carboxylic acid
S=C(S)NC1CCCCC1,S=C(S)NC1CCCCC1,sour,IUPAC Dissocation Constants,cyclohexylcarbamodithioic acid
CC1(C)OC1COc1c2ccoc2cc2oc(=O)ccc12,CC1(C)OC1COc1c2ccoc2cc2oc(=O)ccc12,bitter,phytocompounds_db,"4-[(3,3-dimethyloxiran-2-yl)methoxy]furo[3,2-g]chromen-7-one"
COC1=CC(C)C2CC3OC(=O)CC4(O)C(C)(O)C(OC)C(O)C(C2(C)C1=O)C34C,COC1=CC(C)C2CC3OC(=O)CC4(O)C(C)(O)C(OC)C(O)C(C2(C)C1=O)C34C,bitter,phytocompounds_db,"13,14,16-trihydroxy-4,15-dimethoxy-2,6,14,17-tetramethyl-10-oxatetracyclo[7.7.1.02,7.013,17]heptadec-4-ene-3,11-dione"
O=Cc1c[nH]nn1,O=Cc1c[nH]nn1,sour,IUPAC Dissocation Constants,2H-triazole-4-carbaldehyde
CCOC(=O)c1nc2cnc[nH]c-2nc1=O,CCOC(=O)c1nc2cnc[nH]c-2nc1=O,sour,IUPAC Dissocation Constants,ethyl 7-oxo-8H-pteridine-6-carboxylate
CC1(C)CCC2(C(=O)O)CCC3(C)C(=CCC4C5(C)CCC(OC6OC(C(=O)O)C(O)C(O)C6O)C(C)(C)C5CCC43C)C2C1,CC1(C)CCC2(C(=O)O)CCC3(C)C(=CCC4C5(C)CCC(OC6OC(C(=O)O)C(O)C(O)C6O)C(C)(C)C5CCC43C)C2C1,bitter,phytocompounds_db,"6-[(8a-carboxy-4,4,6a,6b,11,11,14b-heptamethyl-1,2,3,4a,5,6,7,8,9,10,12,12a,14,14a-tetradecahydropicen-3-yl)oxy]-3,4,5-trihydroxyoxane-2-carboxylic acid"
O=C(C=Cc1ccc(O)cc1)NCCc1ccc(O)cc1,O=C(C=Cc1ccc(O)cc1)NCCc1ccc(O)cc1,bitter,phytocompounds_db,3-(4-hydroxyphenyl)-N-[2-(4-hydroxyphenyl)ethyl]prop-2-enamide
CSc1ccc([Se]CC(=O)O)cc1,CSc1ccc([Se]CC(=O)O)cc1,sour,IUPAC Dissocation Constants,2-(4-methylsulfanylphenyl)selanylacetic acid
C=C=CC(=O)O,C=C=CC(=O)O,sour,IUPAC Dissocation Constants,but-3-enoate
Cc1cccc(C(O)S(=O)(=O)O)n1,Cc1cccc(C(O)S(=O)(=O)O)n1,sour,IUPAC Dissocation Constants,hydroxy-(6-methylpyridin-2-yl)methanesulfonic acid
CC1(C)CCC2(C(=O)OC3OCC(O)C(OC4OC(CO)C(O)C(O)C4O)C3O)CCC3(C)C(=CCC4C5(C)CCC(OC6OC(CO)C(O)C(O)C6O)C(C)(COC6OC(CO)C(O)C(O)C6O)C5CCC43C)C2C1,CC1(C)CCC2(C(=O)OC3OCC(O)C(OC4OC(CO)C(O)C(O)C4O)C3O)CCC3(C)C(=CCC4C5(C)CCC(OC6OC(CO)C(O)C(O)C6O)C(C)(COC6OC(CO)C(O)C(O)C6O)C5CCC43C)C2C1,bitter,phytocompounds_db,"[3,5-dihydroxy-4-[3,4,5-trihydroxy-6-(hydroxymethyl)oxan-2-yl]oxyoxan-2-yl] 2,2,6a,6b,9,12a-hexamethyl-10-[3,4,5-trihydroxy-6-(hydroxymethyl)oxan-2-yl]oxy-9-[[3,4,5-trihydroxy-6-(hydroxymethyl)oxan-2-yl]oxymethyl]-1,3,4,5,6,6a,7,8,8a,10,11,12,13,14b-tetradecahydropicene-4a-carboxylate"
CC1(C)C(CC(=O)O)CC1CC(=O)O,CC1(C)C(CC(=O)O)CC1CC(=O)O,sour,IUPAC Dissocation Constants,"2-[3-(carboxymethyl)-2,2-dimethylcyclobutyl]acetic acid"
CCCC(=O)CC(=O)NC1CCOC1=O,CCCC(=O)CC(=O)NC1CCOC1=O,bitter,chemtastes_db,3-oxo-N-(2-oxooxolan-3-yl)hexanamide
Cn1cnc2[nH]c(=O)cnc2c1=O,Cn1cnc2[nH]c(=O)cnc2c1=O,sour,IUPAC Dissocation Constants,"3-methyl-8H-pteridine-4,7-dione"
COc1ccc(C(=O)O)cc1O,COc1ccc(C(=O)O)cc1O,sour,IUPAC Dissocation Constants,3-hydroxy-4-methoxybenzoic acid
O=C1NS(=O)(=O)c2c1cccc2[N+](=O)[O-],O=C1NS(=O)(=O)c2c1cccc2[N+](=O)[O-],bitter,chemtastes_db,"7-nitro-1,1-dioxo-1,2-benzothiazol-3-one"
CCCCS(=O)O,CCCCS(=O)O,sour,IUPAC Dissocation Constants,butane-1-sulfinic acid
CC1CC(O)C(=O)C2(C)C1CC1OC(=O)CC3C(C)C(=O)C(O)C2C13C,CC1CC(O)C(=O)C2(C)C1CC1OC(=O)CC3C(C)C(=O)C(O)C2C13C,bitter,phytocompounds_db,"4,16-dihydroxy-2,6,14,17-tetramethyl-10-oxatetracyclo[7.7.1.02,7.013,17]heptadecane-3,11,15-trione"
Cc1nc2c([nH]c1=O)c(=O)[nH]c(=O)n2C,Cc1nc2c([nH]c1=O)c(=O)[nH]c(=O)n2C,sour,IUPAC Dissocation Constants,"1,7-dimethyl-5H-pteridine-2,4,6-trione"
CCC(C)C(=O)C1=C(O)C(CC=C(C)C)=C(O)C(CC=C(C)C)(CC=C(C)C)C1=O,CCC(C)C(=O)C1=C(O)C(CC=C(C)C)=C(O)C(CC=C(C)C)(CC=C(C)C)C1=O,bitter,chemtastes_db,"3,5-dihydroxy-2-(2-methylbutanoyl)-4,6,6-tris(3-methylbut-2-enyl)cyclohexa-2,4-dien-1-one"
CCC(C)(OC(C)=O)C(=O)OC1C(O)CC2C(C)(C3CC4C=COC4O3)C(C)CC(OC(C)=O)C2(COC(C)=O)C12CO2,CCC(C)(OC(C)=O)C(=O)OC1C(O)CC2C(C)(C3CC4C=COC4O3)C(C)CC(OC(C)=O)C2(COC(C)=O)C12CO2,bitter,phytocompounds_db,"[5-(3a,4,5,6a-tetrahydrofuro[2,3-b]furan-5-yl)-8-acetyloxy-8a-(acetyloxymethyl)-3-hydroxy-5,6-dimethylspiro[3,4,4a,6,7,8-hexahydro-2H-naphthalene-1,2'-oxirane]-2-yl] 2-acetyloxy-2-methylbutanoate"
COc1cc(C(=O)OC2C3C=COC(OC4OC(CO)C(O)C(O)C4O)C3C3(CO)OC23)ccc1O,COc1cc(C(=O)OC2C3C=COC(OC4OC(CO)C(O)C(O)C4O)C3C3(CO)OC23)ccc1O,bitter,tas2r_agonists,"[2-(hydroxymethyl)-10-[3,4,5-trihydroxy-6-(hydroxymethyl)oxan-2-yl]oxy-3,9-dioxatricyclo[4.4.0.02,4]dec-7-en-5-yl] 4-hydroxy-3-methoxybenzoate"
Cn1cnc([N+](=O)[O-])c1Sc1ncnc2nc[nH]c12,Cn1cnc([N+](=O)[O-])c1Sc1ncnc2nc[nH]c12,bitter,chemtastes_db,6-(3-methyl-5-nitroimidazol-4-yl)sulfanyl-7H-purine
CC1(C)C(=O)C(OC2OC(CO)C(O)C(O)C2O)CC2C1=CCC1C2(C)C(=O)CC2(C)C(C(C)(O)C(=O)CC(O)C(C)(C)O)C(O)CC12C,CC1(C)C(=O)C(OC2OC(CO)C(O)C(O)C2O)CC2C1=CCC1C2(C)C(=O)CC2(C)C(C(C)(O)C(=O)CC(O)C(C)(C)O)C(O)CC12C,bitter,phytocompounds_db,"16-hydroxy-4,4,9,13,14-pentamethyl-2-[3,4,5-trihydroxy-6-(hydroxymethyl)oxan-2-yl]oxy-17-(2,5,6-trihydroxy-6-methyl-3-oxoheptan-2-yl)-2,7,8,10,12,15,16,17-octahydro-1H-cyclopenta[a]phenanthrene-3,11-dione"
CCOC(=O)C(Cl)[N+](=O)[O-],CCOC(=O)C(Cl)[N+](=O)[O-],sour,IUPAC Dissocation Constants,ethyl 2-chloro-2-nitroacetate
O=[N+]([O-])c1cc(O)cc([N+](=O)[O-])c1,O=[N+]([O-])c1cc(O)cc([N+](=O)[O-])c1,sour,IUPAC Dissocation Constants,"3,5-dinitrophenol"
CCN1CC2(CO)CCC(OC)C34C5CC6C(OC)CC(O)(C5C6OC)C(O)(C(OC)C23)C14,CCN1CC2(CO)CCC(OC)C34C5CC6C(OC)CC(O)(C5C6OC)C(O)(C(OC)C23)C14,bitter,chemtastes_db,"11-ethyl-13-(hydroxymethyl)-4,6,16,18-tetramethoxy-11-azahexacyclo[7.7.2.12,5.01,10.03,8.013,17]nonadecane-8,9-diol"
O=C(O)CS(=O)c1ccc(F)cc1,O=C(O)C[S+]([O-])c1ccc(F)cc1,sour,IUPAC Dissocation Constants,2-(4-fluorophenyl)sulfinylacetic acid
c1ccncc1,c1ccncc1,bitter,chemtastes_db,pyridine
O=C(O)c1cccnc1Nc1cccc(C(F)(F)F)c1,O=C(O)c1cccnc1Nc1cccc(C(F)(F)F)c1,bitter,chemtastes_db,2-[3-(trifluoromethyl)anilino]pyridine-3-carboxylic acid
CC1=C(C=O)C(C)(C)CC(OC2OC(CO)C(O)C(O)C2O)C1,CC1=C(C=O)C(C)(C)CC(OC2OC(CO)C(O)C(O)C2O)C1,bitter,chemtastes_db,"2,6,6-trimethyl-4-[3,4,5-trihydroxy-6-(hydroxymethyl)oxan-2-yl]oxycyclohexene-1-carbaldehyde"
O=C(O)CSc1ccc(Cl)cc1,O=C(O)CSc1ccc(Cl)cc1,sour,IUPAC Dissocation Constants,2-(4-chlorophenyl)sulfanylacetic acid
COc1cc(-c2cc(=O)c3c(O)c(OC)c(OC)c(OC)c3o2)cc(OC)c1OC,COc1cc(-c2cc(=O)c3c(O)c(OC)c(OC)c(OC)c3o2)cc(OC)c1OC,bitter,phytocompounds_db,"5-hydroxy-6,7,8-trimethoxy-2-(3,4,5-trimethoxyphenyl)chromen-4-one"
C=C1C(=O)C23C(O)CC4C(C)(C)CC(O)CC4(C)C2CCC1C3O,C=C1C(=O)C23C(O)CC4C(C)(C)CC(O)CC4(C)C2CCC1C3O,bitter,phytocompounds_db,"2,7,16-trihydroxy-5,5,9-trimethyl-14-methylidenetetracyclo[11.2.1.01,10.04,9]hexadecan-15-one"
O=[N+]([O-])c1ccc(O)c(Cl)c1,O=[N+]([O-])c1ccc(O)c(Cl)c1,sour,IUPAC Dissocation Constants,2-chloro-4-nitrophenol
Cn1c(N)nc(=O)c2nccnc21,Cn1c(N)nc(=O)c2nccnc21,sour,IUPAC Dissocation Constants,2-amino-1-methylpteridin-4-one
COC(=O)CC1C2(C)C3=C(C)C(C4=CC(O)OC4=O)CC3OC2C(O)C2C(C)(C(=O)OC)C=CC(=O)C21C,COC(=O)CC1C2(C)C3=C(C)C(C4=CC(O)OC4=O)CC3OC2C(O)C2C(C)(C(=O)OC)C=CC(=O)C21C,bitter,phytocompounds_db,"methyl 2-hydroxy-13-(2-hydroxy-5-oxo-2H-furan-4-yl)-9-(2-methoxy-2-oxoethyl)-4,8,10,12-tetramethyl-7-oxo-16-oxatetracyclo[8.6.0.03,8.011,15]hexadeca-5,11-diene-4-carboxylate"
O=C(O)c1cccc(C(=O)O)c1C(=O)O,O=C(O)c1cccc(C(=O)O)c1C(=O)O,sour,IUPAC Dissocation Constants,"benzene-1,2,3-tricarboxylic acid"
O=C(C=Cc1ccc(O)c(O)c1)Nc1ccccc1C(=O)O,O=C(C=Cc1ccc(O)c(O)c1)Nc1ccccc1C(=O)O,bitter,chemtastes_db,"2-[3-(3,4-dihydroxyphenyl)prop-2-enoylamino]benzoic acid"
CCOC(=O)CC(=O)O,CCOC(=O)CC(=O)O,sour,IUPAC Dissocation Constants,3-ethoxy-3-oxopropanoic acid
O=C1OCC2OC(=O)c3cc(O)c(O)c(O)c3-c3c(O)c(O)c(O)c4c3C(=O)OC(C2OC(=O)c2cc(O)c(O)c(O)c2-c2c1cc(O)c(O)c2O)C1OC(=O)c2c-4c(O)c(O)c(O)c2C1c1c(O)c(O)c(O)c2c1C(=O)OCC1OC(=O)c3cc(O)c(O)c(O)c3-c3c(O)c(O)c(O)c4c3C(=O)OC(C1OC(=O)c1cc(O)c(O)c(O)c1-2)C1OC(=O)c2c-4c(O)c(O)c(O)c2C1C1(O)OCC(O)C(O)C1O,O=C1OCC2OC(=O)c3cc(O)c(O)c(O)c3-c3c(O)c(O)c(O)c4c3C(=O)OC(C2OC(=O)c2cc(O)c(O)c(O)c2-c2c1cc(O)c(O)c2O)C1OC(=O)c2c-4c(O)c(O)c(O)c2C1c1c(O)c(O)c(O)c2c1C(=O)OCC1OC(=O)c3cc(O)c(O)c(O)c3-c3c(O)c(O)c(O)c4c3C(=O)OC(C1OC(=O)c1cc(O)c(O)c(O)c1-2)C1OC(=O)c2c-4c(O)c(O)c(O)c2C1C1(O)OCC(O)C(O)C1O,bitter,phytocompounds_db,"7,8,9,12,13,14,25,26,27,30,31,32,35,36,37-pentadecahydroxy-15-(7,8,9,12,13,14,25,26,27,30,31,32,35,36,37-pentadecahydroxy-4,17,22,40,44-pentaoxo-3,18,21,41,43-pentaoxanonacyclo[27.13.3.138,42.02,20.05,10.011,16.023,28.033,45.034,39]hexatetraconta-5,7,9,11,13,15,23,25,27,29(45),30,32,34(39),35,37-pentadecaen-46-yl)-46-(2,3,4,5-tetrahydroxyoxan-2-yl)-3,18,21,41,43-pentaoxanonacyclo[27.13.3.138,42.02,20.05,10.011,16.023,28.033,45.034,39]hexatetraconta-5,7,9,11(16),12,14,23,25,27,29(45),30,32,34(39),35,37-pentadecaene-4,17,22,40,44-pentone"
COc1cc(C(=O)O)cc(OC)c1O,COc1cc(C(=O)O)cc(OC)c1O,sour,phytocompounds_db,"4-hydroxy-3,5-dimethoxybenzoic acid"
O=[N+]([O-])C(CCCC(Cl)(Cl)Cl)[N+](=O)[O-],O=[N+]([O-])C(CCCC(Cl)(Cl)Cl)[N+](=O)[O-],sour,IUPAC Dissocation Constants,"1,1,1-trichloro-5,5-dinitropentane"
O=C(O)C12CCC(C(=O)O)(CC1)C2,O=C(O)C12CCC(C(=O)O)(CC1)C2,sour,IUPAC Dissocation Constants,"bicyclo[2.2.1]heptane-1,4-dicarboxylic acid"
CC1(O)CC(N2CCCC2)=C(N2CCCC2)C1=O,CC1(O)CC(N2CCCC2)=C(N2CCCC2)C1=O,bitter,chemtastes_db,"5-hydroxy-5-methyl-2,3-dipyrrolidin-1-ylcyclopent-2-en-1-one"
CCOC(=O)CC(O)(CC(=O)OCC)C(=O)OCC,CCOC(=O)CC(O)(CC(=O)OCC)C(=O)OCC,bitter,chemtastes_db,"triethyl 2-hydroxypropane-1,2,3-tricarboxylate"
Cn1c(N)nc2nc(C(F)(F)F)[nH]c2c1=O,Cn1c(N)nc2nc(C(F)(F)F)[nH]c2c1=O,sour,IUPAC Dissocation Constants,2-amino-1-methyl-8-(trifluoromethyl)-7H-purin-6-one
COc1cc2c(cc1O)C(Cc1ccc(OC)c(OC)c1)N(C)CC2,COc1cc2c(cc1O)C(Cc1ccc(OC)c(OC)c1)N(C)CC2,bitter,chemtastes_db,"1-[(3,4-dimethoxyphenyl)methyl]-6-methoxy-2-methyl-3,4-dihydro-1H-isoquinolin-7-ol"
CC(C(=O)O)N(CC(=O)O)CC(=O)O,CC(C(=O)O)N(CC(=O)O)CC(=O)O,sour,IUPAC Dissocation Constants,2-[bis(carboxymethyl)amino]propanoic acid
O=C(O)c1cc(O)c2ccccc2c1,O=C(O)c1cc(O)c2ccccc2c1,sour,IUPAC Dissocation Constants,4-hydroxynaphthalene-2-carboxylic acid
CN(C)C(=O)OCC(=O)O,CN(C)C(=O)OCC(=O)O,sour,IUPAC Dissocation Constants,2-(dimethylcarbamoyloxy)acetic acid
Cn1nc2nc(S(C)(=O)=O)[nH]c(=O)c2n1,Cn1nc2nc(S(C)(=O)=O)[nH]c(=O)c2n1,sour,IUPAC Dissocation Constants,"2-methyl-5-methylsulfonyl-6H-triazolo[4,5-d]pyrimidin-7-one"
COC(=O)C1C(O)CCC2CN3CCc4c([nH]c5ccccc45)C3CC21,COC(=O)C1C(O)CCC2CN3CCc4c([nH]c5ccccc45)C3CC21,bitter,chemtastes_db,"methyl 18-hydroxy-1,3,11,12,14,15,16,17,18,19,20,21-dodecahydroyohimban-19-carboxylate"
O=C(O)CSc1ccc(Br)cc1,O=C(O)CSc1ccc(Br)cc1,sour,IUPAC Dissocation Constants,2-(4-bromophenyl)sulfanylacetic acid
CC(I)C1OCC(CO)O1,CC(I)C1OCC(CO)O1,bitter,chemtastes_db,"[2-(1-iodoethyl)-1,3-dioxolan-4-yl]methanol"
Cc1ccc(SCC(=O)O)cc1,Cc1ccc(SCC(=O)O)cc1,sour,IUPAC Dissocation Constants,2-(4-methylphenyl)sulfanylacetic acid
CC(C)(O)CCC(=O)C(C)(O)C1C(O)CC2(C)C3CC=C4C(C=C(OC5OC(CO)C(O)C(O)C5O)C(=O)C4(C)C)C3(C)C(=O)CC12C,CC(C)(O)CCC(=O)C(C)(O)C1C(O)CC2(C)C3CC=C4C(C=C(OC5OC(CO)C(O)C(O)C5O)C(=O)C4(C)C)C3(C)C(=O)CC12C,bitter,phytocompounds_db,"17-(2,6-dihydroxy-6-methyl-3-oxoheptan-2-yl)-16-hydroxy-4,4,9,13,14-pentamethyl-2-[3,4,5-trihydroxy-6-(hydroxymethyl)oxan-2-yl]oxy-8,10,12,15,16,17-hexahydro-7H-cyclopenta[a]phenanthrene-3,11-dione"
O=c1cn[nH]c(=S)[nH]1,O=c1cn[nH]c(=S)[nH]1,sour,IUPAC Dissocation Constants,"3-sulfanylidene-2H-1,2,4-triazin-5-one"
COc1ccc(COC(=O)c2ccccc2)cc1O,COc1ccc(COC(=O)c2ccccc2)cc1O,bitter,chemtastes_db,(3-hydroxy-4-methoxyphenyl)methyl benzoate
O=C(O)c1ccc[nH]1,O=C(O)c1ccc[nH]1,sour,IUPAC Dissocation Constants,1H-pyrrole-2-carboxylic acid
OCC1=CC(O)C2C=COC(OC3OC(CO)C(O)C(O)C3O)C12,OCC1=CC(O)C2C=COC(OC3OC(CO)C(O)C(O)C3O)C12,bitter,phytocompounds_db,"2-[[5-hydroxy-7-(hydroxymethyl)-1,4a,5,7a-tetrahydrocyclopenta[c]pyran-1-yl]oxy]-6-(hydroxymethyl)oxane-3,4,5-triol"
CC(C)=CCc1c(O)cc(O)c2c(=O)c(O)c(-c3ccc(O)cc3)oc12,CC(C)=CCc1c(O)cc(O)c2c(=O)c(O)c(-c3ccc(O)cc3)oc12,bitter,phytocompounds_db,"3,5,7-trihydroxy-2-(4-hydroxyphenyl)-8-(3-methylbut-2-enyl)chromen-4-one"
O=C(O)c1cc(Br)c[se]1,O=C(O)c1cc(Br)c[se]1,sour,IUPAC Dissocation Constants,4-bromoselenophene-2-carboxylic acid
CC1=CC(O)C(O)C2(C)C1CC1OC(=O)C(O)C3C(C)C(O)C4(O)OCC13C42,CC1=CC(O)C(O)C2(C)C1CC1OC(=O)C(O)C3C(C)C(O)C4(O)OCC13C42,bitter,phytocompounds_db,"4,5,8,16,17-pentahydroxy-6,14,18-trimethyl-3,10-dioxapentacyclo[9.8.0.01,7.04,19.013,18]nonadec-14-en-9-one"
CCC(CC(=O)O)(CC(=O)O)c1ccccc1,CCC(CC(=O)O)(CC(=O)O)c1ccccc1,sour,IUPAC Dissocation Constants,3-ethyl-3-phenylpentanedioic acid
C=C1C(=O)OC2C3C(COC(=O)Cc4ccc(O)cc4)=CC(=O)C3=C(C)CC(O)C12,C=C1C(=O)OC2C3C(COC(=O)Cc4ccc(O)cc4)=CC(=O)C3=C(C)CC(O)C12,bitter,chemtastes_db,"(4-hydroxy-6-methyl-3-methylidene-2,7-dioxo-4,5,9a,9b-tetrahydro-3aH-azuleno[8,7-b]furan-9-yl)methyl 2-(4-hydroxyphenyl)acetate"
O=C(O)c1c[nH]nn1,O=C(O)c1c[nH]nn1,sour,IUPAC Dissocation Constants,2H-triazole-4-carboxylic acid
CCCCC(O)CC,CCCCC(O)CC,bitter,chemtastes_db,heptan-3-ol
Nc1ccc(C(=O)O)c(O)c1,Nc1ccc(C(=O)O)c(O)c1,sour,IUPAC Dissocation Constants,4-amino-2-hydroxybenzoic acid
O=c1cc(O)cc(O)[nH]1,O=c1cc(O)cc(O)[nH]1,sour,IUPAC Dissocation Constants,"4,6-dihydroxy-1H-pyridin-2-one"
CCC1=C(C)CN(C(=O)NCCc2ccc(S(=O)(=O)NC(=O)NC3CCC(C)CC3)cc2)C1=O,CCC1=C(C)CN(C(=O)NCCc2ccc(S(=O)(=O)NC(=O)NC3CCC(C)CC3)cc2)C1=O,bitter,chemtastes_db,4-ethyl-3-methyl-N-[2-[4-[(4-methylcyclohexyl)carbamoylsulfamoyl]phenyl]ethyl]-5-oxo-2H-pyrrole-1-carboxamide
CC1C(=CC(=O)OCCN(C)C)CCC2C1C(=O)CC1C(C)(C)C(OC(=O)CC(C)(C)O)CCC21C,CC1C(=CC(=O)OCCN(C)C)CCC2C1C(=O)CC1C(C)(C)C(OC(=O)CC(C)(C)O)CCC21C,bitter,phytocompounds_db,"[7-[2-[2-(dimethylamino)ethoxy]-2-oxoethylidene]-1,1,4a,8-tetramethyl-9-oxo-2,3,4,4b,5,6,8,8a,10,10a-decahydrophenanthren-2-yl] 3-hydroxy-3-methylbutanoate"
O=S(=O)(O)C(O)c1ccccn1,O=S(=O)(O)C(O)c1ccccn1,sour,IUPAC Dissocation Constants,hydroxy(pyridin-2-yl)methanesulfonic acid
COc1ccccc1C(=O)O,COc1ccccc1C(=O)O,sour,IUPAC Dissocation Constants,2-methoxybenzoic acid
